company_id,company_name,industry,size_range,hq_location
1,IBM,IT Services and IT Consulting,1000+,"Armonk, New York, NY, US"
2,GE HealthCare,Hospitals and Health Care,1000+,"Chicago, 0, US"
3,Hewlett Packard Enterprise,IT Services and IT Consulting,1000+,"Houston, Texas, US"
4,Oracle,IT Services and IT Consulting,1000+,"Austin, Texas, US"
5,Accenture,Business Consulting and Services,1000+,"Dublin 2, 0, IE"
6,Microsoft,Software Development,1000+,"Redmond, Washington, US"
7,Deloitte,Business Consulting and Services,1000+,"Worldwide, 0, OO"
8,Siemens,Automation Machinery Manufacturing,1000+,"Munich, 0, DE"
9,PwC,IT Services and IT Consulting,1000+,"0, 0, GB"
10,AT&T,Telecommunications,1000+,"Dallas, TX, US"
11,Intel Corporation,Semiconductor Manufacturing,1000+,"Santa Clara, California, US"
12,Cisco,Software Development,1000+,"San Jose, CA, US"
13,Motorola Mobility (a Lenovo Company),Computers and Electronics Manufacturing,501-1000,"Chicago, Illinois, US"
14,JPMorgan Chase & Co.,Financial Services,1000+,"New York, NY, US"
15,EY,IT Services and IT Consulting,1000+,"London, 0, GB"
16,KPMG US,Financial Services,1000+,"New York, NY, US"
17,NXP Semiconductors,Semiconductor Manufacturing,1000+,"Eindhoven, Noord-Brabant, NL"
18,Verizon,IT Services and IT Consulting,1000+,"Basking Ridge, NJ, US"
19,SAP,Software Development,1000+,"Walldorf, BW, DE"
20,Procter & Gamble,Manufacturing,1000+,"Cincinnati, Ohio, US"
21,Bank of America,Banking,1000+,"Charlotte, NC, US"
22,Elite Technology,Software Development,201-500,"New York, NY, US"
23,BT Group,Telecommunications,1000+,"London, 0, GB"
24,Pfizer,Pharmaceutical Manufacturing,1000+,"New York, New York, US"
25,Johnson & Johnson,Hospitals and Health Care,1000+,"New Brunswick, NJ, US"
26,UBS,Financial Services,1000+,"Zurich, 0, CH"
27,US Army Corps of Engineers,Armed Forces,1000+,"Washington, DC, US"
28,Wells Fargo,Financial Services,1000+,"San Francisco, California, US"
29,Unilever,Manufacturing,1000+,"Blackfriars, London, GB"
30,Sony,Entertainment Providers,1000+,"Tokyo, 0, JP"
31,Sony Electronics,Computers and Electronics Manufacturing,1000+,"San Diego - US | Tokyo - JP, 0, US"
32,Sony Pictures Entertainment,Entertainment Providers,501-1000,"Culver City, CA, US"
33,Atos,IT Services and IT Consulting,1000+,"95877 Bezons, 0, FR"
34,Deutsche Bank,Financial Services,1000+,"Frankfurt am Main, Hessen, DE"
35,DWS Group,Financial Services,501-1000,"Frankfurt am Main, Hessen, DE"
36,Chubb,Insurance,1000+,"0, 0, CH"
37,Shell,Oil and Gas,1000+,"London, England, GB"
38,American Express,Financial Services,1000+,"New York, NY, US"
39,Unisys,IT Services and IT Consulting,1000+,"Blue Bell, Pennsylvania, US"
40,Infosys,IT Services and IT Consulting,1000+,"Bangalore, Karnataka, IN"
41,Yahoo,Software Development,1000+,"Sunnyvale, CA, US"
42,The Walt Disney Company,Entertainment Providers,1000+,"Burbank, CA, US"
43,Fidelity Investments,Financial Services,1000+,"Boston, MA, US"
44,Wipro,IT Services and IT Consulting,1000+,"Bangalore, Karnataka, IN"
45,LinkedIn,Software Development,1000+,"Sunnyvale, CA, US"
46,Air Force Research Laboratory,Armed Forces,501-1000,"Wright-Patterson AFB, OH, US"
47,Honeywell,"Appliances, Electrical, and Electronics Manufacturing",1000+,"Charlotte, North Carolina, US"
48,Tata Consultancy Services,IT Services and IT Consulting,1000+,"Mumbai, Maharashtra, IN"
49,National Security Agency,Defense and Space Manufacturing,1000+,"Ft. Meade, MD, US"
50,McKinsey & Company,Business Consulting and Services,1000+,"0, 0, US"
51,Xerox,Business Consulting and Services,1000+,"Norwalk, Connecticut, US"
52,Fujitsu Network Communications,Telecommunications,501-1000,"Richardson, Texas, US"
53,Goldman Sachs,Financial Services,1000+,"New York, New York, US"
54,Boeing,Aviation and Aerospace Component Manufacturing,1000+,"Arlington, VA, US"
55,bp,Oil and Gas,1000+,"London, England, GB"
56,T-Mobile,Telecommunications,1000+,"Bellevue, WA, US"
57,Nestlé,Food and Beverage Services,1000+,"Vevey, 0, CH"
58,GSK,Pharmaceutical Manufacturing,1000+,"Brentford, Middlesex, GB"
59,Booz Allen Hamilton,IT Services and IT Consulting,1000+,"McLean, VA, US"
60,Novartis,Pharmaceutical Manufacturing,1000+,"Basel, Baselstadt, CH"
61,Northrop Grumman,Defense and Space Manufacturing,1000+,"Falls Church, VA, US"
62,CGI,IT Services and IT Consulting,1000+,"Montreal, Quebec, CA"
63,Capital One,Financial Services,1000+,"McLean, Va, US"
64,Barclays,Financial Services,1000+,"London, 0, GB"
65,PepsiCo,Food and Beverage Services,1000+,"Purchase, New York, US"
66,Google,Software Development,1000+,"Mountain View, CA, US"
67,Electronic Arts (EA),Entertainment Providers,1000+,"Redwood City, CA, US"
68,SUSE,Software Development,501-1000,"Nürnberg, 0, DE"
69,ADP,Human Resources Services,1000+,"Roseland, New Jersey, US"
70,CDK Global,Software Development,501-1000,"Austin, Texas, US"
71,Teradata,Software Development,1000+,"San Diego, California, US"
72,SLB,Software Development,1000+,"Houston, Texas, US"
73,General Motors,Motor Vehicle Manufacturing,1000+,"Detroit, Michigan, US"
74,Ally,Financial Services,1000+,"Detroit, MI, US"
75,eBay,Software Development,1000+,"San Jose, CA, US"
76,PayPal,Software Development,1000+,"San Jose, CA, US"
77,Ford Motor Company,Motor Vehicle Manufacturing,1000+,"Dearborn, Michigan, US"
78,Merck,Pharmaceutical Manufacturing,1000+,"Rahway, New Jersey, US"
79,SAS,Software Development,1000+,"Cary, NC, US"
80,Avaya,IT Services and IT Consulting,501-1000,"Morristown, New Jersey, US"
81,AMD,Semiconductor Manufacturing,1000+,"Santa Clara, California, US"
82,MIT Lincoln Laboratory,Defense and Space Manufacturing,501-1000,"Lexington, MA, US"
83,Raytheon,Defense and Space Manufacturing,1000+,"Arlington, VA, US"
84,BNP Paribas,Banking,1000+,"Paris, 0, FR"
85,Mondelēz International,Food and Beverage Manufacturing,1000+,"Greater Chicago Area, IL, US"
86,Eastman Kodak Company,Manufacturing,501-1000,"Rochester, NY, US"
87,Carestream,Medical Equipment Manufacturing,501-1000,"Rochester, NY, US"
88,UPS,Truck Transportation,1000+,"Atlanta, GA, US"
89,Agilent Technologies,Biotechnology Research,1000+,"Santa Clara, CA, US"
90,The Home Depot,Retail,1000+,"Atlanta, Georgia, US"
91,Amdocs,Software Development,1000+,"Chesterfield, MO, US"
92,Mars,Manufacturing,1000+,"McLean, Virginia, US"
93,Amazon,Software Development,1000+,"Seattle, WA, US"
94,BMC Software,IT Services and IT Consulting,501-1000,"Houston, Texas, US"
95,Roche,Biotechnology Research,1000+,"Switzerland 🇨🇭, 0, CH"
96,AstraZeneca,Pharmaceutical Manufacturing,1000+,"Cambridge, Cambridgeshire, GB"
97,Abbott,Hospitals and Health Care,1000+,"Abbott Park, Illinois, US"
98,SAIC,IT Services and IT Consulting,1000+,"Reston, VA, US"
99,Dignity Health,Hospitals and Health Care,1000+,"San Francisco, CA, US"
100,Owens & Minor,Hospitals and Health Care,1000+,"Mechanicsville, VA, US"
101,Stanford Children's Health | Lucile Packard Children's Hospital Stanford,Hospitals and Health Care,501-1000,"Palo Alto, CA, US"
102,Boston Scientific,Medical Equipment Manufacturing,1000+,"Marlborough, MA, US"
103,Sanofi,Pharmaceutical Manufacturing,1000+,"Paris, France, FR"
104,Harvard Medical School,Higher Education,1000+,"Boston, ma, US"
105,Harvard University,Higher Education,1000+,"Cambridge, Massachusetts, US"
106,Harvard Law School,Higher Education,501-1000,"Cambridge, MA, US"
107,Dana-Farber Cancer Institute,Hospitals and Health Care,501-1000,"Boston, MA, US"
108,Boston Children's Hospital,Hospitals and Health Care,1000+,"Boston, MA, US"
109,Beth Israel Deaconess Medical Center,Hospitals and Health Care,501-1000,"Boston, MA, US"
110,L'Oréal,Personal Care Product Manufacturing,1000+,"Paris, 0, FR"
111,Eli Lilly and Company,Pharmaceutical Manufacturing,1000+,"Indianapolis, Indiana, US"
112,Intuit,Software Development,1000+,"Mountain View, California, US"
113,FedEx Ground,Freight and Package Transportation,1000+,"Coraopolis, Pennsylvania, US"
114,Ogilvy,Advertising Services,1000+,"New York, NY, US"
115,Gap Inc.,Retail,1000+,"San Francisco, California, US"
116,Banana Republic,Retail,1000+,"San Francisco, CA, US"
117,Robert Half,Staffing and Recruiting,1000+,"Menlo Park, CA, US"
118,ExxonMobil,Oil and Gas,201-500,"0, 0, US"
119,Societe Generale,Banking,1000+,"Paris, 0, FR"
120,The Coca-Cola Company,Food and Beverage Services,1000+,"Atlanta, GA, US"
121,Comcast,Telecommunications,1000+,"Philadelphia, PA, US"
122,Nielsen,Software Development,1000+,"New York, NY, US"
123,HCLTech,IT Services and IT Consulting,1000+,"Noida, Uttar Pradesh, IN"
124,BBC,Broadcast Media Production and Distribution,1000+,"London, England, GB"
125,State Street,Financial Services,1000+,"Boston, Massachusetts, US"
126,Bristol Myers Squibb,Pharmaceutical Manufacturing,1000+,"Lawrence Township, NJ, US"
127,Boston Consulting Group (BCG),Business Consulting and Services,1000+,"Boston, Massachusetts, US"
128,SLAC National Accelerator Laboratory,Research Services,501-1000,"Menlo Park, California, US"
129,Stanford University,Higher Education,1000+,"Stanford, CA, US"
130,ManpowerGroup,Staffing and Recruiting,1000+,"Milwaukee, Wisconsin, US"
131,RBC,Banking,1000+,"Toronto, Ontario, CA"
132,TotalEnergies,Oil and Gas,1000+,"Paris La Défense Cedex, 0, FR"
133,NBC News,Broadcast Media Production and Distribution,1000+,"New York, NY, US"
134,NBCUniversal,Entertainment Providers,1000+,"New York City, NY, US"
135,CNBC,Broadcast Media Production and Distribution,201-500,"Englewood Cliffs, NJ, US"
136,Allstate,Insurance,1000+,"Northbrook, IL, US"
137,Medtronic,Medical Equipment Manufacturing,1000+,"Minneapolis, MN, US"
138,Prudential Financial,Financial Services,1000+,"Newark, New Jersey, US"
139,Charles Schwab,Financial Services,1000+,"Westlake, Texas, US"
140,3M,Industrial Machinery Manufacturing,1000+,"St Paul, MN, US"
141,Capco Energy Solutions,IT Services and IT Consulting,501-1000,"Houston, TX, US"
142,Marsh,Insurance,1000+,"New York, New York, US"
143,Autodesk,Software Development,1000+,"San Francisco, CA, US"
144,"BAE Systems, Inc.",Defense and Space Manufacturing,1000+,"Falls Church, Virginia, US"
145,Nickelodeon,Broadcast Media Production and Distribution,11-50,"Los Angeles, CA, US"
146,Bayer,Chemical Manufacturing,1000+,"Leverkusen, North Rhine-Westphalia, DE"
147,General Dynamics Information Technology,IT Services and IT Consulting,1000+,"Falls Church, Virginia, US"
148,General Dynamics Land Systems,Defense and Space Manufacturing,501-1000,"0, 0, US"
149,General Dynamics Mission Systems,Defense and Space Manufacturing,1000+,"Fairfax, VA, US"
150,Philip Morris International,Tobacco Manufacturing,1000+,"Lausanne, 0, CH"
151,McCann Worldgroup,Advertising Services,1000+,"New York, NY, US"
152,MRM,Advertising Services,501-1000,"New York, NY, US"
153,UM Worldwide,Advertising Services,501-1000,"New York, NY, US"
154,The Adecco Group,Human Resources Services,1000+,"Zurich, Zurich, CH"
155,PTC,Software Development,501-1000,"Boston, Massachusetts, US"
156,Thales,IT Services and IT Consulting,1000+,"Meudon, Île-de-France, FR"
157,Sogeti,IT Services and IT Consulting,1000+,"Paris, Paris -  Issy-les-Moulineaux, FR"
158,Mavenir,Software Development,501-1000,"Richardson, Texas, US"
159,NASA - National Aeronautics and Space Administration,Aviation and Aerospace Component Manufacturing,1000+,"Washington, DC, US"
160,Qualcomm,Telecommunications,1000+,"San Diego, CA, US"
161,Applied Materials,Semiconductor Manufacturing,1000+,"Santa Clara, CA, US"
162,Western Union,Financial Services,501-1000,"Denver, CO, US"
163,Nike,Retail,1000+,"Beaverton, OR, US"
164,Spectrum Enterprise,Telecommunications,1000+,"Stamford, CT, US"
165,Coldwell Banker Realty,Real Estate,501-1000,"Madison, NJ, US"
166,Aon,Financial Services,1000+,"London, 0, GB"
167,CNN,Broadcast Media Production and Distribution,501-1000,"Atlanta, 0, US"
168,TE Connectivity,"Appliances, Electrical, and Electronics Manufacturing",1000+,"Schaffhausen, 0, CH"
169,Amgen,Biotechnology Research,1000+,"Thousand Oaks, CA, US"
170,Gartner,Information Services,1000+,"Stamford, CT, US"
171,Volvo Group,Motor Vehicle Manufacturing,1000+,"Göteborg, 0, SE"
172,Volvo Penta,Industrial Machinery Manufacturing,501-1000,"Gothenburg, VGR, SE"
173,Mack Trucks,Truck Transportation,501-1000,"Greensboro, NC, US"
174,Volvo Construction Equipment,Machinery Manufacturing,1000+,"Eskilstuna, 0, SE"
175,NetApp,Software Development,1000+,"San Jose, California, US"
176,Toyota North America,Motor Vehicle Manufacturing,1000+,"Plano, TX, US"
177,Bain & Company,Business Consulting and Services,1000+,"Boston, MA, US"
178,Avis Budget Group,Travel Arrangements,1000+,"Parsippany, NJ, US"
179,Best Buy,Retail,1000+,"Richfield, Minnesota, US"
180,Pearson,Higher Education,1000+,"London, 0, GB"
181,Infineon Technologies,Semiconductor Manufacturing,1000+,"Neubiberg, München, 0, DE"
182,TEKsystems,IT Services and IT Consulting,1000+,"Hanover, MD, US"
183,Allegis Group,Staffing and Recruiting,1000+,"Hanover, Maryland, US"
184,DuPont,Manufacturing,1000+,"Wilmington, DE, US"
185,Cadence Design Systems,Software Development,1000+,"San Jose, California, US"
186,Cardinal Health,Hospitals and Health Care,1000+,"Dublin, OH, US"
187,"Department for Transport (DfT), United Kingdom",Government Administration,1000+,"London, 0, GB"
188,Chevron,Oil and Gas,1000+,"San Ramon, CA, US"
189,Canon Solutions America,IT Services and IT Consulting,501-1000,"Melville, NY, US"
190,Bosch Security and Safety Systems,"Appliances, Electrical, and Electronics Manufacturing",1000+,"Grasbrunn, DE, DE"
191,LexisNexis,IT Services and IT Consulting,1000+,"New York City, NY, US"
192,MetLife,Insurance,1000+,"New York, NY, US"
193,Halliburton,Oil and Gas,1000+,"Houston, Texas, US"
194,"KBR, Inc.",IT Services and IT Consulting,1000+,"Houston, Texas, US"
195,"Keller Williams Realty, Inc.",Real Estate,1000+,"Austin, TX, US"
196,Novo Nordisk,Pharmaceutical Manufacturing,1000+,"Bagsværd, 0, DK"
197,Danone,Food and Beverage Manufacturing,1000+,"Paris, 0, FR"
198,Johnson Controls,Industrial Machinery Manufacturing,1000+,"Cork, Ireland, IE"
199,Victoria’s Secret & Co.,Retail,1000+,"Columbus, Ohio, US"
200,Bath & Body Works,Retail,1000+,"Columbus, Ohio, US"
201,Spherion,Staffing and Recruiting,1000+,"Atlanta, Georgia, US"
202,Starbucks,Retail,1000+,"Seattle, WA, US"
203,Delta Air Lines,Airlines and Aviation,1000+,"Atlanta, Georgia, US"
204,Genentech,Biotechnology Research,1000+,"South San Francisco, California, US"
205,Flex,"Appliances, Electrical, and Electronics Manufacturing",1000+,"Austin, Texas, US"
206,The Wall Street Journal,Newspaper Publishing,501-1000,"New York, NY, US"
207,Dow Jones,Online Audio and Video Media,501-1000,"New York, NY, US"
208,Insight,IT Services and IT Consulting,1000+,"Chandler, Arizona, US"
209,Kelly,Staffing and Recruiting,1000+,"Troy, Michigan, US"
210,Marriott International,Hospitality,1000+,"Bethesda, MD, US"
211,CBRE,Real Estate,1000+,"Dallas, TX, US"
212,Randstad,Human Resources Services,1000+,"Diemen, Noord-Holland, NL"
213,Schneider Electric,Automation Machinery Manufacturing,1000+,"Rueil Malmaison, Paris, FR"
214,Baxter International Inc.,Medical Equipment Manufacturing,1000+,"Deerfield, Illinois, US"
215,State Farm,Insurance,1000+,"Bloomington, Illinois, US"
216,Dun & Bradstreet,Information Services,501-1000,"Jacksonville, FL, US"
217,Mercer,IT Services and IT Consulting,1000+,"New York, NY, US"
218,Pratt & Whitney,Aviation and Aerospace Component Manufacturing,1000+,"East Hartford, CT, US"
219,Carrier HVAC,Industrial Machinery Manufacturing,1000+,"0, 0, US"
220,Grant Thornton LLP (US),Accounting,501-1000,"Chicago, IL, US"
221,Alstom,Truck Transportation,1000+,"Saint-Ouen, 0, FR"
222,Northwestern Mutual,Financial Services,501-1000,"Milwaukee, WI, US"
223,Hilton,Hospitality,1000+,"McLean, VA, US"
224,Oliver Wyman,Business Consulting and Services,501-1000,"New York, NY, US"
225,Synopsys Inc,Software Development,1000+,"Sunnyvale, California, US"
226,Zurich North America,Insurance,1000+,"Schaumburg, IL, US"
227,Digitas North America,Advertising Services,501-1000,"Boston, Massachusetts, US"
228,The Hartford,Financial Services,1000+,"Hartford, CT, US"
229,UCLA Health,Hospitals and Health Care,1000+,"Los Angeles, CA, US"
230,Children's Hospital Los Angeles (CHLA),Hospitals and Health Care,501-1000,"Los Angeles, CA, US"
231,UCLA,Higher Education,1000+,"Los Angeles, CA, US"
232,Wolters Kluwer,Information Services,1000+,"Alphen aan den Rijn, 0, NL"
233,Bloomberg,Financial Services,1000+,"New York, NY, US"
234,Diageo,Beverage Manufacturing,1000+,"London, 0, GB"
235,Rockwell Automation,Automation Machinery Manufacturing,1000+,"Milwaukee, WI, US"
236,Michigan Medicine,Hospitals and Health Care,1000+,"Ann Arbor, MI, US"
237,University of Michigan,Higher Education,1000+,"Ann Arbor, Michigan, US"
238,U.S. Bank,Banking,1000+,"Minneapolis, MN, US"
239,Experian,Information Services,1000+,"Costa Mesa, CA, US"
240,iHeartMedia,Broadcast Media Production and Distribution,501-1000,"New York, NY, US"
241,Clear Channel Outdoor,Advertising Services,501-1000,"New York, NY, US"
242,Whirlpool Corporation,Manufacturing,1000+,"Benton Harbor, Michigan, US"
243,Dow,Chemical Manufacturing,1000+,"Midland, Michigan, US"
244,Ingram Micro,IT Services and IT Consulting,1000+,"Irvine, CA, US"
245,Crédit Agricole CIB,Banking,501-1000,"Montrouge, -, FR"
246,University of Washington,Higher Education,1000+,"Seattle, wa, US"
247,Momentum Worldwide,Advertising Services,501-1000,"New York, New York, US"
248,Eaton,"Appliances, Electrical, and Electronics Manufacturing",1000+,"Dublin, Ireland, IE"
249,Tetra Pak,Packaging and Containers Manufacturing,1000+,"CH-1009 PULLY/LAUSANNE, -, CH"
250,Panasonic Automotive North America,"Appliances, Electrical, and Electronics Manufacturing",501-1000,"Peachtree City, Georgia, US"
251,Panasonic Avionics Corporation,Aviation and Aerospace Component Manufacturing,501-1000,"Irvine, California, US"
252,Caterpillar Inc.,Machinery Manufacturing,1000+,"Irving, Texas, US"
253,Columbia University Irving Medical Center,Hospitals and Health Care,1000+,"New York, New York, US"
254,Columbia University,Higher Education,1000+,"New York, NY, US"
255,BASF,Chemical Manufacturing,1000+,"Ludwigshafen, 0, DE"
256,Citrix,Software Development,501-1000,"Fort Lauderdale, FL, US"
257,Walmart,Retail,1000+,"Bentonville, Arkansas, US"
258,University of Illinois Chicago,Higher Education,1000+,"Chicago, il, US"
259,Caltrans,Government Administration,1000+,"Sacramento, CA, US"
260,County of San Diego,Government Administration,1000+,"San Diego, California, US"
261,CalPERS,Government Administration,501-1000,"Sacramento, CA, US"
262,California Department of Justice,Law Enforcement,501-1000,"Sacramento, CA, US"
263,Valeo,Motor Vehicle Manufacturing,1000+,"Paris, Île-de-France, FR"
264,McDonald's,Restaurants,1000+,"Chicago, Illinois, US"
265,Cargill,Food and Beverage Manufacturing,1000+,"Wayzata, Minnesota, US"
266,Manulife,Insurance,1000+,"Toronto, Ontario, CA"
267,Liberty Mutual Insurance,Insurance,1000+,"Boston, MA, US"
268,OpenText,Software Development,1000+,"Waterloo, ON, CA"
269,KLA,Semiconductor Manufacturing,1000+,"Milpitas, California, US"
270,BOMBARDIER,Aviation and Aerospace Component Manufacturing,1000+,"Montréal, Québec, CA"
271,Acxiom,Advertising Services,501-1000,"Conway, Arkansas, US"
272,IKEA,Retail,1000+,"Delft, Zuid-Holland, NL"
273,Colgate-Palmolive,Manufacturing,1000+,"New York, New York, US"
274,Expedia Group,Software Development,1000+,"Seattle, WA, US"
275,Emerson,Industrial Machinery Manufacturing,1000+,"St. Louis, MO, US"
276,TD,Banking,1000+,"Toronto, Ontario, CA"
277,Andersen Corporation,Wholesale Building Materials,501-1000,"Bayport, Minnesota, US"
278,Federal Reserve Board,Banking,501-1000,"Washington, DC, US"
279,Federal Reserve Bank of San Francisco,Financial Services,501-1000,"San Francisco, CA, US"
280,Sage,Software Development,1000+,"Newcastle upon Tyne, 0, GB"
281,Publicis,Advertising Services,501-1000,"New York, New York, US"
282,General Mills,Manufacturing,1000+,"Minneapolis, Minnesota, US"
283,BlackBerry,Software Development,501-1000,"Waterloo, Ontario, CA"
284,Mary Kay Global,Personal Care Product Manufacturing,501-1000,"Addison, TX, US"
285,"University of California, Santa Cruz",Higher Education,501-1000,"Santa Cruz, ca, US"
286,"University of California, Davis",Higher Education,1000+,"Davis, California, US"
287,UC Davis Health,Hospitals and Health Care,1000+,"Sacramento, CA, US"
288,Commonwealth Bank,Financial Services,1000+,"Sydney, NSW, AU"
289,BDO USA,Accounting,1000+,"Chicago, IL, US"
290,Visteon Corporation,Motor Vehicle Manufacturing,1000+,"Van Buren Township, MI, US"
291,Seagate Technology,Computer Hardware Manufacturing,1000+,"Fremont, CA, US"
292,Canon Business Process Services,Outsourcing and Offshoring Consulting,501-1000,"New York, NY, US"
293,ITT Inc.,Industrial Machinery Manufacturing,1000+,"Stamford, Connecticut, US"
294,Aerotek,Staffing and Recruiting,501-1000,"Hanover, Maryland, US"
295,Brigham and Women's Hospital,Hospitals and Health Care,1000+,"0, 0, US"
296,Massachusetts General Hospital,Hospitals and Health Care,1000+,"Boston, MA, US"
297,Newton-Wellesley Hospital,Hospitals and Health Care,501-1000,"Newton, MA, US"
298,NYC Department of Education,Primary and Secondary Education,1000+,"New York, NY, US"
299,Albertsons Companies,Retail,1000+,"Boise, Idaho, US"
300,Shaw's Supermarkets,Retail,1000+,"0, 0, US"
301,Acme Markets,Retail,1000+,"Malvern, Pennsylvania, US"
302,The Save Mart Companies,Retail,1000+,"Modesto, 0, US"
303,Teradyne,Semiconductor Manufacturing,501-1000,"North Reading, MA, US"
304,S&P Global,Financial Services,1000+,"New York, NY, US"
305,Teacher Retirement System of Texas,Government Administration,201-500,"Austin, Texas, US"
306,Texas Health and Human Services,Government Administration,1000+,"Austin, TX, US"
307,Texas Workforce Commission,Government Administration,501-1000,"Austin, Texas, US"
308,Allianz Life,Insurance,501-1000,"Minneapolis, MN, 0"
309,Saint-Gobain,Wholesale Building Materials,1000+,"Courbevoie, Île-de-France, FR"
310,"CSAA Insurance Group, a AAA Insurer",Insurance,501-1000,"Walnut Creek, CA, US"
311,CertainTeed,Wholesale Building Materials,501-1000,"Malvern, PA, US"
312,VMware,Software Development,1000+,"Palo Alto, CA, US"
313,Transportation Security Administration (TSA),Government Administration,1000+,"Arlington, Virginia, US"
314,FEMA,Government Administration,1000+,"Washington, DC, US"
315,U.S. Customs and Border Protection,Government Administration,1000+,"Washington, D.C., US"
316,Universal Music Group,Musicians,501-1000,"Santa Monica, California, US"
317,Fifth Third Bank,Financial Services,1000+,"Cincinnati, Ohio, US"
318,Mastercard,IT Services and IT Consulting,1000+,"Purchase, NY, US"
319,Staples,Retail Office Equipment,1000+,"Framingham, MA, US"
320,Elsevier,IT Services and IT Consulting,501-1000,"Amsterdam, North Holland, NL"
321,"University of California, San Francisco",Higher Education,1000+,"San Francisco, California, US"
322,UCSF Health,Hospitals and Health Care,501-1000,"San Francisco, CA, US"
323,"Ameriprise Financial Services, LLC",Financial Services,501-1000,"Minneapolis, MN, US"
324,Sony Music Entertainment,Musicians,501-1000,"New York, NY, US"
325,Alcoa,Mining,1000+,"Pittsburgh, PA, US"
326,Accor,Hospitality,1000+,"Issy-les-Moulineaux, Paris Region, FR"
327,Tech Mahindra,IT Services and IT Consulting,1000+,"Pune, Maharashtra, IN"
328,Broadcom,Semiconductor Manufacturing,1000+,"San Jose, California, US"
329,Kforce Inc,IT Services and IT Consulting,501-1000,"Tampa, Fl, US"
330,Thermo Fisher Scientific,Biotechnology Research,1000+,"Waltham, MA, US"
331,University of Southern California,Higher Education,1000+,"Los Angeles, CA, US"
332,Travelers,Insurance,1000+,"New York, NY, US"
333,Reckitt,Manufacturing,1000+,"Slough, Berkshire, GB"
334,BD,Medical Equipment Manufacturing,1000+,"Franklin Lakes, New Jersey, US"
335,Office Depot,Retail Office Equipment,1000+,"Boca Raton, Florida, US"
336,Lionbridge,Translation and Localization,501-1000,"Waltham, Massachusetts, US"
337,Edwards Vacuum,Semiconductor Manufacturing,501-1000,"Burgess Hill, West Sussex, GB"
338,FIS,IT Services and IT Consulting,1000+,"Jacksonville, FL, US"
339,The HEINEKEN Company,Food and Beverage Services,1000+,"Amsterdam, 0, NL"
340,Hyatt Regency,Hospitality,1000+,"Chicago, 0, US"
341,Levi Strauss & Co.,Retail Apparel and Fashion,1000+,"San Francisco, California, US"
342,Scotiabank,Banking,1000+,"Toronto, Ontario, CA"
343,Stop & Shop,Retail,1000+,"Quincy, MA, US"
344,Software Engineering Institute | Carnegie Mellon University,Software Development,201-500,"Pittsburgh, PA, US"
345,NYU Stern School of Business,Higher Education,501-1000,"New York, NY, US"
346,The University of Texas at Austin,Higher Education,1000+,"Austin, tx, US"
347,"Penn Medicine, University of Pennsylvania Health System",Hospitals and Health Care,1000+,"Philadelphia, PA, US"
348,University of Pennsylvania,Higher Education,1000+,"Philadelphia, PA, US"
349,The Ohio State University Wexner Medical Center,Hospitals and Health Care,1000+,"Columbus, OH, US"
350,The Ohio State University,Higher Education,1000+,"Columbus, Ohio, US"
351,Ohio Department of Education and Workforce,Government Administration,201-500,"Columbus, Ohio, US"
352,Ingersoll Rand,Industrial Machinery Manufacturing,1000+,"Davidson, North Carolina, US"
353,JLL,Real Estate,1000+,"Chicago, Illinois, US"
354,University of Minnesota,Higher Education,1000+,"Minneapolis and St. Paul, Minnesota, US"
355,Salesforce,Software Development,1000+,"San Francisco, California, US"
356,Mallinckrodt Pharmaceuticals,Pharmaceutical Manufacturing,501-1000,"Dublin, Ireland, 0, IE"
357,Northwestern University,Higher Education,501-1000,"Evanston, IL, US"
358,"Mattel, Inc.",Manufacturing,1000+,"El Segundo, California, US"
359,AkzoNobel,Chemical Manufacturing,1000+,"Amsterdam, Noord Holland, NL"
360,Agfa,Software Development,501-1000,"Mortsel, Belgium, 0, BE"
361,Boehringer Ingelheim,Pharmaceutical Manufacturing,1000+,"Ingelheim am Rhein, Rhineland-Palatinate, DE"
362,International Paper,Paper and Forest Product Manufacturing,1000+,"Memphis, Tennessee, US"
363,CNA Insurance,Insurance,501-1000,"Chicago, Illinois, US"
364,KeyBank,Banking,1000+,"Cleveland, Ohio, US"
365,Aegon,Financial Services,1000+,"The Hague, South Holland, NL"
366,Progressive Insurance,Insurance,1000+,"Mayfield Village, OH, US"
367,DHL Supply Chain,Truck Transportation,1000+,"Bonn, 0, DE"
368,Stryker,Medical Equipment Manufacturing,1000+,"Kalamazoo, MI, US"
369,Physio,Wellness and Fitness Services,501-1000,"Atlanta, GA, US"
370,Bechtel Corporation,Construction,1000+,"Reston, Virginia, US"
371,"Ricoh USA, Inc.",IT Services and IT Consulting,1000+,"Exton, PA, US"
372,Avery Dennison,Packaging and Containers Manufacturing,1000+,"Mentor, Ohio, US"
373,CDW,IT Services and IT Consulting,1000+,"Vernon Hills, IL, US"
374,Textron,Aviation and Aerospace Component Manufacturing,1000+,"Providence, RI, US"
375,Textron Systems,Defense and Space Manufacturing,501-1000,"Haslet, Texas, US"
376,Kaplan,Education Administration Programs,1000+,"Fort Lauderdale, FL, US"
377,Fiserv,IT Services and IT Consulting,1000+,"Milwaukee, Wisconsin, US"
378,Nordstrom,Retail,1000+,"Seattle, Washington, US"
379,UC San Diego,Higher Education,1000+,"La Jolla, CA, US"
380,UC San Diego Health,Hospitals and Health Care,1000+,"San Diego, CA, US"
381,IDC,Market Research,501-1000,"Needham, Massachusetts, US"
382,Celestica,Manufacturing,1000+,"Toronto, Ontario, CA"
383,FICO,Software Development,501-1000,"Bozeman, Montana, US"
384,Sodexo,Facilities Services,1000+,"92866 Issy les Moulineaux Cedex 9, 0, FR"
385,Pizza Hut,Restaurants,1000+,"Plano, TX, US"
386,Taco Bell,Restaurants,1000+,"Irvine, CA, US"
387,Yum! Brands,Restaurants,501-1000,"Louisville, KY, US"
388,Georgia-Pacific LLC,Paper and Forest Product Manufacturing,1000+,"Atlanta, GA, US"
389,New York Life Insurance Company,Financial Services,1000+,"New York, New York, US"
390,Kimberly-Clark,Manufacturing,1000+,"Irving, TX, US"
391,Peace Corps,International Affairs,501-1000,"Washington, District of Columbia, US"
392,UPMC Health Plan,Insurance,501-1000,"Pittsburgh, Pennsylvania, US"
393,Electrolux Group,Manufacturing,1000+,"Stockholm, 0, SE"
394,Holcim,Wholesale Building Materials,1000+,"Zug, 0, CH"
395,Michael Page,Staffing and Recruiting,501-1000,"Addlestone, Weybridge, GB"
396,Hays,Staffing and Recruiting,501-1000,"London, England, GB"
397,IDEMIA,Software Development,1000+,"Courbevoie, Ile de France, FR"
398,Conagra Brands,Food and Beverage Services,1000+,"Chicago, Illinois, US"
399,Progress,Software Development,501-1000,"Burlington, Massachusetts, US"
400,Safeway,Retail,1000+,"0, 0, US"
401,Weill Cornell Medicine,Hospitals and Health Care,501-1000,"New York, NY, US"
402,Cornell University,Higher Education,1000+,"Ithaca, NY, US"
403,Johns Hopkins Hospital,Hospitals and Health Care,1000+,"Baltimore, Maryland, US"
404,The Johns Hopkins University,Higher Education,1000+,"Baltimore, MD, US"
405,Continental,Motor Vehicle Manufacturing,1000+,"Hanover, 0, DE"
406,Edelman,Public Relations and Communications Services,501-1000,"New York, NY, US"
407,Macquarie Group,Financial Services,1000+,"Sydney, NSW, AU"
408,Red Hat,Software Development,1000+,"Raleigh, NC, US"
409,IHG Hotels & Resorts,Hospitality,1000+,"Windsor, Berkshire, GB"
410,Boston University,Higher Education,501-1000,"Boston, MA, US"
411,Georgia Tech Research Institute,Research Services,501-1000,"Atlanta, Georgia, US"
412,Georgia Institute of Technology,Higher Education,501-1000,"Atlanta, Georgia, US"
413,Hughes,Telecommunications,501-1000,"Germantown, MD, US"
414,Mphasis,IT Services and IT Consulting,1000+,"Bangalore, Karnataka, IN"
415,The Princeton Group,Staffing and Recruiting,1-10,"New York, New York, US"
416,Walgreens,Retail,1000+,"Deerfield, IL, US"
417,ESPN,Broadcast Media Production and Distribution,501-1000,"Bristol, CT, US"
418,NVIDIA,Computer Hardware Manufacturing,1000+,"Santa Clara, CA, US"
419,Cummins Inc.,Motor Vehicle Manufacturing,1000+,"Columbus, Indiana, US"
420,HCA Healthcare,Hospitals and Health Care,1000+,"Nashville, TN, US"
421,HCA Healthcare Physician Services,Hospitals and Health Care,1000+,"Brentwood, Tennessee, US"
422,MassMutual,Financial Services,501-1000,"Springfield, Massachusetts, US"
423,Compucom,IT Services and IT Consulting,501-1000,"Fort Mill, SC, US"
424,University of Maryland,Higher Education,1000+,"College Park, MD, US"
425,Lenovo,IT Services and IT Consulting,1000+,"Beijing, 0, CN"
426,Penn State University,Higher Education,1000+,"University Park, pa, US"
427,Penn State Health,Hospitals and Health Care,1000+,"Hershey, PA, US"
428,H&R Block,Retail,1000+,"Kansas City, MO, US"
429,CACI International Inc,IT Services and IT Consulting,1000+,"Reston, Virginia, US"
430,Franklin Templeton,Financial Services,501-1000,"San Mateo, California, US"
431,Edward Jones,Financial Services,1000+,"St. Louis, MO, US"
432,Corning Incorporated,"Glass, Ceramics and Concrete Manufacturing",1000+,"Corning, New York, US"
433,Fluor Corporation,Construction,1000+,"Irving, Texas, US"
434,Mastech Digital,IT Services and IT Consulting,501-1000,"Moon Township, PA, US"
435,JCPenney,Retail,1000+,"Plano, Texas, US"
436,United States Postal Service,Government Administration,1000+,"Washington, D.C., US"
437,Equifax,Financial Services,1000+,"Atlanta, GA, US"
438,Lear Corporation,Motor Vehicle Manufacturing,1000+,"Southfield, Michigan, US"
439,the LEGO Group,Manufacturing,1000+,"Billund, 0, DK"
440,ArcelorMittal,Mining,1000+,"L-1160 Luxembourg, 0, LU"
441,Korn Ferry,Business Consulting and Services,1000+,"Los Angeles, CA, US"
442,RSM US LLP,Accounting,1000+,"Chicago, Illinois, US"
443,ZF Group,Motor Vehicle Manufacturing,1000+,"Friedrichshafen, Baden-Württemberg, DE"
444,adidas,Sporting Goods Manufacturing,1000+,"Herzogenaurach, Bavaria, DE"
445,University of North Carolina at Chapel Hill,Higher Education,1000+,"Chapel Hill, NC, US"
446,Discover Financial Services,Financial Services,1000+,"Riverwoods, IL, US"
447,GroupM,Advertising Services,1000+,"New York, 0, US"
448,University of Colorado Boulder,Higher Education,501-1000,"Boulder, Colorado, US"
449,Marvell Technology,Semiconductor Manufacturing,501-1000,"Santa Clara, CA, US"
450,Epsilon,Advertising Services,501-1000,"Irving, Texas, US"
451,John Deere,Machinery Manufacturing,1000+,"Moline, IL, US"
452,AllianceBernstein,Financial Services,501-1000,"Nashville, TN, US"
453,Air Liquide,Chemical Manufacturing,1000+,"Paris, 0, FR"
454,Northern Trust,Financial Services,1000+,"Chicago, Illinois, US"
455,Swiss Re,Insurance,1000+,"Zurich, Zurich, CH"
456,MITRE,IT Services and IT Consulting,501-1000,"McLean, VA, US"
457,DS Smith,Manufacturing,1000+,"LONDON, 0, GB"
458,Informatica,Software Development,501-1000,"Redwood City, CA, US"
459,WebMD,Software Development,501-1000,"0, 0, US"
460,Grainger,Retail Office Equipment,1000+,"Lake Forest, Illinois, US"
461,FedEx Office,Printing Services,1000+,"Plano, TX, US"
462,Rolls-Royce,Industrial Machinery Manufacturing,1000+,"London, England, GB"
463,University of Chicago,Higher Education,1000+,"Chicago, IL, US"
464,Emory Healthcare,Hospitals and Health Care,1000+,"Atlanta, GA, US"
465,Emory University,Higher Education,1000+,"Atlanta, GA, US"
466,ASML,Semiconductor Manufacturing,1000+,"Veldhoven, 0, NL"
467,Pacific Gas and Electric Company,Utilities,1000+,"Oakland, California, US"
468,The Goodyear Tire & Rubber Company,Motor Vehicle Manufacturing,1000+,"Akron, OH, US"
469,U.S. House of Representatives,Legislative Offices,1000+,"Washington, DC, US"
470,Akamai Technologies,Software Development,501-1000,"Cambridge, MA, US"
471,Hillsborough County Public Schools,Primary and Secondary Education,1000+,"0, 0, US"
472,Clifford Chance,Law Practice,501-1000,"London, 0, GB"
473,Baker McKenzie,Law Practice,1000+,"Chicago, IL, US"
474,Biogen,Biotechnology Research,501-1000,"Cambridge, MA, US"
475,Heidrick & Struggles,Business Consulting and Services,501-1000,"Chicago, IL, US"
476,WTW,Financial Services,1000+,"London, England, GB"
477,Aflac,Insurance,1000+,"Columbus, GA, US"
478,Syngenta,Farming,1000+,"Basel, Basel, CH"
479,American Cancer Society,Non-profit Organizations,501-1000,"Atlanta, GA, US"
480,Capital Group,Financial Services,501-1000,"Los Angeles, CA, US"
481,Jacobs,Business Consulting and Services,1000+,"Dallas, TX, US"
482,FMC Corporation,Chemical Manufacturing,501-1000,"Philadelphia, Pennsylvania, US"
483,TIAA,Financial Services,1000+,"New York, NY, US"
484,Invesco US,Financial Services,501-1000,"Atlanta, GA, US"
485,IQVIA,Hospitals and Health Care,1000+,"Durham, North Carolina, US"
486,The Estée Lauder Companies Inc.,Personal Care Product Manufacturing,1000+,"New York, NY, US"
487,Faurecia,Motor Vehicle Manufacturing,1000+,"Nanterre, Île-de-France, FR"
488,Duke Energy Corporation,Utilities,1000+,"Charlotte, North Carolina, US"
489,Yale School of Medicine,Research Services,501-1000,"New Haven, CT, US"
490,Sun Life,Financial Services,1000+,"0, 0, OO"
491,Tata Communications,Telecommunications,501-1000,"Mumbai, Maharashtra, IN"
492,"American Honda Motor Company, Inc.",Motor Vehicle Manufacturing,1000+,"Torrance, CA, US"
493,University of Wisconsin-Madison,Higher Education,1000+,"Madison, WI, US"
494,Michelin,Motor Vehicle Manufacturing,1000+,"Clermont-Ferrand, Auvergne-Rhône-Alpes, FR"
495,Solvay,Chemical Manufacturing,1000+,"Brussels, 0, BE"
496,Pottery Barn,Retail,1000+,"San Francisco, CA, US"
497,"Williams-Sonoma, Inc.",Retail,1000+,"San Francisco, CA, US"
498,Forrester,Research Services,501-1000,"Cambridge, MA, US"
499,SGS,IT Services and IT Consulting,1000+,"Geneva, Geneva, CH"
500,"Lowe's Companies, Inc.",Retail,1000+,"Mooresville, NC, US"
501,Pirelli,Motor Vehicle Manufacturing,1000+,"Milano, MI, IT"
502,Air Products,Chemical Manufacturing,1000+,"Allentown, Pennsylvania, US"
503,CareerBuilder,Software Development,501-1000,"Chicago, Illinois, US"
504,PNC,Financial Services,1000+,"Pittsburgh, Pennsylvania, US"
505,Norsk Hydro,Mining,1000+,"Oslo, Oslo, NO"
506,Gannett | USA TODAY NETWORK,Media Production,1000+,"McLean, VA, US"
507,Raymond James,Financial Services,1000+,"St. Petersburg, Florida, US"
508,Embraer,Aviation and Aerospace Component Manufacturing,1000+,"São José dos Campos, SP, BR"
509,Ohio Department of Transportation,Government Administration,501-1000,"Columbus, Ohio, US"
510,Ohio Department of Health,Government Administration,501-1000,"Columbus, Ohio, US"
511,TTEC,Outsourcing and Offshoring Consulting,1000+,"Greenwood Village, Colorado, US"
512,Regions Bank,Banking,1000+,"Birmingham, Alabama, US"
513,"EMD Serono, Inc.",Pharmaceutical Manufacturing,501-1000,"Rockland, MA, US"
514,Paychex,Human Resources Services,1000+,"Rochester, NY, US"
515,CAE,Aviation and Aerospace Component Manufacturing,1000+,"Montréal, Québec, CA"
516,Humana,Insurance,1000+,"Louisville, Kentucky, US"
517,Rutgers University,Higher Education,1000+,"New Brunswick, NJ, US"
518,Vestas,Industrial Machinery Manufacturing,1000+,"Aarhus, 0, DK"
519,UF Health Jacksonville,Hospitals and Health Care,501-1000,"Jacksonville, FL, US"
520,Arizona State University,Higher Education,1000+,"Tempe, AZ, US"
521,AMC Networks,Entertainment Providers,501-1000,"New York, NY, US"
522,DISH Network,Telecommunications,1000+,"Englewood, CO, US"
523,UVA Health,Hospitals and Health Care,501-1000,"Charlottesville, Virginia, US"
524,University of Virginia,Higher Education,1000+,"Charlottesville, VA, US"
525,Lincoln Financial Group,Financial Services,1000+,"Radnor, PA, US"
526,Logitech,Computers and Electronics Manufacturing,501-1000,"San Jose, California, US"
527,Baker Hughes,Oil and Gas,1000+,"Houston, Texas, US"
528,Skanska,Construction,1000+,"Stockholm, 0, SE"
529,FleishmanHillard,Public Relations and Communications Services,501-1000,"St. Louis, MO, US"
530,GfK - An NIQ Company,IT Services and IT Consulting,501-1000,"Nuremberg, Bavaria, DE"
531,Sanmina,"Appliances, Electrical, and Electronics Manufacturing",1000+,"San Jose, California, US"
532,Manhattan Associates,Software Development,501-1000,"Atlanta, GA, US"
533,Weber Shandwick,Public Relations and Communications Services,501-1000,"New York, NY, US"
534,Coloplast,Medical Equipment Manufacturing,1000+,"Humlebæk, Denmark, DK"
535,Assurant,Insurance,1000+,"Atlanta, Georgia, US"
536,Principal Financial Group,Financial Services,1000+,"Des Moines, Iowa, US"
537,Cemex,Wholesale Building Materials,1000+,"Monterrey, Nuevo León, MX"
538,DNV,Public Safety,1000+,"Høvik, Oslo, NO"
539,Paramount Pictures,Entertainment Providers,501-1000,"Los Angeles, CA, US"
540,Primerica,Financial Services,501-1000,"Duluth, Georgia, US"
541,"Barnes & Noble, Inc.",Retail,1000+,"New York, 0, US"
542,UCI Health,Hospitals and Health Care,501-1000,"Orange, California, US"
543,DLA Piper,Law Practice,501-1000,"London, England, GB"
544,Aquent,Staffing and Recruiting,1000+,"Boston, MA, US"
545,Aspen Technology,Software Development,501-1000,"Bedford, MA, US"
546,Parexel,Pharmaceutical Manufacturing,1000+,"Durham, North Carolina, US"
547,"Ryder System, Inc.",Truck Transportation,1000+,"Miami, FL, US"
548,Diebold Nixdorf,IT Services and IT Consulting,1000+,"North Canton, Ohio, US"
549,Weyerhaeuser,Paper and Forest Product Manufacturing,1000+,"Seattle, WA, US"
550,USAA,Financial Services,1000+,"San Antonio, Texas, US"
551,Scholastic,Book and Periodical Publishing,501-1000,"New York, NY, US"
552,UMass Chan Medical School,Higher Education,501-1000,"Worcester, ma, US"
553,Campbell's,Food and Beverage Manufacturing,1000+,"Camden, NJ, US"
554,Hearst Magazines,Media Production,501-1000,"New York, NY, US"
555,Houston Methodist,Hospitals and Health Care,1000+,"Houston, Texas, US"
556,Nous Infosystems,IT Services and IT Consulting,501-1000,"Edison, New Jersey, US"
557,Kuehne+Nagel,Truck Transportation,1000+,"Schindellegi, Schwyz, CH"
558,National Football League (NFL),Spectator Sports,501-1000,"New York, NY, US"
559,San Francisco 49ers,Spectator Sports,501-1000,"Santa Clara, California, US"
560,Indianapolis Colts,Spectator Sports,51-200,"Indianapolis, IN, US"
561,Texas A&M University,Higher Education,1000+,"College Station, TX, US"
562,PerkinElmer,Biotechnology Research,501-1000,"Shelton, CT, US"
563,Vanderbilt University Medical Center,Hospitals and Health Care,1000+,"Nashville, Tennessee, US"
564,Vanderbilt University,Higher Education,501-1000,"Nashville, Tennessee, US"
565,Lundbeck,Pharmaceutical Manufacturing,501-1000,"Valby, Copenhagen, DK"
566,Parker Hannifin,Industrial Machinery Manufacturing,1000+,"Cleveland, OH, US"
567,SKF Group,Industrial Machinery Manufacturing,1000+,"Göteborg, Sweden, SE"
568,Western Digital,Computer Hardware Manufacturing,1000+,"San Jose, CA, US"
569,Southwest Airlines,Airlines and Aviation,1000+,"Dallas, TX, US"
570,Washington University in St. Louis,Higher Education,1000+,"St. Louis, mo, US"
571,Massachusetts Department of Public Health,Government Administration,501-1000,"Boston, MA, US"
572,Epicor,Software Development,501-1000,"Austin, TX, US"
573,CNH Industrial,Machinery Manufacturing,1000+,"0, 0, 0"
574,The George Washington University,Higher Education,501-1000,"Washington, D.C., US"
575,American Family Insurance,Insurance,1000+,"Madison, WI, US"
576,FDA,Government Administration,1000+,"Silver Spring, MD, US"
577,Birlasoft,IT Services and IT Consulting,1000+,"Pune, Maharashtra, IN"
578,The North Face,Retail Apparel and Fashion,501-1000,"Denver, Colorado, US"
579,Nautica,Retail Apparel and Fashion,51-200,"New York, 0, US"
580,Exelon,Utilities,1000+,"Chicago, IL, US"
581,Takeda Oncology,Pharmaceutical Manufacturing,501-1000,"Cambridge, MA, US"
582,Ralph Lauren,Retail Apparel and Fashion,1000+,"New York, 0, US"
583,Spirent Communications,Telecommunications,501-1000,"San Jose, California, US"
584,Brown Brothers Harriman,Financial Services,501-1000,"New York, NY, US"
585,The Church of Jesus Christ of Latter-day Saints,Religious Institutions,1000+,"Salt Lake City, UT, US"
586,Ecolab,Chemical Manufacturing,1000+,"St. Paul, MN, US"
587,Pacific Northwest National Laboratory,Research Services,501-1000,"Richland, WA, US"
588,UL Solutions,International Trade and Development,1000+,"Northbrook, Illinois, US"
589,Mayo Clinic,Hospitals and Health Care,1000+,"Rochester, Minnesota, US"
590,Quest Diagnostics,Hospitals and Health Care,1000+,"Secaucus, NJ, US"
591,NICE,Software Development,501-1000,"Hoboken, New Jersey, US"
592,UScellular,Telecommunications,501-1000,"Chicago, Illinois, US"
593,Social Security Administration,Government Administration,1000+,"Baltimore, MD, US"
594,Lazard,Financial Services,501-1000,"New York, New York, US"
595,BlackRock,Financial Services,1000+,"New York, NY, US"
596,Deluxe,Financial Services,501-1000,"Minneapolis, Minnesota, US"
597,Freshfields Bruckhaus Deringer,Law Practice,501-1000,"London, England, GB"
598,IFC - International Finance Corporation,Financial Services,501-1000,"Washington, DC, US"
599,Apex Systems,IT Services and IT Consulting,501-1000,"Glen Allen, VA, US"
600,Smith+Nephew,Medical Equipment Manufacturing,1000+,"Watford, Hertfordshire, GB"
601,Hallmark Cards,Retail,1000+,"Kansas City, Missouri, US"
602,Atlas Copco,Machinery Manufacturing,1000+,"Stockholm, 0, SE"
603,North Carolina State University,Higher Education,1000+,"Raleigh, North Carolina, US"
604,DB Schenker,Truck Transportation,1000+,"0, 0, OO"
605,SEI,Financial Services,501-1000,"Oaks, PA, US"
606,JTI (Japan Tobacco International),Tobacco Manufacturing,1000+,"Geneva, 0, CH"
607,U.S. Department of Commerce,Government Administration,1000+,"Washington, DC, US"
608,F5,IT Services and IT Consulting,501-1000,"Seattle, Washington, US"
609,Jabil,"Appliances, Electrical, and Electronics Manufacturing",1000+,"St Petersburg, Florida, US"
610,EF Education First,Education Administration Programs,1000+,"Zurich, Zurich, CH"
611,PPG,Chemical Manufacturing,1000+,"Pittsburgh, PA, US"
612,"Skadden, Arps, Slate, Meagher & Flom LLP and Affiliates",Law Practice,501-1000,"New York, NY, US"
613,Harvard Business School,Higher Education,501-1000,"Boston, MA, US"
614,UNICEF,Non-profit Organizations,1000+,"New York, New York, US"
615,Pulte Mortgage,Financial Services,201-500,"Englewood, CO, US"
616,PulteGroup,Construction,501-1000,"Atlanta, Georgia, US"
617,Blue Shield of California,Insurance,501-1000,"Oakland, California, US"
618,Parsons Corporation,IT Services and IT Consulting,1000+,"Chantilly, Virginia, US"
619,Specialty Equipment Market Association (SEMA),Motor Vehicle Manufacturing,11-50,"Diamond Bar, CA, US"
620,Kroger,Retail,1000+,"Cincinnati, Ohio, US"
621,Metso,Industrial Machinery Manufacturing,1000+,"Espoo, Uusimaa, FI"
622,Internal Revenue Service,Government Administration,1000+,"Washington, District of Columbia, US"
623,Otis Elevator Co.,Consumer Services,1000+,"0, 0, US"
624,Latham & Watkins,Law Practice,501-1000,"New York, 0, US"
625,Hasbro,Manufacturing,501-1000,"Pawtucket, RI, US"
626,Reebok,Manufacturing,501-1000,"Boston, MA, US"
627,Porter Novelli,Public Relations and Communications Services,201-500,"New York, NY, US"
628,Bankers Trust,Financial Services,201-500,"Des Moines, Iowa, US"
629,EPAM Systems,IT Services and IT Consulting,1000+,"Newtown, PA, US"
630,Temple Health – Temple University Health System,Hospitals and Health Care,501-1000,"Philadelphia, PA, US"
631,Phoenix Technologies,Software Development,51-200,"Campbell, CA, US"
632,Lawrence Livermore National Laboratory,Research Services,501-1000,"Livermore, CA, US"
633,Cartier,Retail Luxury Goods and Jewelry,501-1000,"Meyrin, CH, CH"
634,CNO Financial Group,Insurance,501-1000,"Carmel, Indiana, US"
635,Bankers Life,Insurance,501-1000,"Chicago, Illinois, US"
636,University of Rochester Medical Center,Hospitals and Health Care,1000+,"Rochester, NY, US"
637,University of Rochester,Higher Education,1000+,"Rochester, ny, US"
638,News Corp,Software Development,1000+,"New York, New York, US"
639,Persistent Systems,IT Services and IT Consulting,1000+,"Pune, Maharashtra, IN"
640,Federal Aviation Administration,Aviation and Aerospace Component Manufacturing,1000+,"Washington, DC, US"
641,USAID,International Affairs,501-1000,"Washington, District of Columbia, US"
642,Cintas,Facilities Services,1000+,"Mason, OH, US"
643,KONE,Industrial Machinery Manufacturing,1000+,"Espoo, -, FI"
644,Sophos,Software Development,501-1000,"Abingdon, Oxfordshire, GB"
645,Ketchum,Public Relations and Communications Services,501-1000,"New York City, New York, US"
646,Intelsat,Telecommunications,501-1000,"McLean, VA, US"
647,CHEP,Truck Transportation,1000+,"Weybridge, Surrey, GB"
648,Dana Incorporated,Motor Vehicle Manufacturing,1000+,"Maumee, Ohio, US"
649,Southern Company,Utilities,1000+,"Atlanta, GA, US"
650,Jones Day,Law Practice,501-1000,"Washington, D.C., US"
651,Ticketmaster,Entertainment Providers,1000+,"Beverly Hills, California, US"
652,aramco,Oil and Gas,1000+,"Dhahran, 0, SA"
653,Lam Research,Semiconductor Manufacturing,1000+,"Fremont, CA, US"
654,Navistar Inc,Motor Vehicle Manufacturing,1000+,"Lisle, IL, US"
655,Constellation,Utilities,1000+,"Baltimore, MD, US"
656,"The TJX Companies, Inc.",Retail,1000+,"Framingham, MA, US"
657,Nasdaq,Financial Services,501-1000,"New York, NY, US"
658,Anritsu,"Appliances, Electrical, and Electronics Manufacturing",501-1000,"Atsugi-shi, Kanagawa, JP"
659,IGT,Software Development,1000+,"London, 0, GB"
660,Vestcom,Advertising Services,201-500,"Little Rock, AR, US"
661,Jefferies,Investment Banking,501-1000,"New York City, New York, US"
662,Morningstar,Financial Services,1000+,"Chicago, IL, US"
663,Los Angeles Times,Newspaper Publishing,501-1000,"El Segundo, California, US"
664,Sandvik Coromant,Industrial Machinery Manufacturing,501-1000,"Sandviken, Gästrikland, SE"
665,Bausch + Lomb,Pharmaceutical Manufacturing,1000+,"Bridgewater, NJ, US"
666,Ascensus,Financial Services,501-1000,"Dresher, PA, US"
667,GRUNDFOS,Industrial Machinery Manufacturing,1000+,"Bjerringbro, Middle Jutland, DK"
668,Teleperformance,Outsourcing and Offshoring Consulting,1000+,"Paris, Île-de-France, FR"
669,"Nalco Water, An Ecolab Company",Chemical Manufacturing,1000+,"Naperville, Illinois, US"
670,Colliers,Real Estate,1000+,"Toronto, Ontario, CA"
671,Rackspace Technology,IT Services and IT Consulting,501-1000,"San Antonio, Texas, US"
672,LHH,Human Resources Services,1000+,"Jacksonville, Florida, US"
673,HCLTech - SAP Practice,Business Consulting and Services,1000+,"Egham, Surrey, GB"
674,DSV - Global Transport and Logistics,Truck Transportation,1000+,"Hedehusene, 0, DK"
675,McMaster-Carr,Truck Transportation,501-1000,"Elmhurst, Illinois, US"
676,SRI,Research Services,501-1000,"Menlo Park, CA, US"
677,Northeastern University,Higher Education,501-1000,"Boston, MA, US"
678,Alcon,Medical Equipment Manufacturing,1000+,"Geneva, Switzerland, CH"
679,Rent.,Software Development,201-500,"Atlanta, GA, US"
680,LPL Financial,Financial Services,501-1000,"San Diego, CA, US"
681,Esri,Software Development,501-1000,"Redlands, CA, US"
682,Owens Corning,Wholesale Building Materials,1000+,"Toledo, OH, US"
683,Tenet Healthcare,Hospitals and Health Care,1000+,"Dallas, Texas, US"
684,MFS Investment Management,Financial Services,501-1000,"Boston, Massachusetts, US"
685,ALTEN,IT Services and IT Consulting,1000+,"Boulogne-Billancourt Cedex, Ile-de-France, FR"
686,Los Alamos National Laboratory,Research Services,1000+,"Los Alamos, NM, US"
687,H&M,Retail,1000+,"Stockholm, Stockholm County, SE"
688,Blizzard Entertainment,Entertainment Providers,501-1000,"Irvine, CA, US"
689,Sysco,Food and Beverage Services,1000+,"Houston, TX, US"
690,Softtek,IT Services and IT Consulting,1000+,"Monterrey, Nuevo Leon, MX"
691,Connection,IT Services and IT Consulting,501-1000,"Merrimack, NH, US"
692,GSA,Government Administration,1000+,"Washington, D.C., US"
693,G4S,Security and Investigations,1000+,"London, 0, GB"
694,UC Santa Barbara,Higher Education,501-1000,"Santa Barbara, CA, US"
695,VELUX,Wholesale Building Materials,1000+,"Horsholm, 0, DK"
696,Sandia National Laboratories,Defense and Space Manufacturing,1000+,"Albuquerque, NM, US"
697,The Hanover Insurance Group,Insurance,501-1000,"0, 0, 0"
698,University of Missouri Health Care,Hospitals and Health Care,501-1000,"Columbia, Missouri, US"
699,University of Missouri-Columbia,Higher Education,1000+,"Columbia, MO, US"
700,Hess Corporation,Oil and Gas,501-1000,"New York, NY, US"
701,ManTech,IT Services and IT Consulting,501-1000,"Herndon, Virginia, US"
702,Ashland,Chemical Manufacturing,501-1000,"Wilmington, Delaware, US"
703,GALLO,Beverage Manufacturing,501-1000,"Modesto, California, US"
704,Ferrero,Manufacturing,1000+,"Senningerberg, Luxembourg, LU"
705,Takeda,Pharmaceutical Manufacturing,1000+,"Tokyo, 0, JP"
706,Mercatus Center at George Mason University,Research Services,11-50,"Arlington, VA, US"
707,George Mason University,Higher Education,501-1000,"Fairfax, Virginia, US"
708,CME Group,Financial Services,501-1000,"Chicago, IL, US"
709,Consilio LLC,Law Practice,501-1000,"Washington, DC, US"
710,Crowe,Accounting,501-1000,"Chicago, Illinois, US"
711,Morrison Foerster,Law Practice,501-1000,"San Francisco, California, US"
712,FTI Consulting,Business Consulting and Services,501-1000,"Washington, DC, 0, US"
713,Concurrent Technologies Corporation,Defense and Space Manufacturing,51-200,"Johnstown, PA, US"
714,Southern Methodist University,Higher Education,501-1000,"Dallas, TX, US"
715,KPIT,Software Development,501-1000,"Pune, Maharashtra, IN"
716,Westfield Insurance,Insurance,501-1000,"Westfield Center, Ohio, US"
717,Premera Blue Cross,Insurance,501-1000,"Mountlake Terrace, Washington, US"
718,ADM,Food and Beverage Manufacturing,1000+,"Chicago, IL, US"
719,The Standard,Financial Services,501-1000,"Portland, Oregon, US"
720,Plexus Corp.,"Appliances, Electrical, and Electronics Manufacturing",1000+,"Neenah, WI, US"
721,Allied Telesis,Computer Networking Products,501-1000,"San Jose, CA, US"
722,Group Lotus,Motor Vehicle Manufacturing,501-1000,"Norwich, Norfolk, GB"
723,Nintendo,Computer Games,501-1000,"Redmond, Washington, US"
724,Forbes,Book and Periodical Publishing,51-200,"Jersey City, NJ, US"
725,USANA Health Sciences,Wellness and Fitness Services,201-500,"Salt Lake City, Utah, US"
726,Mercury Systems,Defense and Space Manufacturing,501-1000,"Andover, MA, US"
727,Capella University,Higher Education,501-1000,"Minneapolis, MN, US"
728,"Greenberg Traurig, LLP",Law Practice,501-1000,"New York, New York, US"
729,Cirrus Logic,Semiconductor Manufacturing,501-1000,"Austin, TX, US"
730,Coach,Retail Apparel and Fashion,1000+,"New York, NY, US"
731,Herbalife,Wellness and Fitness Services,1000+,"Los Angeles, CA, US"
732,McClatchy,Newspaper Publishing,501-1000,"Sacramento, California, US"
733,Varian,Medical Equipment Manufacturing,501-1000,"Palo Alto, CA, US"
734,Huntsman Corporation,Chemical Manufacturing,501-1000,"The Woodlands, TX, US"
735,Cleveland Clinic,Hospitals and Health Care,1000+,"Cleveland, Ohio, US"
736,Dominion Energy,Utilities,1000+,"Richmond, VA, US"
737,LyondellBasell,Chemical Manufacturing,1000+,"Houston, TX, US"
738,Cooper University Health Care,Hospitals and Health Care,501-1000,"Camden, NJ, US"
739,CJ,Advertising Services,201-500,"Santa Barbara, California, US"
740,Netia,Telecommunications,501-1000,"0, 0, 0"
741,U.S. Department of Labor,Government Administration,1000+,"Washington, DC, US"
742,ACCO Brands,Manufacturing,501-1000,"Lake Zurich, Illinois, US"
743,"Santander Bank, N.A.",Banking,501-1000,"Boston, MA, US"
744,Sasol,Chemical Manufacturing,1000+,"Sandton, Gauteng, ZA"
745,University of Denver,Higher Education,501-1000,"Denver, Colorado, US"
746,Ball Corporation,Packaging and Containers Manufacturing,1000+,"Westminster, Colorado, US"
747,Kirkland & Ellis,Law Practice,501-1000,"Chicago, Illinois, US"
748,"Morgan, Lewis & Bockius LLP",Law Practice,501-1000,"Philadelphia, PA, US"
749,ICF,Business Consulting and Services,501-1000,"Reston, Virginia, US"
750,Kohl's,Retail,1000+,"Menomonee Falls, Wisconsin, US"
751,Huron,Business Consulting and Services,501-1000,"Chicago, IL, US"
752,Penske Logistics,Truck Transportation,1000+,"Reading, Pennsylvania, US"
753,Penske Truck Leasing,Truck Transportation,1000+,"Reading, PA, US"
754,"SPX Cooling Tech, LLC",Industrial Machinery Manufacturing,501-1000,"Overland Park, Kansas, US"
755,Turner Construction Company,Construction,1000+,"New York, NY, US"
756,Univision,Broadcast Media Production and Distribution,501-1000,"Miami, Florida, US"
757,Kerry,Food and Beverage Services,1000+,"Naas, 0, IE"
758,Cobham Satcom,Telecommunications,51-200,"Kgs. Lyngby, 0, DK"
759,Gensler,Architecture and Planning,501-1000,"San Francisco, California, US"
760,Moss Adams,Accounting,501-1000,"Seattle, WA, US"
761,RTI International,Research Services,501-1000,"Research Triangle Park, NC, US"
762,Tommy Hilfiger,Retail Apparel and Fashion,1000+,"Amsterdam, North Holland, NL"
763,Hogan Lovells,Law Practice,501-1000,"Washington, DC, US"
764,ICON plc,Biotechnology Research,1000+,"Dublin, 0, IE"
765,"Orrick, Herrington & Sutcliffe LLP",Law Practice,501-1000,"San Francisco, CA, US"
766,Omron Automation,Automation Machinery Manufacturing,501-1000,"Hoffman Estates, IL, US"
767,Johns Manville,Manufacturing,501-1000,"Denver, CO, US"
768,Tennessee Valley Authority,Utilities,1000+,"Knoxville, TN, US"
769,Valassis Marketing Solutions,Advertising Services,501-1000,"Livonia, Michigan, US"
770,Federal Highway Administration,Government Administration,501-1000,"Washington, DC, US"
771,Smithsonian Enterprises,"Museums, Historical Sites, and Zoos",51-200,"0, 0, US"
772,MKS Instruments,Semiconductor Manufacturing,1000+,"Andover, Massachusetts, US"
773,Motion Recruitment,Staffing and Recruiting,201-500,"Boston, MA, US"
774,TDS Telecommunications LLC,Telecommunications,501-1000,"Madison, WI, US"
775,Cubic Corporation,IT Services and IT Consulting,501-1000,"San Diego, CA, US"
776,National Grid,Utilities,1000+,"London, London, GB"
777,University of Nebraska Foundation,Fundraising,51-200,"Lincoln, NE, US"
778,University of Nebraska-Lincoln,Higher Education,501-1000,"Lincoln, NE, US"
779,Flowserve Corporation,Industrial Machinery Manufacturing,1000+,"Irving, Texas, US"
780,Quadrangle,Staffing and Recruiting,11-50,"Noida, U.P., IN"
781,Autoliv,Motor Vehicle Manufacturing,1000+,"Stockholm, 0, SE"
782,Boston Public Schools,Education Administration Programs,501-1000,"Boston, MA, US"
783,Armstrong World Industries,Wholesale Building Materials,501-1000,"Lancaster, PA, US"
784,Chr. Hansen,Biotechnology Research,1000+,"Hørsholm, DK, DK"
785,FM Global,Insurance,501-1000,"Johnston, Rhode Island, US"
786,Fresenius Medical Care North America,Hospitals and Health Care,1000+,"Waltham, MA, US"
787,Union Pacific Railroad,Truck Transportation,1000+,"Omaha, NE, US"
788,W. L. Gore & Associates,Medical Equipment Manufacturing,1000+,"Newark, Delaware, US"
789,University of Kentucky,Higher Education,1000+,"Lexington, KY, US"
790,Cooley LLP,Law Practice,501-1000,"Palo Alto, CA, US"
791,Michaels Stores,Retail,1000+,"Irving, Texas, US"
792,"Yoh, A Day & Zimmermann Company",Staffing and Recruiting,501-1000,"Philadelphia, PA, US"
793,Mayer Brown,Law Practice,501-1000,"Chicago, IL, US"
794,Choice Hotels International,Hospitality,501-1000,"North Bethesda, Maryland, US"
795,Advantage Technical,Staffing and Recruiting,1000+,"Cincinnati, Ohio, US"
796,CBIZ,Business Consulting and Services,501-1000,"Cleveland, OH, US"
797,Lands'​ End,Retail Apparel and Fashion,501-1000,"Dodgeville, WI, US"
798,AppleOne Employment Services,Staffing and Recruiting,501-1000,"Glendale, CA, US"
799,UNSW,Higher Education,501-1000,"Sydney, New South Wales (NSW), AU"
800,NYU Langone Health,Hospitals and Health Care,1000+,"New York, NY, US"
801,Atlanticus,Financial Services,51-200,"Atlanta, GA, US"
802,NetSuite,Software Development,1000+,"Austin, TX, US"
803,Agilysys,Software Development,501-1000,"Alpharetta, Georgia, US"
804,County of Santa Clara,Government Administration,1000+,"San Jose, CA, US"
805,Icahn School of Medicine at Mount Sinai,Hospitals and Health Care,501-1000,"New York, NY, US"
806,Match,Software Development,501-1000,"Dallas, Texas, US"
807,7-Eleven,Retail,1000+,"Irving, TX, US"
808,Zions Bancorporation,Banking,1000+,"Salt Lake City, Utah, US"
809,Schindler Group,Industrial Machinery Manufacturing,1000+,"Ebikon, 0, CH"
810,Schindler Elevator Corporation (U.S.),Industrial Machinery Manufacturing,1000+,"Morristown, NJ, US"
811,Brunswick Corporation,Manufacturing,1000+,"Mettawa, IL, US"
812,ePlus inc.,IT Services and IT Consulting,501-1000,"Herndon, VA, US"
813,Brady Corporation,Manufacturing,501-1000,"Milwaukee, WI, US"
814,FUJIFILM Holdings America Corporation,Executive Offices,1000+,"Valhalla, New York, US"
815,Fresche Solutions,IT Services and IT Consulting,51-200,"Montréal, Quebec, CA"
816,AMS,Human Resources Services,1000+,"London, United Kingdom, GB"
817,Thrivent,Financial Services,501-1000,"Minneapolis, MN, US"
818,Schwan's Company,Food and Beverage Manufacturing,501-1000,"Marshall, Minnesota, US"
819,The Herbert Wertheim UF Scripps Institute for Biomedical Innovation & Technology,Biotechnology Research,201-500,"0, 0, US"
820,CSX,Truck Transportation,1000+,"Jacksonville, FL, US"
821,Crain Communications,Book and Periodical Publishing,201-500,"Detroit, Michigan, US"
822,Oklahoma State University,Higher Education,501-1000,"Stillwater, OK, US"
823,Infogain,IT Services and IT Consulting,501-1000,"Los Gatos, CA, US"
824,QuinStreet,"Technology, Information and Internet",201-500,"Foster City, CA, US"
825,Landis+Gyr,"Appliances, Electrical, and Electronics Manufacturing",501-1000,"Cham, Zug, CH"
826,Safety-Kleen,Environmental Services,501-1000,"Richardson, TX, US"
827,Paul Hastings,Law Practice,501-1000,"Los Angeles, California, US"
828,Reed Smith LLP,Law Practice,501-1000,"Worldwide, 0, OO"
829,Sutherland,IT Services and IT Consulting,1000+,"Pittsford (Rochester), NY, US"
830,Marcus & Millichap,Real Estate,501-1000,"Calabasas, CA, US"
831,National Institute of Standards and Technology (NIST),Research Services,501-1000,"Gaithersburg, MD, US"
832,Dräger,Manufacturing,1000+,"Lübeck, Schleswig-Holstein, DE"
833,Tata Technologies,IT Services and IT Consulting,1000+,"Hinjawadi, Pune, Maharashtra, IN"
834,Russell Investments,Financial Services,501-1000,"Seattle, WA, US"
835,MSCI Inc.,Financial Services,501-1000,"New York, NY, US"
836,Federal Bureau of Investigation (FBI),Law Enforcement,1000+,"Washington, DC, US"
837,Oregon Department of Transportation,Government Administration,501-1000,"Salem, Oregon, US"
838,Altria,Manufacturing,501-1000,"Richmond, Virginia, US"
839,HARMAN International,Computers and Electronics Manufacturing,1000+,"Stamford, Connecticut, US"
840,Kofax,Software Development,501-1000,"Irvine, California, US"
841,ERM,Business Consulting and Services,501-1000,"London, 0, GB"
842,Loyola Medicine,Hospitals and Health Care,501-1000,"Maywood, IL, US"
843,Loyola University Chicago,Higher Education,501-1000,"Chicago, Illinois, US"
844,Microchip Technology Inc.,Semiconductor Manufacturing,1000+,"Chandler, AZ, US"
845,"Greyhound Lines, Inc.",Truck Transportation,501-1000,"Dallas, TX, US"
846,DaVita Kidney Care,Hospitals and Health Care,1000+,"Denver, CO, US"
847,Tetra Tech,Civil Engineering,1000+,"Pasadena, CA, US"
848,24 Hour Fitness,Wellness and Fitness Services,501-1000,"Carlsbad, CA, US"
849,UT Southwestern Medical Center,Hospitals and Health Care,1000+,"Dallas, Texas, US"
850,Airlines Reporting Corporation (ARC),Airlines and Aviation,51-200,"Arlington, Virginia, US"
851,Select Medical,Hospitals and Health Care,1000+,"Mechanicsburg, PA, US"
852,Boston Globe Media,Online Audio and Video Media,501-1000,"Boston, MA, US"
853,Ansys,Software Development,501-1000,"Canonsburg, PA, US"
854,"Connexity, Inc.",Software Development,51-200,"Santa Monica, California, US"
855,Gallagher,Insurance,1000+,"Rolling Meadows, IL, US"
856,SoftServe,IT Services and IT Consulting,1000+,"Austin, TX, US"
857,UMB Bank,Financial Services,501-1000,"Kansas City, MO, US"
858,Shure Incorporated,Computers and Electronics Manufacturing,501-1000,"Niles, IL, US"
859,Gucci,Retail Luxury Goods and Jewelry,1000+,"Casellina di Scandicci, Florence, IT"
860,MSA - The Safety Company,Public Safety,501-1000,"Cranberry Township, Pennsylvania, US"
861,Norfolk Southern,Truck Transportation,1000+,"Atlanta, Georgia, US"
862,Live Nation Entertainment,Entertainment Providers,1000+,"Beverly Hills, California, US"
863,dunnhumby,Advertising Services,501-1000,"Brook Green, London, GB"
864,AMERICAN SYSTEMS,IT Services and IT Consulting,501-1000,"Chantilly, VA, US"
865,HOK,Architecture and Planning,501-1000,"New York, NY, US"
866,Gibson Dunn,Law Practice,501-1000,"Global, 0, US"
867,Marathon Oil Corporation,Oil and Gas,501-1000,"Houston, Texas, US"
868,Pro Staff,Staffing and Recruiting,11-50,"Cincinnati, Ohio, US"
869,Eisai US,Pharmaceutical Manufacturing,501-1000,"Nutley, NJ, US"
870,Worley,IT Services and IT Consulting,1000+,"North Sydney, NSW, AU"
871,Hollister Incorporated,Medical Equipment Manufacturing,501-1000,"Libertyville, Illinois, US"
872,Rockstar Games,Computer Games,501-1000,"New York, New York, US"
873,ClubCorp,Hospitality,1000+,"Dallas, Texas, US"
874,Enbridge,Oil and Gas,1000+,"Calgary, AB, CA"
875,Pall Corporation,Manufacturing,501-1000,"Port Washington, New York, US"
876,MSNBC,Broadcast Media Production and Distribution,201-500,"New York, New York, US"
877,J.Crew,Retail Apparel and Fashion,501-1000,"New York, New York, US"
878,WVU Medicine,Hospitals and Health Care,1000+,"Morgantown, WV, US"
879,Philadelphia Housing Authority,Real Estate,501-1000,"Philadelphia, Pennsylvania, US"
880,Austin Independent School District,Primary and Secondary Education,1000+,"Austin, Texas, US"
881,Incyte,Pharmaceutical Manufacturing,501-1000,"Wilmington, Delaware, US"
882,Premier Inc.,Hospitals and Health Care,501-1000,"Charlotte, NC, US"
883,B. Braun Medical Inc. (US),Medical Equipment Manufacturing,1000+,"Bethlehem, PA, US"
884,MultiPlan,Hospitals and Health Care,501-1000,"New York, NY, US"
885,Sirva,Real Estate,501-1000,"Oakbrook Terrace, Illinois, US"
886,Tulane University,Higher Education,501-1000,"New Orleans, LA, US"
887,SEPHORA,Retail,1000+,"Neuilly sur Seine, Ile de France, FR"
888,Southern Glazer's Wine & Spirits,Beverage Manufacturing,1000+,"Miami, Florida, US"
889,Bitdefender,Software Development,501-1000,"Bucuresti, Romania, RO"
890,Milliken & Company,Industrial Machinery Manufacturing,501-1000,"Spartanburg, South Carolina, US"
891,Highmark Inc.,Insurance,1000+,"Pittsburgh, Pennsylvania, US"
892,AEG,Entertainment Providers,1000+,"Los Angeles, CA, US"
893,Devon Energy,Oil and Gas,501-1000,"Oklahoma City, Oklahoma, US"
894,Dice,Software Development,501-1000,"Centennial, Colorado, US"
895,Simpson Thacher & Bartlett LLP,Law Practice,501-1000,"New York, NY, US"
896,Marriott Vacations Worldwide,Hospitality,1000+,"Orlando, FL, US"
897,Vertex Pharmaceuticals,Biotechnology Research,501-1000,"Boston, MA, US"
898,Align Technology,Medical Equipment Manufacturing,1000+,"Tempe, Arizona, US"
899,Hennepin County,Government Administration,501-1000,"Minneapolis, Minnesota, US"
900,American Residential Services,Consumer Services,501-1000,"Memphis, TN, US"
901,Delta Dental Ins.,Insurance,501-1000,"San Francisco, California, US"
902,American Institutes for Research,Research Services,501-1000,"Arlington, Virginia, US"
903,BJC HealthCare,Hospitals and Health Care,1000+,"St. Louis, MO, US"
904,RITE AID,Retail,1000+,"Philadelphia, Pennsylvania, US"
905,The Depository Trust & Clearing Corporation (DTCC),Financial Services,501-1000,"Jersey City, NJ, US"
906,Strategic Staffing Solutions,IT Services and IT Consulting,501-1000,"Detroit, MI, US"
907,Akin Gump Strauss Hauer & Feld LLP,Law Practice,501-1000,"0, 0, US"
908,Holland & Knight LLP,Law Practice,501-1000,"Miami, Florida, US"
909,Hibu,Advertising Services,501-1000,"Cedar Rapids, Iowa, US"
910,InterSystems,Software Development,501-1000,"Cambridge, MA, US"
911,Benchmark,Computers and Electronics Manufacturing,1000+,"Tempe, Arizona, US"
912,Federal Deposit Insurance Corporation (FDIC),Banking,501-1000,"Washington, DC, US"
913,Carnival Corporation,Travel Arrangements,1000+,"Miami, FL, US"
914,Intertek,International Trade and Development,1000+,"London, 0, GB"
915,Baird,Financial Services,501-1000,"Milwaukee, WI, US"
916,Indotronix International Corporation,Staffing and Recruiting,501-1000,"Rochester, NY, US"
917,International SOS,Hospitals and Health Care,1000+,"Singapore, 0, SG"
918,Columbia Sportswear Company,Retail Apparel and Fashion,501-1000,"Portland, Oregon, US"
919,CoStar Group,Real Estate,501-1000,"Washington, DC, US"
920,"Ross Stores, Inc.",Retail,1000+,"Dublin, CA, US"
921,IEEE,Non-profit Organizations,1000+,"Piscataway, NJ, US"
922,Response Companies,Staffing and Recruiting,1-10,"New York, NY, US"
923,Rohde & Schwarz,Telecommunications,1000+,"München, Bayern, DE"
924,Mercy,Hospitals and Health Care,1000+,"St Louis, MO, US"
925,State of Tennessee,Government Administration,1000+,"0, 0, US"
926,Meijer,Retail,1000+,"Grand Rapids, Michigan, US"
927,American Medical Association,Non-profit Organizations,501-1000,"Chicago, IL, US"
928,Auburn University,Higher Education,501-1000,"Auburn, AL, US"
929,RS,Truck Transportation,501-1000,"London, England, GB"
930,SGK,Advertising Services,501-1000,"Des Plaines, Illinois, US"
931,Tag,Media Production,501-1000,"London, London, GB"
932,"Spectrum Brands, Inc",Manufacturing,501-1000,"Middleton, WI, US"
933,Nature Portfolio,Book and Periodical Publishing,201-500,"London, Greater London, GB"
934,NRG Energy,Consumer Services,1000+,"Houston, Texas, US"
935,American Bar Association,Law Practice,201-500,"Chicago, IL, US"
936,NYS Department of Transportation,Civil Engineering,501-1000,"Albany, NY, US"
937,The University of Texas at San Antonio,Higher Education,501-1000,"San Antonio, TX, US"
938,Fred Hutch,Hospitals and Health Care,501-1000,"Seattle, WA, US"
939,"PDS Tech Commercial, Inc.",Staffing and Recruiting,501-1000,"Irving, Texas, US"
940,Plastic Omnium,Motor Vehicle Manufacturing,1000+,"Levallois-Perret, Ile-de-France, FR"
941,Gates Corporation,Automation Machinery Manufacturing,1000+,"Denver, Colorado, US"
942,Acuity Brands,"Appliances, Electrical, and Electronics Manufacturing",1000+,"Atlanta, Georgia, US"
943,CEI,IT Services and IT Consulting,201-500,"Pittsburgh, Pennsylvania, US"
944,Bekaert,Manufacturing,1000+,"Zwevegem, West-Vlaanderen, BE"
945,Norton Rose Fulbright,Law Practice,501-1000,"London, 0, GB"
946,Jostens,Manufacturing,501-1000,"Minneapolis, Minnesota, US"
947,CHS Inc.,Food and Beverage Manufacturing,1000+,"Minnesota, 55077, US"
948,Publix Super Markets,Retail,1000+,"Lakeland, Florida, US"
949,The Johns Hopkins University Applied Physics Laboratory,Defense and Space Manufacturing,501-1000,"Laurel, Maryland, US"
950,Mott MacDonald,Civil Engineering,1000+,"Croydon, London, GB"
951,University of New Hampshire,Higher Education,501-1000,"Durham, New Hampshire, US"
952,Brown-Forman,Beverage Manufacturing,501-1000,"Louisville, KY, US"
953,Planview,Software Development,501-1000,"Austin, TX, US"
954,Sonoco,Packaging and Containers Manufacturing,1000+,"Hartsville, SC, US"
955,Academy of Art University,Higher Education,501-1000,"San Francisco, ca, US"
956,Sunrise Senior Living,Hospitals and Health Care,1000+,"McLean, Virginia, US"
957,Essendant,Wholesale,501-1000,"Deerfield, IL, US"
958,Mizuho,Financial Services,1000+,"Tokyo, Japan, JP"
959,TC Transcontinental,Packaging and Containers Manufacturing,501-1000,"Montreal, Quebec, CA"
960,Fordham University,Higher Education,501-1000,"New York, NY, US"
961,Linedata,Software Development,501-1000,"Neuilly sur Seine, Paris, FR"
962,Orica,Mining,1000+,"East Melbourne, Victoria, AU"
963,Huxley,Staffing and Recruiting,51-200,"London, England, GB"
964,Blue Cross Blue Shield of Michigan,Insurance,501-1000,"Detroit, Michigan, US"
965,Domino's,Restaurants,1000+,"Ann Arbor, MI, US"
966,The Leukemia & Lymphoma Society,Non-profit Organizations,501-1000,"Rye Brook, NY, US"
967,Crane Aerospace & Electronics,Aviation and Aerospace Component Manufacturing,501-1000,"Lynnwood, Washington, US"
968,The Carlyle Group,Financial Services,501-1000,"Washington, DC, US"
969,CSL,Biotechnology Research,1000+,"Melbourne, Victoria, AU"
970,TEAM LEWIS,Advertising Services,201-500,"London, England, GB"
971,Xcel Energy,Utilities,1000+,"Minneapolis, Minnesota, US"
972,AutoZone,Retail,1000+,"Memphis, TN, US"
973,Boston Medical Center (BMC),Hospitals and Health Care,501-1000,"Boston, MA, US"
974,NETGEAR,Software Development,501-1000,"San Jose, California, US"
975,"Woodward, Inc.",Aviation and Aerospace Component Manufacturing,501-1000,"Fort Collins, CO, US"
976,"UHY LLP, Certified Public Accountants",Accounting,501-1000,"New York, NY, US"
977,Brown & Brown Insurance,Insurance,1000+,"Daytona Beach, Florida, US"
978,"Vishay Intertechnology, Inc.","Appliances, Electrical, and Electronics Manufacturing",1000+,"Malvern, Pennsylvania, US"
979,Priceline,"Technology, Information and Internet",501-1000,"Norwalk, CT, US"
980,Davis Polk & Wardwell LLP,Law Practice,501-1000,"New York, NY, US"
981,Dillard's Inc.,Retail,1000+,"Little Rock, AR, US"
982,Lonza,Pharmaceutical Manufacturing,1000+,"Basel, 0, CH"
983,FirstEnergy,Utilities,1000+,"Akron, OH, US"
984,GM Financial,Financial Services,501-1000,"Fort Worth, Texas, US"
985,Oakley,Retail Apparel and Fashion,501-1000,"Foothill Ranch, CA, US"
986,D.R. Horton,Construction,501-1000,"Arlington, TX, US"
987,RUSH University Medical Center,Hospitals and Health Care,1000+,"Chicago, Illinois, US"
988,Barry Callebaut Group,Food and Beverage Manufacturing,1000+,"Zurich, Zurich, CH"
989,Bulgari,Retail Luxury Goods and Jewelry,501-1000,"Rome, 0, IT"
990,Cedars-Sinai,Hospitals and Health Care,1000+,"Los Angeles, CA, US"
991,Illumina,Biotechnology Research,501-1000,"San Diego, CA, US"
992,Inova Health,Hospitals and Health Care,1000+,"Falls Church, Virginia, US"
993,Maryland State Highway Administration,Civil Engineering,501-1000,"Baltimore, Maryland, US"
994,Horizon Blue Cross Blue Shield of New Jersey,Insurance,501-1000,"Newark, NJ, US"
995,Lockton,Insurance,1000+,"Global, 0, US"
996,Nexans,Manufacturing,1000+,"Courbevoie, Hauts-de-Seine, FR"
997,ECCO,Retail Apparel and Fashion,1000+,"Bredebro, South Denmark, DK"
998,Newsweek,Online Audio and Video Media,51-200,"New York, 0, US"
999,Sam's Club,Retail,1000+,"Bentonville, Arkansas, US"
1000,Corestaff Services,Staffing and Recruiting,501-1000,"Atlanta, GA, US"
1001,"McDermott International, Ltd",Oil and Gas,1000+,"Houston, Texas, US"
1002,Lennox,Manufacturing,1000+,"Richardson, TX, US"
1003,Aurora Health Care,Hospitals and Health Care,1000+,"Milwaukee, WI, US"
1004,Daiichi Sankyo US,Pharmaceutical Manufacturing,1000+,"Basking Ridge, NJ, US"
1005,St. Jude Children's Research Hospital - ALSAC,Non-profit Organizations,501-1000,"Memphis, TN, US"
1006,The Timken Company,Industrial Machinery Manufacturing,1000+,"North Canton, OH, US"
1007,Johnson Matthey,Chemical Manufacturing,1000+,"London, Greater London, GB"
1008,"Vistage Worldwide, Inc.",Professional Training and Coaching,201-500,"San Diego, California, US"
1009,Cirque du Soleil Entertainment Group,Entertainment Providers,501-1000,"Montréal, Québec, CA"
1010,SS&C Technologies,Software Development,1000+,"Windsor, CT, US"
1011,"Zones, LLC",IT Services and IT Consulting,501-1000,"Auburn, WA, US"
1012,Scientific Research Corporation,Defense and Space Manufacturing,501-1000,"Atlanta, GA, US"
1013,"University of California, Riverside",Higher Education,1000+,"Riverside, ca, US"
1014,Emmis Corporation,Venture Capital and Private Equity Principals,11-50,"Indianapolis, IN, US"
1015,GEODIS,Truck Transportation,1000+,"LEVALLOIS-PERRET, France, FR"
1016,Presidio,IT Services and IT Consulting,501-1000,"New York, NY, US"
1017,University of Arkansas,Higher Education,1000+,"Fayetteville, AR, US"
1018,EBSCO Information Services,Information Services,501-1000,"Ipswich, MA, US"
1019,"NVR, Inc.",Construction,501-1000,"Reston, Virginia, US"
1020,AlixPartners,Business Consulting and Services,501-1000,"New York, NY, US"
1021,DICK'S Sporting Goods,Retail,1000+,"Coraopolis, PA, US"
1022,Petco,Retail,1000+,"San Diego, California, US"
1023,Riverbed Technology,Software Development,501-1000,"San Francisco, California, US"
1024,Nelson Connects,Staffing and Recruiting,51-200,"San Rafael, California, US"
1025,Space Dynamics Laboratory,Defense and Space Manufacturing,501-1000,"N Logan, UT, US"
1026,Stevens Institute of Technology,Higher Education,201-500,"Hoboken, NJ, US"
1027,Blackstone,Financial Services,501-1000,"New York, NY, US"
1028,University of Maryland Baltimore County,Higher Education,501-1000,"Baltimore, MD, US"
1029,OUTFRONT Media,Advertising Services,501-1000,"New York, New York, US"
1030,STERIS,Medical Equipment Manufacturing,1000+,"Mentor, OH, US"
1031,"TRC Companies, Inc.",Environmental Services,501-1000,"Windsor, CT, US"
1032,BorgWarner,Motor Vehicle Manufacturing,1000+,"Auburn Hills, Michigan, US"
1033,Proskauer Rose LLP,Law Practice,501-1000,"New York, New York, US"
1034,International Rescue Committee,Non-profit Organizations,1000+,"New York, NY, US"
1035,"Land O'Lakes, Inc.",Food and Beverage Manufacturing,501-1000,"Arden Hills, Minnesota, US"
1036,Merkle,Business Consulting and Services,1000+,"Columbia, MD, US"
1037,Texas Health Resources,Hospitals and Health Care,1000+,"Arlington, Texas, US"
1038,The Children's Place,Retail,501-1000,"Secaucus, NJ, US"
1039,IDEXX,Biotechnology Research,1000+,"Westbrook, Maine, US"
1040,Sword Group,IT Services and IT Consulting,501-1000,"Windhof, 0, LU"
1041,Entrust,Software Development,501-1000,"Minneapolis, MN, US"
1042,Exelixis,Biotechnology Research,501-1000,"Alameda, California, US"
1043,GHX,Hospitals and Health Care,501-1000,"Louisville, CO, US"
1044,The Lubrizol Corporation,Chemical Manufacturing,501-1000,"Wickliffe, Ohio, US"
1045,Milliman,Business Consulting and Services,501-1000,"Seattle, WA, US"
1046,State of Missouri,Government Administration,1000+,"Jefferson City, Missouri, US"
1047,DAT Freight & Analytics,Truck Transportation,201-500,"Beaverton, OR, US"
1048,Mount Sinai Health System,Hospitals and Health Care,1000+,"New York, NY, US"
1049,Life Time Inc.,Wellness and Fitness Services,1000+,"Chanhassen, MN, US"
1050,Culver Careers (CulverCareers.com),Staffing and Recruiting,11-50,"Del Mar, California, US"
1051,GES - Global Experience Specialists,Events Services,501-1000,"Las Vegas, NV, US"
1052,Guy Carpenter,Insurance,501-1000,"New York, NY, US"
1053,AMETEK,Manufacturing,1000+,"Berwyn, PA, US"
1054,Littler,Law Practice,501-1000,"San Francisco, California, US"
1055,Subway,Restaurants,201-500,"0, 0, US"
1056,Acosta,Retail,1000+,"Jacksonville, FL, US"
1057,Bentley University,Higher Education,201-500,"Waltham, Massachusetts, US"
1058,"Church & Dwight Co., Inc.",Manufacturing,501-1000,"Ewing, New Jersey, US"
1059,Deutsche Bahn,Truck Transportation,1000+,"Berlin, 0, DE"
1060,The Judge Group,Staffing and Recruiting,501-1000,"Wayne, PA, US"
1061,Huber Engineered Materials,Chemical Manufacturing,501-1000,"Atlanta, Georgia, US"
1062,Globant,IT Services and IT Consulting,1000+,"San Francisco, CA, US"
1063,Orkin,Consumer Services,501-1000,"Atlanta, Georgia, US"
1064,Staffmark,Staffing and Recruiting,501-1000,"Cincinnati, Ohio, US"
1065,Cartus,Real Estate,501-1000,"Danbury, CT, US"
1066,Quad,Advertising Services,1000+,"Sussex, Wisconsin, US"
1067,James Hardie,Wholesale Building Materials,501-1000,"Chicago, Illinois, US"
1068,tms,Business Consulting and Services,501-1000,"Chicago, IL, US"
1069,Dollar General,Retail,1000+,"Goodlettsville, TN, US"
1070,Callaway Golf,Retail,501-1000,"Carlsbad, California, US"
1071,Equinix,"Technology, Information and Internet",501-1000,"Redwood City, California, US"
1072,Pactiv Evergreen Inc.,Packaging and Containers Manufacturing,1000+,"Lake Forest, IL, US"
1073,Procom,IT Services and IT Consulting,51-200,"Toronto, Ontario, CA"
1074,Fish & Richardson P.C.,Law Practice,201-500,"Boston, MA, US"
1075,New Balance,Retail,501-1000,"Brighton, MA, US"
1076,O-I,"Glass, Ceramics and Concrete Manufacturing",1000+,"Perrysburg, Ohio, US"
1077,QIAGEN,Biotechnology Research,501-1000,"Venlo, Limburg, NL"
1078,Anthropologie,Retail Apparel and Fashion,501-1000,"Philadelphia, PA, US"
1079,Leonardo DRS,Defense and Space Manufacturing,501-1000,"Arlington, VA, US"
1080,Talbots,Retail,501-1000,"Hingham, MA, US"
1081,ATR International,Staffing and Recruiting,201-500,"Santa Clara, California, US"
1082,Banner Health,Hospitals and Health Care,1000+,"Phoenix, AZ, US"
1083,Charles River Laboratories,Biotechnology Research,1000+,"Wilmington, Massachusetts, US"
1084,Husky Technologies,Machinery Manufacturing,501-1000,"Bolton, ON, CA"
1085,Altair,Software Development,501-1000,"Troy, MI, US"
1086,Sumitomo Mitsui Banking Corporation – SMBC Group,Financial Services,1000+,"Tokyo, 0, JP"
1087,University of Alaska Fairbanks,Higher Education,501-1000,"Fairbanks, AK, US"
1088,Alston & Bird,Law Practice,501-1000,"Atlanta, GA, US"
1089,Munich Re,Insurance,1000+,"Munich, Bavaria, DE"
1090,Dyson,"Appliances, Electrical, and Electronics Manufacturing",1000+,"Singapore, Singapore, SG"
1091,The Guitar Center Company,Retail,1000+,"Westlake Village, CA, US"
1092,MoneyGram International,Financial Services,501-1000,"Dallas, TX, US"
1093,Douglas Elliman Real Estate,Real Estate,501-1000,"New York, NY, US"
1094,Teleflex,Medical Equipment Manufacturing,1000+,"Wayne, PA, US"
1095,"Levi, Ray & Shoup, Inc. (LRS)",IT Services and IT Consulting,201-500,"Springfield, IL, US"
1096,JSI,Non-profit Organizations,501-1000,"Boston, MA, US"
1097,Municipality of Anchorage,Government Relations Services,501-1000,"Anchorage, Alaska, US"
1098,BJ's Wholesale Club,Retail,1000+,"Marlborough, MA, US"
1099,The Toro Company,Machinery Manufacturing,1000+,"Minneapolis, Minnesota, US"
1100,CEVA Logistics,Truck Transportation,1000+,"Marseille, Provence-Alpes-Cote d'Azur, FR"
1101,GKN Automotive,Motor Vehicle Manufacturing,1000+,"London, England, GB"
1102,Bowling Green State University,Higher Education,501-1000,"Bowling Green, OH, US"
1103,CITGO,Oil and Gas,501-1000,"Houston, TX, US"
1104,COUNTRY Financial®,Insurance,501-1000,"Bloomington, IL, US"
1105,Flagstar Bank,Banking,501-1000,"Hicksville, NY, US"
1106,National Car Rental,Travel Arrangements,1000+,"St Louis, Missouri, US"
1107,Alamo Rent A Car,Travel Arrangements,501-1000,"St Louis, Missouri, US"
1108,Boral,Construction,501-1000,"North Ryde, New South Wales, AU"
1109,Molson Coors Beverage Company,Food and Beverage Services,1000+,"Chicago, Illinois, US"
1110,YASH Technologies,IT Services and IT Consulting,501-1000,"East Moline, IL, US"
1111,Calix,Software Development,501-1000,"San Jose, California, US"
1112,Mandarin Oriental Hotel Group,Hospitality,1000+,"Quarry Bay, Hong Kong, HK"
1113,Ipsen,Pharmaceutical Manufacturing,501-1000,"Boulogne Billancourt, 0, FR"
1114,Entegris,Semiconductor Manufacturing,501-1000,"Billerica, MA, US"
1115,Lectra,IT Services and IT Consulting,501-1000,"Paris, 0, FR"
1116,Lionsgate,Entertainment Providers,501-1000,"Santa Monica, CA, US"
1117,University of Rhode Island,Higher Education,501-1000,"Kingston, RI, US"
1118,Federated Hermes,Financial Services,501-1000,"Pittsburgh, PA, US"
1119,Lifespan,Hospitals and Health Care,1000+,"Providence, RI, US"
1120,Qualys,Computer and Network Security,501-1000,"Foster City, CA, US"
1121,Briggs & Stratton,Manufacturing,501-1000,"Milwaukee, WI, US"
1122,"California State University, Fullerton",Higher Education,501-1000,"Fullerton, ca, US"
1123,Gulfstream Aerospace,Aviation and Aerospace Component Manufacturing,1000+,"Savannah, Ga, US"
1124,Colonial Life,Insurance,501-1000,"Columbia, SC, US"
1125,Huhtamaki,Packaging and Containers Manufacturing,1000+,"Espoo, 0, FI"
1126,SWAROVSKI,Retail Luxury Goods and Jewelry,1000+,"Männedorf, 0, CH"
1127,Brother USA,Computers and Electronics Manufacturing,201-500,"Bridgewater, New Jersey, US"
1128,National MS Society,Non-profit Organizations,201-500,"Denver, Colorado, US"
1129,Tate & Lyle,Food and Beverage Manufacturing,501-1000,"London, England, GB"
1130,Kemper,Insurance,501-1000,"Chicago, IL, US"
1131,University of the Pacific,Higher Education,501-1000,"Stockton, California, US"
1132,Fermilab,Research Services,501-1000,"Batavia, IL, US"
1133,Univar Solutions,Chemical Manufacturing,501-1000,"Downers Grove, IL, US"
1134,Duane Morris LLP,Law Practice,501-1000,"Philadelphia, PA, US"
1135,The Port Authority of New York & New Jersey,Government Administration,501-1000,"0, 0, US"
1136,Associated Bank,Financial Services,501-1000,"Green Bay, Wisconsin, US"
1137,Konami Digital Entertainment,Entertainment Providers,501-1000,"Chuo-ku, Tokyo, JP"
1138,Infoblox,Computer and Network Security,501-1000,"Santa Clara, California, US"
1139,University of Vermont,Higher Education,501-1000,"Burlington, Vermont, US"
1140,Info-Tech Research Group,IT Services and IT Consulting,501-1000,"London, Ontario, CA"
1141,Sectra,IT Services and IT Consulting,201-500,"Linköping, 0, SE"
1142,City of Fort Worth,Government Administration,501-1000,"Fort Worth, Texas, US"
1143,Bill & Melinda Gates Foundation,Non-profit Organizations,501-1000,"Seattle, WA, US"
1144,City of Atlanta,Government Administration,501-1000,"Atlanta, Georgia, US"
1145,designory,Advertising Services,51-200,"Long Beach, CA, US"
1146,The Bolton Group,Staffing and Recruiting,1-10,"Atlanta, Georgia, US"
1147,TruTeam,Construction,1000+,"Daytona Beach, FL, US"
1148,Prologis,Real Estate,501-1000,"San Francisco, CA, US"
1149,Plante Moran,Accounting,501-1000,"Southfield, Michigan, US"
1150,Cboe Global Markets,Financial Services,501-1000,"Chicago, Illinois, US"
1151,City and County of Denver,Government Administration,1000+,"Denver, CO, US"
1152,GP Strategies Corporation,Business Consulting and Services,501-1000,"Columbia, MD, US"
1153,Ghirardelli Chocolate Company,Manufacturing,501-1000,"San Leandro, CA, US"
1154,State of Iowa - Executive Branch,Government Administration,1000+,"0, 0, US"
1155,Des Moines Public Schools,Education Administration Programs,501-1000,"Des Moines, Iowa, US"
1156,ARA,Defense and Space Manufacturing,501-1000,"Albuquerque, NM, US"
1157,The Rockefeller University,Research Services,501-1000,"New York, NY, US"
1158,TSMC,Semiconductor Manufacturing,1000+,"Hsinchu, Taiwan, TW"
1159,Imerys,Mining,1000+,"Paris, Ile-de-France, FR"
1160,National Hockey League (NHL),Spectator Sports,501-1000,"New York, New York, US"
1161,Polaris Inc.,Manufacturing,1000+,"Medina, Minnesota, US"
1162,"California State University, Long Beach",Higher Education,501-1000,"Long Beach, CA, US"
1163,FORVIA HELLA,Motor Vehicle Manufacturing,1000+,"Lippstadt, 0, DE"
1164,Western & Southern Financial Group,Financial Services,501-1000,"Cincinnati, OH, US"
1165,Echo Global Logistics,Truck Transportation,501-1000,"Chicago, IL, US"
1166,Greenspun Media Group,Book and Periodical Publishing,51-200,"Henderson, NV, US"
1167,Henry Ford Health,Hospitals and Health Care,1000+,"Detroit, MI, US"
1168,Premier Health Partners,Hospitals and Health Care,1000+,"Dayton, OH, US"
1169,The Mount Sinai Hospital,Hospitals and Health Care,1000+,"New York, NY, US"
1170,Newmark,Real Estate,501-1000,"New York, NY, US"
1171,"Nuveen, a TIAA company",Financial Services,501-1000,"New York, NY, US"
1172,Macmillan,Book and Periodical Publishing,501-1000,"New York, NY, US"
1173,Clark County School District,Education Administration Programs,1000+,"Las Vegas, NV, US"
1174,U.S. Chamber of Commerce,Government Relations Services,201-500,"Washington, DC, US"
1175,Nilfisk,Machinery Manufacturing,501-1000,"Copenhagen Ø, 0, DK"
1176,Proforma,Advertising Services,501-1000,"Independence, Ohio, US"
1177,Belden Inc.,Manufacturing,501-1000,"St. Louis, Missouri, US"
1178,Southwest Research Institute,Research Services,501-1000,"San Antonio, TX, US"
1179,FlightSafety International,Airlines and Aviation,501-1000,"Columbus, Ohio, US"
1180,Florida Atlantic University,Higher Education,501-1000,"Boca Raton, fl, US"
1181,World Wide Technology,IT Services and IT Consulting,1000+,"Maryland Heights, Missouri, US"
1182,Covestro,Chemical Manufacturing,1000+,"Leverkusen, NRW, DE"
1183,Shaw Industries,Textile Manufacturing,1000+,"Dalton, GA, US"
1184,Brenntag,Chemical Manufacturing,1000+,"Essen, North Rhine-Westphalia, DE"
1185,Advantage Solutions,Advertising Services,1000+,"Irvine, California, US"
1186,"Universal Technical Institute, Inc.",Higher Education,501-1000,"Phoenix, Arizona, US"
1187,Porsche Cars North America,Motor Vehicle Manufacturing,51-200,"Atlanta, GA, US"
1188,TÜV Rheinland North America,Public Safety,201-500,"Littleton, MA, US"
1189,University of Missouri-Kansas City,Higher Education,501-1000,"Kansas City, MO, US"
1190,H.B. Fuller,Chemical Manufacturing,501-1000,"Vadnais Heights, MN, US"
1191,SES Satellites,Telecommunications,501-1000,"Betzdorf, Luxembourg, LU"
1192,The University of Southern Mississippi,Higher Education,501-1000,"Hattiesburg, MS, US"
1193,Advance Auto Parts,Retail,1000+,"Raleigh, NC, US"
1194,Bright Horizons,Education Administration Programs,1000+,"Newton, Massachusetts, US"
1195,King & Wood Mallesons,Law Practice,501-1000,"Hong Kong, 0, HK"
1196,Indiana University Health,Hospitals and Health Care,1000+,"Indianapolis, Indiana, US"
1197,PACSUN,Retail,1000+,"Anaheim, CA, US"
1198,Ropes & Gray LLP,Law Practice,501-1000,"Boston, MA, US"
1199,Netsmart,Software Development,501-1000,"Overland Park, KS, US"
1200,American Water,Utilities,501-1000,"Camden, NJ, US"
1201,Big Lots,Retail,1000+,"Columbus, Ohio, US"
1202,Fairview Health Services,Hospitals and Health Care,1000+,"Minneapolis, MN, US"
1203,"Lord, Abbett & Co. LLC",Financial Services,201-500,"Jersey City, NJ, US"
1204,Sheppard Mullin Richter & Hampton LLP,Law Practice,501-1000,"Los Angeles, CA, US"
1205,CareFirst BlueCross BlueShield,Insurance,501-1000,"Baltimore, MD, US"
1206,Symetra,Insurance,501-1000,"Bellevue, WA, US"
1207,National Journal,Research Services,11-50,"Washington, District of Columbia, US"
1208,Medical College of Wisconsin,Higher Education,501-1000,"0, WI, US"
1209,Brainlab,Medical Equipment Manufacturing,501-1000,"Munich, Bavaria, DE"
1210,Redwood Software,Software Development,201-500,"Frisco, Texas, US"
1211,University of Maryland Global Campus,Higher Education,501-1000,"Adelphi, Maryland, US"
1212,Dallas College,Higher Education,501-1000,"Dallas, TX, US"
1213,Savills North America,Real Estate,201-500,"New York, NY, US"
1214,VSP Vision Care,Insurance,501-1000,"Rancho Cordova, CA, US"
1215,"Medline Industries, LP",Medical Equipment Manufacturing,1000+,"Northfield, IL, US"
1216,Old Dominion University,Higher Education,501-1000,"Norfolk, va, US"
1217,Genesis10,IT Services and IT Consulting,501-1000,"New York, New York, US"
1218,EPCOR,Utilities,501-1000,"Edmonton, Alberta, CA"
1219,Symrise AG,Food and Beverage Manufacturing,1000+,"Holzminden, Lower Saxony, DE"
1220,TriNet,Human Resources Services,501-1000,"Dublin, CA, US"
1221,Braskem,Plastics Manufacturing,501-1000,"São Paulo, SP, BR"
1222,The Venetian Resort Las Vegas,Gambling Facilities and Casinos,1000+,"Las Vegas, Nevada, US"
1223,Novelis,Manufacturing,1000+,"Atlanta, GA, US"
1224,Perkins&Will,Architecture and Planning,501-1000,"Chicago, IL, US"
1225,Belk,Retail,1000+,"Charlotte, North Carolina, US"
1226,Tyler Technologies,Software Development,501-1000,"Plano, Texas, US"
1227,VHB,Civil Engineering,501-1000,"Watertown, Massachusetts, US"
1228,EY-Parthenon,Business Consulting and Services,1000+,"Boston, MA, US"
1229,Yara International,Farming,1000+,"Oslo, 0, NO"
1230,Simon-Kucher,Business Consulting and Services,501-1000,"Bonn, 0, DE"
1231,Intuitive,Medical Equipment Manufacturing,501-1000,"California, 94086, US"
1232,Miratech,IT Services and IT Consulting,201-500,"New York, NY, US"
1233,Peraton,IT Services and IT Consulting,1000+,"Reston, Virginia, US"
1234,Neurocrine Biosciences,Biotechnology Research,501-1000,"San Diego, California, US"
1235,Amica Insurance,Insurance,501-1000,"Lincoln, RI, US"
1236,Kiewit,Construction,1000+,"Omaha, NE, US"
1237,William & Mary,Higher Education,501-1000,"Williamsburg, va, US"
1238,Guidewire Software,Software Development,501-1000,"San Mateo, California, US"
1239,Miami-Dade County Public Schools,Education Administration Programs,1000+,"Miami, FL, US"
1240,Trintech,Software Development,51-200,"Plano, Texas, US"
1241,Ameren,Utilities,501-1000,"St. Louis, MO, US"
1242,Benjamin Moore,Manufacturing,501-1000,"Montvale, NJ, US"
1243,Design Within Reach,Furniture and Home Furnishings Manufacturing,201-500,"Stamford, CT, US"
1244,ITW,Machinery Manufacturing,1000+,"Glenview, IL, US"
1245,Liberty University,Higher Education,501-1000,"Lynchburg, VA, US"
1246,"Solix Technologies, Inc.",Software Development,51-200,"Santa Clara, CA, US"
1247,U.S. Office of Personnel Management (OPM),Government Administration,501-1000,"Washington, DC, US"
1248,VNS Health,Hospitals and Health Care,1000+,"New York, 0, US"
1249,Hill's Pet Nutrition,Manufacturing,501-1000,"Topeka, KS, US"
1250,X-Rite,"Appliances, Electrical, and Electronics Manufacturing",201-500,"Grand Rapids, MI, US"
1251,Commonwealth Financial Network,Financial Services,201-500,"Waltham, MA, US"
1252,Centene Corporation,Hospitals and Health Care,1000+,"Saint Louis, MO, US"
1253,VSE Corporation,Truck Transportation,501-1000,"Alexandria, VA, US"
1254,The Exchange,Retail,1000+,"Dallas, TX, US"
1255,Novant Health,Hospitals and Health Care,1000+,"Charlotte, NC, US"
1256,Pella Corporation,Wholesale Building Materials,501-1000,"Pella, IA, US"
1257,Babcock & Wilcox,Renewable Energy Semiconductor Manufacturing,501-1000,"Akron, Ohio, US"
1258,Houston Chronicle,Newspaper Publishing,201-500,"Houston, Texas, US"
1259,Kimball International,Furniture and Home Furnishings Manufacturing,501-1000,"Jasper, Indiana, US"
1260,Kimley-Horn,Civil Engineering,501-1000,"Raleigh, North Carolina, US"
1261,Ansell,Manufacturing,1000+,"Iselin, New Jersey, US"
1262,Kennesaw State University,Higher Education,501-1000,"Kennesaw, Georgia, US"
1263,The City of San Diego,Government Administration,1000+,"San Diego, CA, US"
1264,Mercury Insurance,Insurance,501-1000,"Brea, California, US"
1265,Dewberry,IT Services and IT Consulting,501-1000,"Fairfax, Virginia, US"
1266,Direct Supply,Hospitals and Health Care,501-1000,"Milwaukee, Wisconsin, US"
1267,Eastridge Workforce Solutions,Staffing and Recruiting,51-200,"San Diego, California, US"
1268,Wood,IT Services and IT Consulting,1000+,"Aberdeen, 0, GB"
1269,Iridium,Telecommunications,201-500,"McLean, VA, US"
1270,Crate and Barrel,Retail,501-1000,"Northbrook, IL, US"
1271,Aveda,Personal Care Product Manufacturing,501-1000,"0, 0, 0"
1272,Brembo,Motor Vehicle Manufacturing,1000+,"24040, Stezzano, IT"
1273,Broadspire,Insurance,501-1000,"Peachtree Corners, Georgia, US"
1274,Levy Restaurants,Food and Beverage Services,1000+,"Chicago, IL, US"
1275,Rakuten Advertising,Software Development,201-500,"San Mateo, CA, US"
1276,Mintel,Market Research,501-1000,"London, England, GB"
1277,Arkema,Chemical Manufacturing,1000+,"Colombes Cedex, 0, FR"
1278,Eastern Michigan University,Higher Education,501-1000,"Ypsilanti, MI, US"
1279,Siegel+Gale,Advertising Services,51-200,"New York, New York, US"
1280,Wright State University,Higher Education,501-1000,"Dayton, OH, US"
1281,Bolloré Logistics,Truck Transportation,1000+,"Puteaux, 0, FR"
1282,Vicor Corporation,"Appliances, Electrical, and Electronics Manufacturing",501-1000,"Andover, MA, US"
1283,"California State University, Chico",Higher Education,501-1000,"Chico, ca, US"
1284,"RealPage, Inc.",Software Development,501-1000,"Richardson, Texas, US"
1285,Protective Life,Insurance,501-1000,"Birmingham, Alabama, US"
1286,Lexar,Computers and Electronics Manufacturing,11-50,"San Jose, California, US"
1287,Milestone Systems,Software Development,201-500,"Greater Copenhagen, Denmark, DK"
1288,ORIX Corporation USA,Financial Services,501-1000,"New York, NY, US"
1289,Chevron Phillips Chemical Company,Chemical Manufacturing,501-1000,"Spring, Texas, US"
1290,HUB International,Insurance,1000+,"Chicago, IL, US"
1291,AMN Healthcare,Staffing and Recruiting,501-1000,"Dallas, TX, US"
1292,Belcan,IT Services and IT Consulting,501-1000,"Cincinnati, OH, US"
1293,Children's Health,Hospitals and Health Care,501-1000,"Dallas, TX, US"
1294,DSA,IT Services and IT Consulting,51-200,"Trevose, PA, US"
1295,Hyland,Software Development,501-1000,"Westlake, OH, US"
1296,Momentive,Chemical Manufacturing,501-1000,"Schenectady, New York, US"
1297,Eversource Energy,Utilities,501-1000,"Hartford, Connecticut, US"
1298,StubHub,Software Development,501-1000,"New York, NY, US"
1299,Arch Insurance Group Inc.,Insurance,201-500,"Jersey City, New Jersey, US"
1300,Medica,Insurance,501-1000,"Minnetonka, MN, US"
1301,PPL Corporation,Utilities,501-1000,"Allentown, PA, US"
1302,Uponor,Wholesale Building Materials,501-1000,"Helsinki, Helsinki, FI"
1303,Coinstar,Retail,51-200,"Bellevue, Washington, US"
1304,CSC,Financial Services,501-1000,"Wilmington, Delaware, US"
1305,"Caleres, Inc.",Retail Apparel and Fashion,1000+,"St. Louis, Missouri, US"
1306,Groupe Clarins,Personal Care Product Manufacturing,501-1000,"75017 PARIS, 0, FR"
1307,Rocket Software,IT Services and IT Consulting,501-1000,"Waltham, MA, US"
1308,Alkermes,Biotechnology Research,501-1000,"Dublin, 0, IE"
1309,Brooks Brothers,Retail,501-1000,"New York, NY, US"
1310,Famous Footwear,Retail,501-1000,"0, 0, US"
1311,Creighton University,Higher Education,501-1000,"Omaha, Nebraska, US"
1312,Qlik,Software Development,501-1000,"King of Prussia, PA, US"
1313,Baker Tilly US,Accounting,501-1000,"Chicago, IL, US"
1314,Ivy Tech Community College,Higher Education,501-1000,"Indianapolis, in, US"
1315,NOVA Chemicals,Chemical Manufacturing,501-1000,"Calgary, Alberta, CA"
1316,"Lexicon Pharmaceuticals, Inc.",Pharmaceutical Manufacturing,11-50,"The Woodlands, TX, US"
1317,Stifel Financial Corp.,Financial Services,501-1000,"St. Louis, MO, US"
1318,Videojet Technologies,Printing Services,501-1000,"Wood Dale, IL, US"
1319,DLC,Business Consulting and Services,51-200,"Los Angeles, California, US"
1320,HNTB,Civil Engineering,501-1000,"0, 0, US"
1321,GHD,Civil Engineering,1000+,"Sydney, 0, AU"
1322,JDRF International,Fundraising,201-500,"New York, New York, US"
1323,Konecranes,Machinery Manufacturing,1000+,"Hyvinkaa, 0, FI"
1324,Pep Boys,Motor Vehicle Manufacturing,501-1000,"Bala-Cynwyd, Pennsylvania, US"
1325,Subaru of America,Motor Vehicle Manufacturing,501-1000,"Camden, NJ, US"
1326,QinetiQ US,Defense and Space Manufacturing,501-1000,"McLean, Virginia, US"
1327,IONOS,IT Services and IT Consulting,501-1000,"Montabaur, Rheinland-Pfalz, DE"
1328,"Sherpa | Recruiting, Staffing & Consulting",Staffing and Recruiting,51-200,"Charlotte, NC, US"
1329,New York Institute of Technology,Higher Education,201-500,"New York, New York, US"
1330,Lamar Advertising Company,Advertising Services,501-1000,"Baton Rouge, LA, US"
1331,Cable ONE,Telecommunications,501-1000,"Phoenix, AZ, US"
1332,LCRA,Utilities,501-1000,"Austin, TX, US"
1333,Accuray,Medical Equipment Manufacturing,201-500,"Sunnyvale, CA, US"
1334,BankUnited,Banking,501-1000,"Miami Lakes, FL, US"
1335,Nordson Corporation,Machinery Manufacturing,501-1000,"Westlake, OH, US"
1336,Giorgio Armani,Retail Apparel and Fashion,1000+,"Milano, MI, IT"
1337,Minuteman Press,Printing Services,11-50,"Farmingdale, NY, US"
1338,Tecan,Biotechnology Research,501-1000,"Männedorf, ZH, CH"
1339,"Shook, Hardy & Bacon L.L.P.",Law Practice,501-1000,"Kansas City, Missouri, US"
1340,Webster Bank,Banking,501-1000,"Stamford, CT, US"
1341,CooperVision,Medical Equipment Manufacturing,501-1000,"San Ramon, California, US"
1342,Games Workshop Ltd,Retail,501-1000,"Nottingham, Nottinghamshire, GB"
1343,BART,Truck Transportation,501-1000,"Oakland, California, US"
1344,Mace,Construction,501-1000,"London, 0, GB"
1345,CARFAX,Software Development,501-1000,"Centreville, VA, US"
1346,Genuine Parts Company,Motor Vehicle Manufacturing,1000+,"Atlanta, Georgia, US"
1347,New York City Police Department,Law Enforcement,1000+,"New York, NY, US"
1348,NBCUniversal Telemundo Enterprises,Broadcast Media Production and Distribution,501-1000,"Miami, Florida, US"
1349,BayCare Health System,Hospitals and Health Care,1000+,"Clearwater, Florida, US"
1350,Meta,Software Development,1000+,"Menlo Park, CA, US"
1351,Fragomen,Law Practice,501-1000,"New York, NY, US"
1352,Everi Holdings Inc.,Gambling Facilities and Casinos,501-1000,"Las Vegas, Nevada, US"
1353,Securian Financial,Financial Services,501-1000,"St. Paul, Minnesota, US"
1354,ESR,IT Services and IT Consulting,501-1000,"0, 0, FR"
1355,Vulcan Materials Company,Mining,501-1000,"Birmingham, AL, US"
1356,American Psychological Association,Non-profit Organizations,201-500,"Washington, DC, US"
1357,Paradise Valley Hospital,Hospitals and Health Care,501-1000,"National City, California, US"
1358,CarsDirect.com,Motor Vehicle Manufacturing,51-200,"El Segundo, CA, US"
1359,Promega Corporation,Biotechnology Research,501-1000,"Madison, WI, US"
1360,Steptoe LLP,Law Practice,501-1000,"Washington, DC, US"
1361,(USTA) United States Tennis Association,Spectator Sports,51-200,"Purchase, New York, US"
1362,BAI,Financial Services,11-50,"Chicago, IL, US"
1363,Chick-fil-A Corporate Support Center,Restaurants,501-1000,"Atlanta, GA, US"
1364,CHRISTUS Health,Hospitals and Health Care,1000+,"Irving, TX, US"
1365,Rent-A-Center,Retail,1000+,"Plano, TX, US"
1366,Cooper Standard,Motor Vehicle Manufacturing,1000+,"Northville, Michigan, US"
1367,Fresenius Kabi USA,Pharmaceutical Manufacturing,501-1000,"Lake Zurich, Illinois, US"
1368,Converse,Retail Apparel and Fashion,501-1000,"Boston, MA, US"
1369,NORC at the University of Chicago,Research Services,501-1000,"Chicago, IL, US"
1370,ACT,Education Administration Programs,201-500,"Remote, 0, US"
1371,Butler Aerospace & Defense,Staffing and Recruiting,501-1000,"Shelton, CT, US"
1372,City of Phoenix,Government Administration,1000+,"Phoenix, AZ, US"
1373,David's Bridal,Retail,501-1000,"Conshohocken, PA, US"
1374,Quinnox,IT Services and IT Consulting,501-1000,"Chicago, Illinois, US"
1375,Crowell & Moring,Law Practice,501-1000,"Washington, DC, US"
1376,The Wonderful Company,Food and Beverage Manufacturing,501-1000,"Los Angeles, California, US"
1377,POM Wonderful,Food and Beverage Manufacturing,51-200,"Los Angeles, California, US"
1378,FIJI Water,Beverage Manufacturing,51-200,"Los Angeles, CA, US"
1379,Semtech,Software Development,501-1000,"Camarillo, CA, US"
1380,"U.S. Xpress, Inc.",Truck Transportation,501-1000,"Chattanooga, TN, US"
1381,Brookfield Properties,Real Estate,501-1000,"New York, NY, US"
1382,GKN Aerospace,Aviation and Aerospace Component Manufacturing,1000+,"Birmingham, West Midlands, GB"
1383,Alzheimer's Association®,Non-profit Organizations,501-1000,"Chicago, Illinois, US"
1384,Swagelok,Industrial Machinery Manufacturing,501-1000,"Solon, Ohio, US"
1385,The J.M. Smucker Co.,Manufacturing,501-1000,"Orrville, Ohio, US"
1386,Turner & Townsend,Construction,501-1000,"Horsforth, Leeds, GB"
1387,EverBank,Banking,501-1000,"Jacksonville, FL, US"
1388,Heartland,Financial Services,501-1000,"Oklahoma City, Oklahoma, US"
1389,Insight Global,Staffing and Recruiting,501-1000,"Atlanta, Georgia, US"
1390,Liebherr Group,Industrial Machinery Manufacturing,1000+,"Biberach, 0, DE"
1391,"Pinnacle Group, Inc.",IT Services and IT Consulting,501-1000,"Dallas, Texas, US"
1392,Starkey Hearing,Medical Equipment Manufacturing,501-1000,"Eden Prairie, MN, US"
1393,Swissport,Airlines and Aviation,1000+,"Zurich Airport, 0, CH"
1394,University of Mississippi,Higher Education,501-1000,"University, MS, US"
1395,Orlando Health,Hospitals and Health Care,1000+,"Orlando, FL, US"
1396,Terminix,Consumer Services,1000+,"Memphis, Tennessee, US"
1397,Westat,Research Services,501-1000,"Rockville, MD, US"
1398,ESCO Group LLC,Mining,501-1000,"Portland, OR, US"
1399,Infinite Computer Solutions,IT Services and IT Consulting,1000+,"Rockville, Maryland, US"
1400,KSB Company,Industrial Machinery Manufacturing,1000+,"Frankenthal, Rheinland-Pfalz, DE"
1401,New York Post,Media Production,201-500,"New York, New York, US"
1402,Nova Ltd.,Semiconductor Manufacturing,501-1000,"Rehovot, 0, IL"
1403,"Berry Global, Inc.",Plastics Manufacturing,1000+,"Evansville, IN, US"
1404,Douglas County,Government Administration,501-1000,"Castle Rock, CO, US"
1405,"Kinder Morgan, Inc.",Oil and Gas,1000+,"Houston, Texas, US"
1406,Venable LLP,Law Practice,501-1000,"Washington, DC, US"
1407,Environmental Defense Fund,Non-profit Organizations,501-1000,"New York, New York, US"
1408,"Hill International, Inc.",Construction,501-1000,"Mount Laurel, New Jersey, US"
1409,"Matson, Inc.","Transportation, Logistics, Supply Chain and Storage",501-1000,"Honolulu, HI, US"
1410,Matson Logistics,Truck Transportation,201-500,"Walnut Creek, California, US"
1411,Shiseido,Personal Care Product Manufacturing,1000+,"Minato-ku, Tokyo, JP"
1412,Travis County,Government Administration,501-1000,"Austin, Texas, US"
1413,Vaco,Staffing and Recruiting,1000+,"Brentwood, Tennessee, US"
1414,Tarkett,Wholesale Building Materials,1000+,"Paris La Défense, 0, FR"
1415,Yazaki North America,Motor Vehicle Manufacturing,1000+,"Canton, Michigan, US"
1416,Girl Scouts of the USA,Civic and Social Organizations,51-200,"New York, New York, US"
1417,Graco,Machinery Manufacturing,501-1000,"Minneapolis, MN, US"
1418,Hillel International,Non-profit Organizations,11-50,"Washington, DC, US"
1419,Leggett & Platt,Furniture and Home Furnishings Manufacturing,1000+,"Carthage, Missouri, US"
1420,SHRM,Human Resources Services,51-200,"Alexandria, VA, US"
1421,National Renewable Energy Laboratory,Research Services,501-1000,"Golden, CO, US"
1422,Prysmian,Manufacturing,1000+,"Milan, Italy, IT"
1423,Clark Construction Group,Construction,501-1000,"United States, 0, US"
1424,Children's National Hospital,Hospitals and Health Care,501-1000,"Washington, DC, US"
1425,Austin Community College,Higher Education,501-1000,"Austin, tx, US"
1426,General Atomics,Defense and Space Manufacturing,1000+,"San Diego, CA, US"
1427,Ingenio,Software Development,51-200,"San Francisco, CA, US"
1428,Janney Montgomery Scott LLC,Financial Services,501-1000,"Philadelphia, 0, US"
1429,NCDOT,Truck Transportation,501-1000,"Raleigh, NC, US"
1430,Citi,Financial Services,1000+,"New York, New York, US"
1431,Siemens Gamesa,Renewable Energy Semiconductor Manufacturing,1000+,"Zamudio, Vizcaya, ES"
1432,PGA TOUR,Spectator Sports,201-500,"Ponte Vedra Beach, FL, US"
1433,MGIC,Insurance,201-500,"Milwaukee, WI, US"
1434,Onward Technologies Limited,Software Development,501-1000,"Mumbai, Maharashtra, IN"
1435,SageNet,Telecommunications,51-200,"Tulsa, Oklahoma, US"
1436,Arlington County Government,Government Administration,501-1000,"Arlington, Virginia, US"
1437,PVH Corp.,Retail Apparel and Fashion,1000+,"New York City, NY, US"
1438,Bartech Staffing,Staffing and Recruiting,501-1000,"Southfield, MI, US"
1439,Woodside Energy,Oil and Gas,501-1000,"Perth, Western Australia, AU"
1440,"BDS Connected Solutions, LLC.",Advertising Services,501-1000,"Lake Forest, California, US"
1441,NFP,Insurance,501-1000,"New York, New York, US"
1442,Navy Federal Credit Union,Financial Services,1000+,"Vienna, VA, US"
1443,AAAS,Non-profit Organizations,51-200,"Washington, DC, US"
1444,Hormel Foods,Manufacturing,1000+,"Austin, MN, US"
1445,Mainline Information Systems,IT Services and IT Consulting,51-200,"Tallahassee, FL, US"
1446,Midcontinent Independent System Operator (MISO),Utilities,201-500,"Carmel, IN, US"
1447,WEX,Software Development,501-1000,"Portland, Maine, US"
1448,Barings,Financial Services,501-1000,"Charlotte, North Carolina, US"
1449,BioMarin Pharmaceutical Inc.,Biotechnology Research,501-1000,"San Rafael, CA, US"
1450,C&S Wholesale Grocers,Wholesale,1000+,"Keene, NH, US"
1451,Open Systems Technologies,Staffing and Recruiting,51-200,"New York, NY, US"
1452,AAA-The Auto Club Group,Insurance,501-1000,"Dearborn, MI, US"
1453,MAC Cosmetics,Personal Care Product Manufacturing,1000+,"0, 0, US"
1454,Markel,Insurance,501-1000,"Glen Allen, Virginia, US"
1455,Proofpoint,Computer and Network Security,501-1000,"Sunnyvale, California, US"
1456,Rich Products Corporation,Food and Beverage Manufacturing,1000+,"Buffalo, NY, US"
1457,"Combined, a Chubb Company",Insurance,501-1000,"Chicago, Illinois, US"
1458,Leonardo,Defense and Space Manufacturing,1000+,"Roma, Roma, IT"
1459,Freedom Mortgage,Financial Services,501-1000,"Boca Raton, Florida, US"
1460,Oceaneering,Oil and Gas,1000+,"Houston, Texas, US"
1461,Tennant Company,Machinery Manufacturing,501-1000,"Eden Prairie, MN, US"
1462,Wesco,Wholesale,1000+,"Pittsburgh, Pennsylvania, US"
1463,OneAmerica Financial,Financial Services,501-1000,"Indianapolis, IN, US"
1464,Zilliant,Software Development,51-200,"Austin, TX, US"
1465,Atlantic Health System,Hospitals and Health Care,1000+,"Morristown, New Jersey, US"
1466,Baptist Health,Hospitals and Health Care,1000+,"Jacksonville, Florida, US"
1467,Trader Joe's,Retail,1000+,"Monrovia, California, US"
1468,Avature,Software Development,501-1000,"New York, New York, US"
1469,Bank of Hawaii,Banking,501-1000,"Honolulu, HI, US"
1470,Boise State University,Higher Education,501-1000,"Boise, ID, US"
1471,Broadridge,Financial Services,1000+,"New York, New York, US"
1472,Arby's,Restaurants,1000+,"Atlanta, Georgia, US"
1473,Barrick Gold Corporation,Mining,1000+,"Toronto, Ontario, CA"
1474,Centric Consulting,Business Consulting and Services,501-1000,"Dayton, Ohio, US"
1475,ITR Group,IT Services and IT Consulting,11-50,"Mendota Heights, MN, US"
1476,Main Line Health,Hospitals and Health Care,1000+,"Radnor Township, Pennsylvania, US"
1477,Myriad Genetics,Biotechnology Research,501-1000,"Salt Lake City, Utah, US"
1478,Boost Mobile,Telecommunications,201-500,"Littleton, Colorado, US"
1479,Cambridge Health Alliance,Hospitals and Health Care,501-1000,"Cambridge, MA, US"
1480,Novanta Inc.,"Appliances, Electrical, and Electronics Manufacturing",501-1000,"Bedford, Massachusetts, US"
1481,Virginia Mason Franciscan Health,Hospitals and Health Care,1000+,"Tacoma, Washington, US"
1482,Wilson Elser,Law Practice,501-1000,"New York, NY, US"
1483,Epiq,Law Practice,501-1000,"New York, New York, US"
1484,Griffith Foods,Food and Beverage Manufacturing,501-1000,"Alsip, Illinois, US"
1485,Buchanan Ingersoll & Rooney PC,Law Practice,201-500,"Pittsburgh, Pennsylvania, US"
1486,Sg2,Hospitals and Health Care,51-200,"Chicago, Illinois, US"
1487,Medidata Solutions,Software Development,501-1000,"New York, NY, US"
1488,Park Nicollet Health Services,Hospitals and Health Care,501-1000,"Saint Louis Park, MN, US"
1489,Ocean Spray Cranberries,Food and Beverage Services,501-1000,"Middleboro-Lakeville, Massachusetts, US"
1490,Pratt Institute,Higher Education,501-1000,"Brooklyn, NY, US"
1491,BENTELER Group,Motor Vehicle Manufacturing,1000+,"Salzburg, 0, AT"
1492,Towson University,Higher Education,501-1000,"Towson, md, US"
1493,Paladin Consulting,Staffing and Recruiting,501-1000,"Dallas, Texas, US"
1494,STV,Civil Engineering,501-1000,"New York, NY, US"
1495,OpenTable,Hospitality,501-1000,"San Francisco, California, US"
1496,Republican National Committee,Political Organizations,11-50,"Washington, DC, US"
1497,Safelite,Retail,1000+,"Columbus, OH, US"
1498,Tradeweb,Financial Services,501-1000,"New York, NY, US"
1499,Advantage Resourcing,Staffing and Recruiting,201-500,"Cincinnati, Ohio, US"
1500,Bon Secours,Hospitals and Health Care,1000+,"Marriottsville, Maryland, US"
1501,Denver Public Schools,Primary and Secondary Education,1000+,"Denver, CO, US"
1502,Farm Bureau Financial Services,Insurance,501-1000,"West Des Moines, IA, US"
1503,Audible,Software Development,501-1000,"Newark, NJ, US"
1504,University of Missouri-Saint Louis,Higher Education,501-1000,"St. Louis, MO, US"
1505,"MedImpact Healthcare Systems, Inc.",Pharmaceutical Manufacturing,501-1000,"San Diego, CA, US"
1506,Day & Zimmermann,Construction,1000+,"Philadelphia, PA, US"
1507,"Graphic Packaging International, LLC",Packaging and Containers Manufacturing,1000+,"Atlanta, Georgia, US"
1508,Idaho National Laboratory,Research Services,501-1000,"Idaho Falls, ID, US"
1509,Rose International,Staffing and Recruiting,501-1000,"Chesterfield, MO, US"
1510,National Federation of Independent Business (NFIB),Non-profit Organizations,201-500,"Nashville, Tennessee, US"
1511,Culligan International,Manufacturing,1000+,"Rosemont, IL, US"
1512,Sentry,Insurance,501-1000,"Stevens Point, WI, US"
1513,SICK Sensor Intelligence,Automation Machinery Manufacturing,1000+,"Waldkirch, 0, DE"
1514,Trapeze Group,Software Development,501-1000,"Mississauga, Ontario, CA"
1515,University of Richmond,Higher Education,501-1000,"University of Richmond, VA, US"
1516,Welch's,Manufacturing,201-500,"Concord, MA, US"
1517,Miami Dade College,Higher Education,501-1000,"Miami, FL, US"
1518,"Americold Logistics, LLC.",Truck Transportation,1000+,"Atlanta, Georgia, US"
1519,Atlas Air,Airlines and Aviation,501-1000,"Purchase, NY, US"
1520,Circle K,Retail,1000+,"Laval, Québec, CA"
1521,EQT Corporation,Oil and Gas,201-500,"Pittsburgh, PA, US"
1522,Mimeo,Printing Services,201-500,"New York, 0, US"
1523,FCS Software Solutions Ltd,IT Services and IT Consulting,501-1000,"Noida, Uttar Pradesh, IN"
1524,Leica Microsystems,Medical Equipment Manufacturing,501-1000,"Wetzlar, 0, DE"
1525,Leviton,"Appliances, Electrical, and Electronics Manufacturing",501-1000,"Melville, New York, US"
1526,Conservation International,Non-profit Organizations,201-500,"Arlington, Virginia, US"
1527,Cracker Barrel,Restaurants,1000+,"Lebanon, Tn, US"
1528,DPR Construction,Construction,501-1000,"Redwood City, California, US"
1529,UNOPS,Non-profit Organizations,501-1000,"Copenhagen, 0, DK"
1530,Granite Construction,Construction,501-1000,"Watsonville, California, US"
1531,General Dynamics Electric Boat,Defense and Space Manufacturing,1000+,"Groton, Connecticut, US"
1532,Markem-Imaje,Automation Machinery Manufacturing,501-1000,"Vernier, Geneva, CH"
1533,PDF Solutions,Software Development,51-200,"Santa Clara, California, US"
1534,Pilgrim's,Food and Beverage Manufacturing,1000+,"Greeley, Colorado, US"
1535,Uline,Wholesale,501-1000,"Pleasant Prairie, WI, US"
1536,Yardi,Software Development,501-1000,"Santa Barbara, CA, US"
1537,CompHealth,Staffing and Recruiting,501-1000,"Midvale, Utah, US"
1538,Sensient Technologies Corporation,Chemical Manufacturing,501-1000,"Milwaukee, WI, US"
1539,Windstream,Telecommunications,1000+,"Little Rock, AR, US"
1540,Food Lion,Retail,1000+,"Salisbury, North Carolina, US"
1541,Brookhaven National Laboratory,Research Services,501-1000,"Upton, NY, US"
1542,Copyright Clearance Center (CCC),Information Services,201-500,"Danvers, MA, US"
1543,Crum & Forster,Insurance,501-1000,"Morristown, New Jersey, US"
1544,Detroit Medical Center,Hospitals and Health Care,1000+,"Detroit, Michigan, US"
1545,Children's Hospital of Michigan,Hospitals and Health Care,501-1000,"Detroit, Michigan, US"
1546,Exclusive Resorts,Hospitality,11-50,"Denver, CO, US"
1547,Federal Bureau of Prisons - Career Connections,Law Enforcement,1000+,"Washington, DC, US"
1548,Montclair State University,Higher Education,1000+,"Montclair, NJ, US"
1549,Scooter's Coffee,Food and Beverage Services,201-500,"Omaha, Nebraska, US"
1550,Holland & Hart LLP,Law Practice,201-500,"Denver, CO, US"
1551,Sargent & Lundy,IT Services and IT Consulting,501-1000,"Chicago, IL, US"
1552,Sierra Nevada Corporation,Defense and Space Manufacturing,501-1000,"Sparks, NV, US"
1553,Burns & McDonnell,Construction,1000+,"Kansas City, MO, US"
1554,ChristianaCare,Hospitals and Health Care,1000+,"Newark, Delaware, US"
1555,2K,Computer Games,501-1000,"Novato, California, US"
1556,Viking,Travel Arrangements,501-1000,"Basel, Switzerland, CH"
1557,HealthFitness,Wellness and Fitness Services,501-1000,"Lake Forest, IL, US"
1558,Hexcel Corporation,Aviation and Aerospace Component Manufacturing,501-1000,"Stamford, CT, US"
1559,HMSHost,Food and Beverage Services,1000+,"0, 0, US"
1560,IREX,Non-profit Organizations,51-200,"Washington, DC, US"
1561,Pernod Ricard,Beverage Manufacturing,1000+,"Paris, Ile-de-France, FR"
1562,CuraScript SD by Evernorth,Pharmaceutical Manufacturing,51-200,"Lake Mary, FL, US"
1563,Genmab,Biotechnology Research,501-1000,"Copenhagen V, 0, DK"
1564,"Loomis, Sayles & Company",Financial Services,201-500,"Boston, MA, US"
1565,Boys & Girls Clubs of America,Non-profit Organizations,201-500,"Atlanta, Georgia, US"
1566,SMX,IT Services and IT Consulting,501-1000,"Hollywood, MD, US"
1567,Hendrickson,Truck Transportation,501-1000,"Woodridge, IL, US"
1568,Rittal North America LLC,"Appliances, Electrical, and Electronics Manufacturing",201-500,"Schaumburg, Illinois, US"
1569,Sinclair Inc.,Broadcast Media Production and Distribution,501-1000,"Cockeysville, Maryland, US"
1570,Smith Hanley Associates,Staffing and Recruiting,1-10,"Southport, CT, US"
1571,"eHealth, Inc.",Insurance,501-1000,"Santa Clara, California, US"
1572,Mercy Health,Hospitals and Health Care,1000+,"Cincinnati, Ohio, US"
1573,MultiCare Health System,Hospitals and Health Care,1000+,"Tacoma, WA, US"
1574,New Resources Consulting,IT Services and IT Consulting,11-50,"Milwaukee, Wisconsin, US"
1575,Orange County Government,Government Administration,501-1000,"Orlando, Florida, US"
1576,Biotage,Biotechnology Research,201-500,"Uppsala, 0, SE"
1577,Harris County,Government Administration,1000+,"0, 0, US"
1578,"PENN Entertainment, Inc",Gambling Facilities and Casinos,1000+,"Wyomissing, Pennsylvania, US"
1579,HurixDigital,IT Services and IT Consulting,201-500,"Mumbai, Maharashtra, IN"
1580,Mindteck,IT Services and IT Consulting,501-1000,"Bangalore, Karnataka, IN"
1581,Aggreko,Utilities,501-1000,"Dumbarton, 0, GB"
1582,Aston Carter,Staffing and Recruiting,501-1000,"0, 0, 0"
1583,Beam Suntory,Beverage Manufacturing,501-1000,"New York, NY, US"
1584,Constant Contact,Advertising Services,501-1000,"Waltham, MA, US"
1585,Acronis,Software Development,501-1000,"Schaffhausen, Switzerland, CH"
1586,Adventist HealthCare,Hospitals and Health Care,501-1000,"Gaithersburg, MD, US"
1587,Management Sciences for Health,Non-profit Organizations,501-1000,"Medford, Massachusetts, US"
1588,City of Indianapolis,Government Administration,501-1000,"Indianapolis, Indiana, US"
1589,Empire Today,Retail,501-1000,"Northlake, IL, US"
1590,Kao Corporation,Personal Care Product Manufacturing,1000+,"Tokyo, Kanto, JP"
1591,Modine Manufacturing Company,Manufacturing,1000+,"Racine, WI, US"
1592,Optiver,Financial Services,501-1000,"Amsterdam, 0, NL"
1593,Frost,Financial Services,501-1000,"San Antonio, Texas, US"
1594,Hiscox,Insurance,501-1000,"Hamilton, 0, BM"
1595,Nexon America,Computer Games,51-200,"El Segundo, California, US"
1596,Parkland Health,Hospitals and Health Care,1000+,"Dallas, Texas, US"
1597,Accruent,Software Development,501-1000,"Austin, TX, US"
1598,TransPerfect,Translation and Localization,501-1000,"New York, NY, US"
1599,Systems Planning & Analysis,Defense and Space Manufacturing,501-1000,"Alexandria, VA, US"
1600,Conair LLC,Manufacturing,501-1000,"Stamford, CT, US"
1601,Integra LifeSciences,Medical Equipment Manufacturing,501-1000,"Princeton, New Jersey, US"
1602,Ledgent,Staffing and Recruiting,51-200,"Orange, CA, US"
1603,"McLane Company, Inc.",Truck Transportation,1000+,"Temple, Texas, US"
1604,Zimmerman Advertising,Advertising Services,201-500,"Fort Lauderdale, FL, US"
1605,"HKS, Inc.",Architecture and Planning,501-1000,"Dallas, Texas, US"
1606,Skechers,Retail,1000+,"Manhattan Beach, California, US"
1607,ELEKS,IT Services and IT Consulting,501-1000,"Tallinn, Harju maakond, EE"
1608,Cambrex,Pharmaceutical Manufacturing,501-1000,"East Rutherford, New Jersey, US"
1609,Constellation Brands,Food and Beverage Services,501-1000,"Victor, NY, US"
1610,Opportunity International,Non-profit Organizations,1000+,"Chicago, Illinois, US"
1611,Regeneron,Biotechnology Research,1000+,"Tarrytown, New York, US"
1612,Leadership Institute,Political Organizations,11-50,"Arlington, VA, US"
1613,ValueLabs,IT Services and IT Consulting,501-1000,"Hyderabad, Telangana, IN"
1614,Contra Costa County,Government Administration,1000+,"Martinez, California, US"
1615,Devereux Advanced Behavioral Health,Mental Health Care,501-1000,"Villanova, PA, US"
1616,"Gordon Rees Scully Mansukhani, LLP",Law Practice,501-1000,"San Francisco, CA, US"
1617,Harris Computer,Software Development,1000+,"Ottawa, Ontario, CA"
1618,Greif,Packaging and Containers Manufacturing,1000+,"Delaware, Ohio, US"
1619,Excelacom,IT Services and IT Consulting,201-500,"Reston, Virginia, US"
1620,World Learning,Non-profit Organizations,501-1000,"Washington, DC, US"
1621,Signet Jewelers,Retail,1000+,"Akron, Ohio, US"
1622,Brose Group,Motor Vehicle Manufacturing,1000+,"Coburg, 0, DE"
1623,Jackson Lewis P.C.,Law Practice,501-1000,"New York, NY., US"
1624,MarketAxess,Financial Services,201-500,"New York, NY, US"
1625,Oakland University,Higher Education,501-1000,"Rochester, Michigan, US"
1626,Portland General Electric,Utilities,501-1000,"Portland, OR, US"
1627,TranSystems,Civil Engineering,501-1000,"Kansas City, MO, US"
1628,Trigyn Technologies,IT Services and IT Consulting,501-1000,"Mumbai, 0, IN"
1629,ArisGlobal,Software Development,501-1000,"Waltham, Massachusetts, US"
1630,CoBank,Banking,501-1000,"Greenwood Village, CO, US"
1631,Magna International,Motor Vehicle Manufacturing,1000+,"Aurora, Ontario, CA"
1632,Stepan Company,Chemical Manufacturing,501-1000,"Northbrook, Illinois, US"
1633,ZOLL Medical Corporation,Medical Equipment Manufacturing,501-1000,"MA, 01824, US"
1634,WiseTech Global,Software Development,501-1000,"Alexandria, New South Wales, AU"
1635,ABF Freight,Truck Transportation,1000+,"Fort Smith, Arkansas, US"
1636,Spirit AeroSystems,Aviation and Aerospace Component Manufacturing,1000+,"3801 S Oliver St, Wichita, KS, US"
1637,PING,Retail,201-500,"Phoenix, AZ, US"
1638,Prime Therapeutics,Insurance,501-1000,"Eagan, MN, US"
1639,United States Olympic & Paralympic Committee,Spectator Sports,51-200,"Colorado Springs, Colorado, US"
1640,Burns & Levinson LLP,Law Practice,51-200,"Boston, MA, US"
1641,Community Health Network,Hospitals and Health Care,1000+,"Indianapolis, IN, US"
1642,Eliassen Group,Business Consulting and Services,501-1000,"Reading, MA, US"
1643,Freudenberg Sealing Technologies,Manufacturing,1000+,"Weinheim, 0, DE"
1644,Lesley University,Higher Education,201-500,"Cambridge, MA, US"
1645,Marathon Petroleum Corporation,Oil and Gas,1000+,"Findlay, Ohio, US"
1646,Bluegreen Vacations,Hospitality,501-1000,"Boca Raton, FL, US"
1647,Zegna,Retail Luxury Goods and Jewelry,501-1000,"Milan, Lombardy, IT"
1648,Hach,Environmental Services,501-1000,"Loveland, Colorado, US"
1649,International Atomic Energy Agency (IAEA),International Affairs,501-1000,"Vienna, 0, AT"
1650,Apex IT,IT Services and IT Consulting,11-50,"Cottage Grove, MN, US"
1651,Mortenson,Construction,501-1000,"Minneapolis, Minnesota, US"
1652,Mozilla,Software Development,201-500,"San Francisco, CA, US"
1653,expand group,Staffing and Recruiting,1-10,"Brighton, 0, GB"
1654,BECU,Banking,501-1000,"Tukwila, WA, US"
1655,"Wheels, Inc.",Financial Services,501-1000,"Des Plaines, IL, US"
1656,Expro,Oil and Gas,501-1000,"Houston, Texas, US"
1657,Builders FirstSource,Wholesale Building Materials,1000+,"Irving, TX, US"
1658,CES,IT Services and IT Consulting,501-1000,"Bolingbrook, Illinois, US"
1659,Dematic,Truck Transportation,1000+,"Atlanta, Georgia, US"
1660,Western Governors University,Higher Education,501-1000,"Salt Lake City, UT, US"
1661,LensCrafters,Retail Apparel and Fashion,1000+,"Cincinnati, Ohio, US"
1662,The Mars Agency,Advertising Services,201-500,"Southfield, MI, US"
1663,RadNet,Hospitals and Health Care,501-1000,"Los Angeles, California, US"
1664,SANS Institute,Computer and Network Security,51-200,"Rockville, Maryland, US"
1665,Volvo Financial Services,Financial Services,501-1000,"Greensboro, North Carolina, OO"
1666,"Softworld, a Kelly Company",Staffing and Recruiting,501-1000,"Waltham, MA, US"
1667,AvalonBay Communities,Real Estate,501-1000,"Arlington, Virginia, US"
1668,Aéropostale,Retail,1000+,"New York, 0, US"
1669,Carters Inc.,Retail Apparel and Fashion,1000+,"Atlanta, Georgia, US"
1670,Dallas Fort Worth International Airport (DFW),Airlines and Aviation,501-1000,"DFW Airport, TX, US"
1671,CJ Logistics America,Truck Transportation,501-1000,"Des Plaines, Illinois, US"
1672,Wiley Rein LLP,Law Practice,201-500,"Washington, District of Columbia, US"
1673,VisitBritain,Travel Arrangements,11-50,"London, England, GB"
1674,Lhoist,Mining,501-1000,"Limelette, Walloon Region, BE"
1675,Printpack,Packaging and Containers Manufacturing,501-1000,"Atlanta, GA, US"
1676,Academy Sports + Outdoors,Retail,1000+,"Katy, Texas, US"
1677,Cascades,Packaging and Containers Manufacturing,1000+,"Kingsey Falls, Québec, CA"
1678,Staff Management | SMX,Staffing and Recruiting,201-500,"Chicago, Illinois, US"
1679,Wildlife Conservation Society,Non-profit Organizations,501-1000,"Bronx, New York, US"
1680,Solomon Page,Staffing and Recruiting,501-1000,"New York, NY, US"
1681,RWJBarnabas Health,Hospitals and Health Care,1000+,"West Orange, New Jersey, US"
1682,KARL STORZ United States,Medical Equipment Manufacturing,501-1000,"El Segundo, California, US"
1683,GIA (Gemological Institute of America),Non-profit Organizations,501-1000,"Carlsbad, California, US"
1684,Clean Harbors,Environmental Services,1000+,"Norwell, MA, US"
1685,Denver Health,Hospitals and Health Care,501-1000,"Denver, CO, US"
1686,CSI,IT Services and IT Consulting,501-1000,"Paducah, KY, US"
1687,Transurban,Truck Transportation,501-1000,"Melbourne, Victoria, AU"
1688,American Modern Insurance Group,Insurance,501-1000,"Cincinnati, OH, US"
1689,Perry Ellis International,Retail Apparel and Fashion,201-500,"Doral, FL, US"
1690,P.F. Chang's,Restaurants,1000+,"Scottsdale, Arizona, US"
1691,East West Bank,Banking,501-1000,"Pasadena, CA, US"
1692,Newegg,Retail,501-1000,"City of Industry, California, US"
1693,Armanino LLP,Accounting,501-1000,"San Ramon, CA, US"
1694,AVEVA,Software Development,501-1000,"Cambridge, 0, GB"
1695,Susan G. Komen,Non-profit Organizations,51-200,"Dallas, Texas, US"
1696,Zeno Group,Public Relations and Communications Services,201-500,"New York, NY, US"
1697,Avangrid,Utilities,501-1000,"Orange, Connecticut, US"
1698,Erie Insurance Group,Insurance,501-1000,"Erie, PA, US"
1699,Tommy Bahama,Retail Apparel and Fashion,501-1000,"Seattle, Washington, US"
1700,Eastern Bank,Banking,501-1000,"Boston, Massachusetts, US"
1701,Comrise,Staffing and Recruiting,11-50,"Woodbridge Township, New Jersey, US"
1702,McLean Hospital,Mental Health Care,501-1000,"Belmont, MA, US"
1703,"Movado Group, Inc",Retail Luxury Goods and Jewelry,501-1000,"Paramus, New Jersey, US"
1704,Jefferson Health,Hospitals and Health Care,501-1000,"Philadelphia, PA, US"
1705,Peterson's,Education Administration Programs,11-50,"Denver, Colorado, US"
1706,Selective Insurance,Insurance,501-1000,"Branchville, NJ, US"
1707,Batesville,Manufacturing,501-1000,"Batesville, Indiana, US"
1708,Butler University,Higher Education,501-1000,"Indianapolis, in, US"
1709,Profiles,Staffing and Recruiting,11-50,"Baltimore, MD, US"
1710,Renaissance Learning,Primary and Secondary Education,501-1000,"Wisconsin Rapids, WI, US"
1711,Scripps Health,Hospitals and Health Care,1000+,"San Diego, California, US"
1712,Tampa Electric,Utilities,501-1000,"Tampa, FL, US"
1713,Inditex,Retail,1000+,"Arteixo, A Coruña, ES"
1714,Universal Instruments Corporation,"Appliances, Electrical, and Electronics Manufacturing",201-500,"Conklin, NY, US"
1715,"Jockey International, Inc.",Retail,501-1000,"Kenosha, WI, US"
1716,Metropolitan State University of Denver,Higher Education,501-1000,"Denver, Colorado, US"
1717,"Trinity Industries, Inc.",Truck Transportation,1000+,"Dallas, Texas, US"
1718,EDB,Software Development,201-500,"Bedford, MA, US"
1719,Hannaford Supermarkets,Retail,1000+,"Scarborough, Maine, US"
1720,HealthStream,Software Development,201-500,"Nashville, TN, US"
1721,Performance Food Group,Food and Beverage Services,1000+,"Richmond, VA, US"
1722,Baptist Health,Hospitals and Health Care,1000+,"Coral Gables, Florida, US"
1723,City of Palo Alto,Government Administration,501-1000,"Palo Alto, California, US"
1724,Ansira,Advertising Services,501-1000,"St. Louis, MO, US"
1725,RED Global,IT Services and IT Consulting,51-200,"London, Greater London, GB"
1726,"FUJIFILM Sonosite, Inc.",Medical Equipment Manufacturing,201-500,"Bothell, WA, US"
1727,Tripadvisor,Software Development,501-1000,"Needham, MA, US"
1728,Kimpton Hotels & Restaurants,Hospitality,501-1000,"San Francisco, CA, US"
1729,Humanscale,Furniture and Home Furnishings Manufacturing,501-1000,"New York, 0, US"
1730,Designit,Design Services,201-500,"Copenhagen, 0, DK"
1731,Dimensional Fund Advisors,Financial Services,501-1000,"Austin, TX, US"
1732,Westgate Resorts,Hospitality,501-1000,"Orlando, Florida, US"
1733,Graham Packaging,Packaging and Containers Manufacturing,501-1000,"Lancaster, PA, US"
1734,ENGIE North America Inc.,Renewable Energy Semiconductor Manufacturing,501-1000,"Houston, Texas, US"
1735,Pacific International Executive Search,Staffing and Recruiting,11-50,"Wimbledon, London, England, GB"
1736,Formica Group North America,Wholesale Building Materials,501-1000,"Cincinnati, Ohio, US"
1737,AmeriGas,Oil and Gas,501-1000,"King of Prussia, Pennsylvania, US"
1738,Arriva Group,Truck Transportation,1000+,"Sunderland, North East, GB"
1739,Hilton Grand Vacations,Hospitality,1000+,"Orlando, FL, US"
1740,Texas Tech University Health Sciences Center,Higher Education,501-1000,"Lubbock, Texas, US"
1741,"JELD-WEN, Inc.",Wholesale Building Materials,1000+,"Charlotte, North Carolina, US"
1742,Kleinfelder,Civil Engineering,501-1000,"San Diego, California, US"
1743,Ontex,Manufacturing,501-1000,"Aalst-Erembodegem, East Flanders, BE"
1744,Acushnet Company,Manufacturing,501-1000,"Fairhaven, MA, US"
1745,Ambu A/S,Medical Equipment Manufacturing,501-1000,"Ballerup, 0, DK"
1746,DISYS,IT Services and IT Consulting,501-1000,"McLean, VA, US"
1747,"Neudesic, an IBM Company",IT Services and IT Consulting,501-1000,"Irvine, CA, US"
1748,FreshDirect,Food and Beverage Services,501-1000,"Bronx, New York, US"
1749,Hong Kong Trade Development Council,International Trade and Development,501-1000,"Wan Chai, Hong Kong, HK"
1750,1-800 CONTACTS,Retail,501-1000,"Draper, Utah, US"
1751,Molina Healthcare,Hospitals and Health Care,1000+,"Long Beach, California, US"
1752,LA Fitness,Wellness and Fitness Services,1000+,"Irvine, California, US"
1753,Boingo Wireless,Telecommunications,51-200,"Los Angeles, California, US"
1754,Boston Technology Corporation,IT Services and IT Consulting,11-50,"Marlborough, Massachusetts, US"
1755,Copart,Motor Vehicle Manufacturing,501-1000,"Dallas, TX, US"
1756,"Choate, Hall & Stewart LLP",Law Practice,51-200,"Boston, MA, US"
1757,SPS Commerce,IT Services and IT Consulting,501-1000,"Minneapolis, MN, US"
1758,Downstate Health Sciences University,Hospitals and Health Care,501-1000,"Brooklyn, New York, US"
1759,The Hunter Group Associates,Hospitality,51-200,"Chicago, IL, US"
1760,University of Advancing Technology,Higher Education,11-50,"Tempe, az, US"
1761,Windward Consulting,IT Services and IT Consulting,11-50,"Herndon, Virginia, US"
1762,"Miracle Software Systems, Inc",IT Services and IT Consulting,501-1000,"Novi, Michigan, US"
1763,Mount Carmel Health System,Hospitals and Health Care,1000+,"Columbus, Ohio, US"
1764,U.S. International Development Finance Corporation,International Trade and Development,51-200,"Washington, DC, US"
1765,Colorado School of Mines,Higher Education,501-1000,"Golden, CO, US"
1766,Tractor Supply Company,Retail,1000+,"Brentwood, TN, US"
1767,Prosegur,Security and Investigations,1000+,"Madrid, Madrid, ES"
1768,LivaNova,Medical Equipment Manufacturing,501-1000,"London, 0, GB"
1769,La Petite Academy,Education Administration Programs,1000+,"0, 0, US"
1770,Learning Care Group,Education Administration Programs,1000+,"Novi, MI, US"
1771,Bodycote,Motor Vehicle Manufacturing,501-1000,"Macclesfield, Cheshire, GB"
1772,Spirit Airlines,Airlines and Aviation,1000+,"Miramar, FL, US"
1773,Synechron,Financial Services,1000+,"New York, NY, US"
1774,Percepta,Outsourcing and Offshoring Consulting,501-1000,"Dearborn, Michigan, US"
1775,Pima County,Government Administration,501-1000,"Tucson, AZ, US"
1776,Schweitzer Engineering Laboratories (SEL),Utilities,501-1000,"Pullman, WA, US"
1777,Micro Center,Retail,501-1000,"Hilliard, OH, US"
1778,Ambient Consulting,IT Services and IT Consulting,51-200,"Minnetonka, Minnesota, US"
1779,Tesla,Motor Vehicle Manufacturing,1000+,"Austin, Texas, US"
1780,Abiomed,Medical Equipment Manufacturing,501-1000,"Danvers, MA, US"
1781,SEGULA Technologies,IT Services and IT Consulting,1000+,"Nanterre, Ile de France, FR"
1782,Colonial Pipeline Company,Oil and Gas,501-1000,"Atlanta, GA, US"
1783,Crunch Fitness,Wellness and Fitness Services,501-1000,"New York, NY, US"
1784,AECOM,Civil Engineering,1000+,"Dallas, Texas, US"
1785,Wesleyan University,Higher Education,201-500,"Middletown, CT, US"
1786,Telesat,Telecommunications,51-200,"Ottawa, Ontario, CA"
1787,Total Quality Logistics,Truck Transportation,501-1000,"Cincinnati, Ohio, US"
1788,Interstate Batteries,Manufacturing,501-1000,"Dallas, Texas, US"
1789,Extra Space Storage,Real Estate,501-1000,"Salt Lake City, UT, US"
1790,Trammell Crow Residential,Real Estate,201-500,"Dallas, TX, US"
1791,Buckman,Chemical Manufacturing,501-1000,"Memphis, Tennessee, US"
1792,PCL Construction,Construction,501-1000,"Edmonton, Alberta, CA"
1793,Protegrity,Computer and Network Security,51-200,"Stamford, Connecticut, US"
1794,Rinker Materials,Wholesale Building Materials,1000+,"0, 0, US"
1795,Sartorius,Biotechnology Research,1000+,"Göttingen, Lower Saxony, DE"
1796,Page,Architecture and Planning,501-1000,"Washington, DC, US"
1797,Liberty Tax,Accounting,51-200,"Hurst, Texas, US"
1798,Stericycle,Hospitals and Health Care,1000+,"Bannockburn, Illinois, US"
1799,Detroit Public Schools Community District,Education Administration Programs,501-1000,"Detroit, Michigan, US"
1800,Guggenheim Partners,Financial Services,501-1000,"New York, New York, US"
1801,Unishippers,Truck Transportation,501-1000,"Dallas, Texas, US"
1802,Wellstar Health System,Hospitals and Health Care,1000+,"Marietta, Georgia, US"
1803,Akerman LLP,Law Practice,501-1000,"United States, 0, US"
1804,Nitto Avecia,Pharmaceutical Manufacturing,201-500,"Milford, MA, US"
1805,LanguageLine Solutions,Translation and Localization,1000+,"Monterey, CA, US"
1806,EDF Trading,Oil and Gas,201-500,"London, London, GB"
1807,Missouri State University,Higher Education,501-1000,"Springfield, MO, US"
1808,National Association of Manufacturers - NAM,Government Relations Services,11-50,"Washington, DC, US"
1809,Questex,Information Services,51-200,"New York, NY, US"
1810,Temasek,Financial Services,201-500,"Singapore, 0, SG"
1811,The Brattle Group,Business Consulting and Services,51-200,"Boston, MA, US"
1812,Campari Group,Beverage Manufacturing,501-1000,"Sesto San Giovanni, Milan, IT"
1813,Association for Talent Development (ATD),Human Resources Services,11-50,"Alexandria, VA, US"
1814,Beazley,Insurance,501-1000,"London, 0, GB"
1815,DRW,Financial Services,501-1000,"Chicago, IL, US"
1816,American National Bank of Texas,Banking,51-200,"Terrell, TX, US"
1817,Confluence,Software Development,201-500,"Pittsburgh, PA, US"
1818,SmithGroup,Architecture and Planning,501-1000,"Detroit, MI, US"
1819,YPO,Non-profit Organizations,51-200,"Irving, Texas, US"
1820,Travelzoo,"Technology, Information and Internet",51-200,"New York, NY, US"
1821,LEONI,Motor Vehicle Manufacturing,1000+,"Nürnberg, 0, DE"
1822,NovaCare Rehabilitation,Hospitals and Health Care,1000+,"0, 0, US"
1823,PlainsCapital Bank,Banking,501-1000,"Dallas, Texas, US"
1824,Pharmavite,Manufacturing,501-1000,"West Hills, CA, US"
1825,Piedmont,Hospitals and Health Care,1000+,"Atlanta, Georgia, US"
1826,Qualitest,IT Services and IT Consulting,501-1000,"London, 0, GB"
1827,ICMA - International City/County Management Association,Non-profit Organizations,11-50,"Washington, DC, US"
1828,Matlen Silver,IT Services and IT Consulting,501-1000,"Somerville, New Jersey, US"
1829,Massachusetts Port Authority,Government Administration,501-1000,"Boston, MA, US"
1830,Northside Hospital,Hospitals and Health Care,1000+,"Atlanta, GA, US"
1831,Omya,Mining,501-1000,"CH-4665, Oftringen, CH"
1832,Ford Foundation,Non-profit Organizations,51-200,"New York, New York, US"
1833,Safilo,Retail Apparel and Fashion,501-1000,"Padova, 0, IT"
1834,Saksoft,IT Services and IT Consulting,501-1000,"Chennai, Tamil Nadu, IN"
1835,Fender Musical Instruments Corporation,Musicians,501-1000,"Los Angeles, CA, US"
1836,"firstPRO, Inc",Staffing and Recruiting,11-50,"Philadelphia, Pennsylvania, US"
1837,Chicago Transit Authority,Truck Transportation,1000+,"Chicago, IL, US"
1838,AbelsonTaylor Group,Advertising Services,51-200,"Chicago, Illinois, US"
1839,American National,Insurance,501-1000,"Galveston, Texas, US"
1840,Curia,Pharmaceutical Manufacturing,501-1000,"Albany, NY, US"
1841,ZoomInfo,Software Development,501-1000,"Vancouver, Washington, US"
1842,Party City,Retail,1000+,"Woodcliff Lake, NJ, US"
1843,WestEd,Research Services,201-500,"San Francisco, CA, US"
1844,Strategic Solutions,Business Consulting and Services,51-200,"0, 0, US"
1845,Fox Rothschild,Law Practice,501-1000,"Philadelphia, PA, US"
1846,Glenmark Pharmaceuticals,Pharmaceutical Manufacturing,1000+,"Mumbai, Maharashtra, IN"
1847,LearningMate,E-Learning Providers,501-1000,"Princeton, New Jersey, US"
1848,"LanceSoft, Inc.",IT Services and IT Consulting,501-1000,"Herndon, Virginia, US"
1849,Cross Country Healthcare,Staffing and Recruiting,501-1000,"Boca Raton, FL, US"
1850,Brightcove,Online Audio and Video Media,201-500,"Boston, Massachusetts, US"
1851,Nemours,Hospitals and Health Care,501-1000,"Jacksonville, Florida, US"
1852,CompTIA,Higher Education,51-200,"Downers Grove, IL, US"
1853,CorVel Corporation,Insurance,501-1000,"Irvine, CA, US"
1854,AAA Club Alliance,Consumer Services,501-1000,"Wilmington, Delaware, US"
1855,WakeMed,Hospitals and Health Care,501-1000,"Raleigh, NC, US"
1856,Theory,Retail Apparel and Fashion,201-500,"New York, NY, US"
1857,Healthfirst,Hospitals and Health Care,501-1000,"New York, NY, US"
1858,KEMET Electronics Corporation,"Appliances, Electrical, and Electronics Manufacturing",1000+,"Fort Lauderdale, Florida, US"
1859,Rho,Biotechnology Research,201-500,"Durham, North Carolina, US"
1860,Swinerton,Construction,501-1000,"Concord, California, US"
1861,Syska Hennessy Group,Design Services,201-500,"New York, 0, US"
1862,Crocs,Retail Apparel and Fashion,501-1000,"Broomfield, CO, US"
1863,Bass Pro Shops,Retail,1000+,"Springfield, MO, US"
1864,BPM LLP,Business Consulting and Services,501-1000,"San Francisco, CA, US"
1865,The Legal Aid Society,Law Practice,501-1000,"New York, NY, US"
1866,"Major, Lindsey & Africa",Staffing and Recruiting,51-200,"Hanover, Maryland, US"
1867,Sentient Jet,Aviation and Aerospace Component Manufacturing,11-50,"Quincy, MA, US"
1868,CTDI,Telecommunications,1000+,"West Chester, PA, US"
1869,FIFA,Spectator Sports,201-500,"0, 0, CH"
1870,Five9,Software Development,501-1000,"San Ramon, CA, US"
1871,TPN,Advertising Services,51-200,"New York, NY, US"
1872,Sorenson Communications,Telecommunications,1000+,"Salt Lake City, UT, US"
1873,Xebia,IT Services and IT Consulting,501-1000,"Atlanta, Georgia, US"
1874,Hospital for Special Surgery,Hospitals and Health Care,501-1000,"New York, NY, US"
1875,Local Initiatives Support Corporation (LISC),Non-profit Organizations,51-200,"New York, NY, US"
1876,"GOJO, Makers of PURELL",Manufacturing,501-1000,"Akron, OH, US"
1877,Jet Aviation,Aviation and Aerospace Component Manufacturing,501-1000,"Basel, BS, CH"
1878,Barnes & Thornburg LLP,Law Practice,501-1000,"Indianapolis, IN, US"
1879,California Casualty,Insurance,201-500,"San Mateo, California, US"
1880,Widener University,Higher Education,501-1000,"Chester, PA, US"
1881,Munters,Industrial Machinery Manufacturing,501-1000,"Stockholm, Stockholm County, SE"
1882,OMNIVISION,Semiconductor Manufacturing,501-1000,"Santa Clara, CA, US"
1883,Supplemental Health Care,Staffing and Recruiting,201-500,"Cottonwood Heights, Utah, US"
1884,Sur La Table,Retail,501-1000,"Seattle, WA, US"
1885,David Weekley Homes,Construction,501-1000,"Houston, Texas, US"
1886,CRB,Construction,501-1000,"Kansas City, MO, US"
1887,INTEGRIS Health,Hospitals and Health Care,1000+,"Oklahoma City, Oklahoma, US"
1888,"ABX Air, Inc.",Airlines and Aviation,201-500,"Wilmington, Ohio, US"
1889,Precor,Wellness and Fitness Services,201-500,"Woodinville, WA, US"
1890,RaceTrac,Retail,501-1000,"Atlanta, Georgia, US"
1891,Terracon,Civil Engineering,501-1000,"Olathe, Kansas, US"
1892,Hawaiian Telcom,Telecommunications,501-1000,"HONOLULU, HI, US"
1893,Hexagon Manufacturing Intelligence,IT Services and IT Consulting,501-1000,"Cobham, Surrey, GB"
1894,Home Instead,Individual and Family Services,51-200,"Omaha, NE, US"
1895,Insight Investment,Financial Services,201-500,"London, 0, GB"
1896,Nabors Industries,Oil and Gas,1000+,"Houston, Texas, US"
1897,Trek Bicycle,Sporting Goods Manufacturing,501-1000,"Waterloo, WI, US"
1898,UniFirst Corporation,Textile Manufacturing,1000+,"Wilmington, MA, US"
1899,Covanta,Environmental Services,501-1000,"Morristown, NJ, US"
1900,"Relevante, Inc.",Staffing and Recruiting,51-200,"King of Prussia, Pennsylvania, US"
1901,AIS (Applied Information Sciences),IT Services and IT Consulting,201-500,"Reston, VA, US"
1902,ATS Corporation,Automation Machinery Manufacturing,501-1000,"Cambridge, ON, CA"
1903,Blackhawk Network,Financial Services,501-1000,"Pleasanton, California, US"
1904,Cimatron,Software Development,11-50,"Givat Shmuel, 0, IL"
1905,Creation Technologies,Manufacturing,501-1000,"Boston, MA, US"
1906,eClerx,IT Services and IT Consulting,1000+,"Mumbai, Maharashtra, IN"
1907,Fisher & Paykel Appliances,Manufacturing,501-1000,"Auckland, 0, NZ"
1908,ASSYST,IT Services and IT Consulting,11-50,"Sterling, VA, US"
1909,San Francisco Giants,Spectator Sports,11-50,"San Francisco, CA, US"
1910,The Hain Celestial Group,Manufacturing,501-1000,"Hoboken, New Jersey, US"
1911,Gentex Corporation,"Appliances, Electrical, and Electronics Manufacturing",501-1000,"Zeeland, Michigan, US"
1912,Mission Foods,Food and Beverage Manufacturing,1000+,"Irving, TX, US"
1913,CoWorx Staffing Services,Staffing and Recruiting,51-200,"Morristown, NJ, US"
1914,Fandango,Software Development,201-500,"Universal City, California, US"
1915,JPS Health Network,Hospitals and Health Care,501-1000,"Fort Worth, Texas, US"
1916,SECU,Financial Services,501-1000,"Raleigh, NC, US"
1917,Walden University,Higher Education,501-1000,"0, 0, US"
1918,Haley & Aldrich,Environmental Services,201-500,"Burlington, MA, US"
1919,Public Consulting Group,IT Services and IT Consulting,501-1000,"Boston, MA, US"
1920,Quorum Software,Software Development,501-1000,"Houston, TX, US"
1921,The Jackson Laboratory,Biotechnology Research,501-1000,"Bar Harbor, ME, US"
1922,Human Rights Watch,Non-profit Organizations,51-200,"New York, NY, US"
1923,Imprimis Group,Staffing and Recruiting,11-50,"Dallas, Texas, US"
1924,Christian Dior Couture,Retail Luxury Goods and Jewelry,1000+,"Paris, Île de France, FR"
1925,AdvoCare,Wellness and Fitness Services,51-200,"Richardson, Texas, US"
1926,Umpqua Bank,Banking,501-1000,"Portland, Oregon, US"
1927,Johnson Financial Group,Financial Services,501-1000,"Racine, WI, US"
1928,Kainos,IT Services and IT Consulting,501-1000,"Belfast, 0, GB"
1929,Nth Degree,Events Services,51-200,"Duluth, GA, US"
1930,PSA BDP,Truck Transportation,501-1000,"Philadelphia, PA, US"
1931,Corsair,Computer Hardware Manufacturing,501-1000,"Milpitas, California, US"
1932,Workday,Software Development,1000+,"Pleasanton, California, US"
1933,Federal Home Loan Bank of Chicago,Banking,51-200,"Chicago, IL, US"
1934,"InterDigital, Inc.",Telecommunications,51-200,"Wilmington, DE, US"
1935,KPFF Consulting Engineers,Civil Engineering,501-1000,"Seattle, Washington, US"
1936,Infosys Consulting,Business Consulting and Services,501-1000,"Bangalore, 0, IN"
1937,MediaTek,Semiconductor Manufacturing,1000+,"Hsin-Chu, 0, TW"
1938,Ameritas,Insurance,501-1000,"Lincoln, Nebraska, US"
1939,Delta Dental of Washington,Insurance,51-200,"Seattle, Washington, US"
1940,Belmont University,Higher Education,501-1000,"Nashville, TN, US"
1941,Bowdoin College,Higher Education,201-500,"Brunswick, ME, US"
1942,ALPS ALPINE,"Appliances, Electrical, and Electronics Manufacturing",1000+,"Ota-ku, Tokyo, JP"
1943,Central Piedmont Community College,Higher Education,501-1000,"Charlotte, North Carolina, US"
1944,DART (Dallas Area Rapid Transit),Truck Transportation,501-1000,"Dallas, Texas, US"
1945,JLG Industries,Machinery Manufacturing,501-1000,"McConnellsburg, PA, US"
1946,Applied Medical,Medical Equipment Manufacturing,501-1000,"Rancho Santa Margarita, CA, US"
1947,Crestron Electronics,"Appliances, Electrical, and Electronics Manufacturing",501-1000,"Rockleigh, NJ, US"
1948,24 Seven Talent,Staffing and Recruiting,51-200,"New York, 0, US"
1949,University of South Dakota,Higher Education,501-1000,"Vermillion, sd, US"
1950,Theoris,Business Consulting and Services,11-50,"Indianapolis, IN, US"
1951,Access Intelligence,Events Services,51-200,"Rockville, Maryland, US"
1952,PrideStaff,Staffing and Recruiting,201-500,"Fresno, CA, US"
1953,Schreiber Foods,Food and Beverage Manufacturing,501-1000,"Green Bay, Wisconsin, US"
1954,Fairfield Residential,Real Estate,501-1000,"San Diego, California, US"
1955,Addison Group,Staffing and Recruiting,501-1000,"Chicago, Illinois, US"
1956,The Container Store,Retail,501-1000,"Coppell, Texas, US"
1957,Krones,Machinery Manufacturing,1000+,"Neutraubling, Bavaria, DE"
1958,Metropolitan Water District of Southern California,Utilities,501-1000,"Los Angeles, CA, US"
1959,Nefab,Packaging and Containers Manufacturing,501-1000,"Jönköping, Sweden, SE"
1960,Federated Insurance,Insurance,501-1000,"Owatonna, MN, US"
1961,Axiom,Law Practice,501-1000,"New York, NY, US"
1962,Bullhorn,Software Development,501-1000,"Boston, MA, US"
1963,Canyon Ranch,Hospitality,501-1000,"Fort Worth, Texas, US"
1964,Altium Packaging,Packaging and Containers Manufacturing,501-1000,"Atlanta, Georgia, US"
1965,American Specialty Health,Wellness and Fitness Services,501-1000,"Carmel, IN, US"
1966,Modern Luxury,Book and Periodical Publishing,51-200,"0, 0, US"
1967,Office Angels,Staffing and Recruiting,51-200,"London, 0, GB"
1968,Orion Talent,Staffing and Recruiting,51-200,"Cary, North Carolina, US"
1969,Los Angeles Dodgers,Spectator Sports,201-500,"Los Angeles, California, US"
1970,CareSource,Insurance,501-1000,"Dayton, OH, US"
1971,Core BTS,IT Services and IT Consulting,201-500,"Indianapolis, IN, US"
1972,Unitek Learning,Education Administration Programs,201-500,"Newport Beach, CA, US"
1973,Welocalize,Translation and Localization,501-1000,"New York, NY, US"
1974,St. David's HealthCare,Hospitals and Health Care,501-1000,"Austin, Texas, US"
1975,Panda Restaurant Group,Restaurants,1000+,"Rosemead, California, US"
1976,Physicians Mutual,Insurance,201-500,"Omaha, Nebraska, US"
1977,"ProTech Services Group, Inc.",IT Services and IT Consulting,11-50,"Memphis, TN, US"
1978,Ritchie Bros.,Machinery Manufacturing,501-1000,"Westchester, Illinois, US"
1979,Gallagher Bassett,Insurance,501-1000,"Rolling Meadows, Illinois, US"
1980,Hoag Health System,Hospitals and Health Care,501-1000,"Newport Beach, Ca, US"
1981,Omaha Public Power District,Utilities,501-1000,"Omaha, NE, US"
1982,Glatfelter,Manufacturing,501-1000,"Charlotte, North Carolina, US"
1983,"Kraft & Kennedy, Inc.",IT Services and IT Consulting,11-50,"New York, NY, US"
1984,Cherry Bekaert,Accounting,501-1000,"Raleigh, North Carolina, US"
1985,Destination by Hyatt,Hospitality,1000+,"Englewood, Colorado, US"
1986,"Merit Medical Systems, Inc.",Medical Equipment Manufacturing,501-1000,"South Jordan, Utah, US"
1987,Nemak,Motor Vehicle Manufacturing,1000+,"Villa de Garcia, Nuevo Leon, MX"
1988,Generac,Renewable Energy Semiconductor Manufacturing,501-1000,"Waukesha, WI, US"
1989,Brooksource,IT Services and IT Consulting,501-1000,"Indianapolis, Indiana, US"
1990,Burrell Communications,Advertising Services,11-50,"Chicago, IL, US"
1991,Douglas County School District,Primary and Secondary Education,501-1000,"Castle Rock, CO, US"
1992,Eide Bailly LLP,Accounting,501-1000,"United States, 0, US"
1993,"MasterBrand, Inc.",Wholesale Building Materials,1000+,"Jasper, IN, US"
1994,Verinext,IT Services and IT Consulting,51-200,"Blue Bell, PA, US"
1995,Golden State Warriors,Spectator Sports,201-500,"San Francisco, California, US"
1996,"Vorys, Sater, Seymour and Pease LLP",Law Practice,201-500,"Columbus, OH, US"
1997,UDR - Opening Doors to your future,Real Estate,501-1000,"Highlands Ranch, Colorado, US"
1998,Dollar Tree Stores,Retail,1000+,"0, 0, 0"
1999,Genesco,Retail,1000+,"Nashville, Tennessee, US"
2000,ALDO Group,Retail,501-1000,"Montreal, Quebec, CA"
2001,California Closets,Design Services,501-1000,"Richmond, CA, US"
2002,SYSPRO Americas,Software Development,201-500,"Tustin, California, US"
2003,Legacy Health,Hospitals and Health Care,1000+,"Portland, OR, US"
2004,NJ TRANSIT,Government Administration,501-1000,"Newark, New Jersey, US"
2005,Playtech,Software Development,501-1000,"London, England, GB"
2006,Crown Lift Trucks,Truck Transportation,1000+,"New Bremen, Ohio, US"
2007,Crown Equipment Corporation,Truck Transportation,1000+,"New Bremen, OH, US"
2008,Zeta Global,Advertising Services,501-1000,"New York, New York, US"
2009,Florida Gulf Coast University,Higher Education,501-1000,"Fort Myers, Florida, US"
2010,The Jacobson Group,Staffing and Recruiting,11-50,"Chicago, IL, US"
2011,Universal Service Administrative Co. (USAC),Telecommunications,201-500,"Washington, DISTRICT OF COLUMBIA, US"
2012,Saul Ewing LLP,Law Practice,201-500,"Philadelphia, PA, US"
2013,Taylor Morrison,Real Estate,501-1000,"Scottsdale, AZ, US"
2014,Forrest Solutions,Staffing and Recruiting,501-1000,"New York, NY, US"
2015,American Arbitration Association,Alternative Dispute Resolution,201-500,"New York, NY, US"
2016,Cato Corporation,Retail,501-1000,"Charlotte, North Carolina, US"
2017,Imprivata,Software Development,201-500,"Waltham, MA, US"
2018,Amplifon,Retail,1000+,"Milan, 0, IT"
2019,Bankrate,Consumer Services,201-500,"Charlotte, North Carolina, US"
2020,Docusign,Software Development,501-1000,"San Francisco, CA, US"
2021,Dorman Products,Motor Vehicle Manufacturing,501-1000,"Colmar, Pennsylvania, US"
2022,Option Care Health,Hospitals and Health Care,501-1000,"Bannockburn, Illinois, US"
2023,PSCU,Financial Services,501-1000,"St Petersburg, Florida, US"
2024,SquareTrade,Consumer Services,201-500,"Brisbane, California, US"
2025,TeamHealth,Hospitals and Health Care,1000+,"Knoxville, TN, US"
2026,Topco Associates LLC,Retail,51-200,"Itasca, Illinois, US"
2027,The University of Vermont Medical Center,Hospitals and Health Care,501-1000,"Burlington, VT, US"
2028,Fox Racing,Retail Apparel and Fashion,51-200,"Irvine, CA, US"
2029,Joulé,Staffing and Recruiting,11-50,"Edison, New Jersey, US"
2030,Altarum,Hospitals and Health Care,51-200,"Ann Arbor, MI, US"
2031,CPS Energy,Utilities,501-1000,"San Antonio, Texas, US"
2032,Union College,Higher Education,201-500,"Schenectady, NY, US"
2033,Wells Enterprises,Food and Beverage Manufacturing,501-1000,"Le Mars, Iowa, US"
2034,West Fraser,Paper and Forest Product Manufacturing,1000+,"Quesnel, BC, CA"
2035,ORBCOMM,Software Development,201-500,"Rochelle Park, New Jersey, US"
2036,Farm Credit Services of America,Financial Services,501-1000,"Omaha, Nebraska, US"
2037,"Global Technical Talent, an Inc. 5000 Company",Staffing and Recruiting,51-200,"Portsmouth, New Hampshire, US"
2038,Marina Maher Communications (MMC),Public Relations and Communications Services,11-50,"New York, NY, US"
2039,Prestige Staffing,Staffing and Recruiting,11-50,"Atlanta, GA, US"
2040,Angi,Software Development,501-1000,"Denver, CO, US"
2041,Internet2,Computer Networking Products,11-50,"Ann Arbor, MI, US"
2042,The Forum Group,Staffing and Recruiting,11-50,"New York, NY, US"
2043,Valley Bank,Banking,501-1000,"Morristown, New Jersey, US"
2044,The International Foundation for Electoral Systems,International Affairs,51-200,"Arlington, VA, US"
2045,College of the Holy Cross,Higher Education,201-500,"Worcester, MA, US"
2046,Trinity Consultants,Environmental Services,501-1000,"Dallas, Texas, US"
2047,Hancock Whitney,Banking,501-1000,"New Orleans, Louisiana, US"
2048,Epic Games,Computer Games,501-1000,"Cary, NC, US"
2049,NeighborWorks America,Non-profit Organizations,51-200,"Washington, DC, US"
2050,Touro University,Higher Education,501-1000,"New York, NY, US"
2051,Morehouse School of Medicine,Higher Education,501-1000,"Atlanta, GA, US"
2052,Portland Trail Blazers @ the Rose Quarter,Entertainment Providers,201-500,"Portland, Oregon, US"
2053,Carollo Engineers,Environmental Services,501-1000,"Walnut Creek, California, US"
2054,Mechanics Bank,Banking,501-1000,"Walnut Creek, CA, US"
2055,David Yurman,Retail Luxury Goods and Jewelry,501-1000,"New York, NY, US"
2056,AE Business Solutions,IT Services and IT Consulting,11-50,"Madison, Wisconsin, US"
2057,Kansas City National Security Campus,Defense and Space Manufacturing,501-1000,"Kansas City, MO, US"
2058,Old Republic Title,Real Estate,501-1000,"0, 0, US"
2059,BAYADA Home Health Care,Hospitals and Health Care,1000+,"Pennsauken Township, New Jersey, US"
2060,Horizon Air,Airlines and Aviation,501-1000,"Seattle, Washington, US"
2061,Regency Centers,Real Estate,51-200,"Jacksonville, Florida, US"
2062,Ruffalo Noel Levitz,Higher Education,201-500,"Cedar Rapids, IA, US"
2063,Museum of Pop Culture (MoPOP),"Museums, Historical Sites, and Zoos",11-50,"Seattle, WA, US"
2064,Lloyd Staffing,Staffing and Recruiting,11-50,"Melville, NY, US"
2065,Atrium,Staffing and Recruiting,51-200,"New York, NY, US"
2066,Mutual of America Financial Group,Financial Services,501-1000,"New York, NY, US"
2067,American Dental Association,Non-profit Organizations,51-200,"Chicago, IL, US"
2068,Anne Arundel County Public Schools,Primary and Secondary Education,1000+,"Annapolis, Maryland, US"
2069,Benchmark Mortgage (NMLS #2143),Financial Services,201-500,"Plano, TX, US"
2070,Collette,Travel Arrangements,201-500,"Pawtucket, Rhode Island, US"
2071,Lewis University,Higher Education,201-500,"Romeoville, il, US"
2072,ConsultNet Technology Services and Solutions,Staffing and Recruiting,51-200,"Salt Lake City, Utah, US"
2073,Doe-Anderson,Advertising Services,11-50,"Louisville, Kentucky, US"
2074,Motion,Automation Machinery Manufacturing,501-1000,"Birmingham, Alabama, US"
2075,Technologent,IT Services and IT Consulting,51-200,"Irvine, California, US"
2076,Lakeshore Learning Materials,Retail,501-1000,"Carson, CA, US"
2077,Regency Hospital Company,Hospitals and Health Care,501-1000,"Mechanicsburg, PA, US"
2078,Fannie Mae,Financial Services,501-1000,"Washington, District of Columbia, US"
2079,Monterey Bay Aquarium,"Museums, Historical Sites, and Zoos",201-500,"Monterey, CA, US"
2080,Phoenix Suns,Spectator Sports,51-200,"Phoenix, AZ, US"
2081,Alliant Credit Union,Financial Services,201-500,"Chicago, IL, US"
2082,ISO New England Inc.,Utilities,201-500,"Holyoke, MA, US"
2083,Peabody Energy,Mining,501-1000,"St. Louis, Missouri, US"
2084,West Pharmaceutical Services,Pharmaceutical Manufacturing,501-1000,"Exton, PA, US"
2085,Tulsa Community College,Higher Education,201-500,"Tulsa, Oklahoma, US"
2086,Corporation for Public Broadcasting,Broadcast Media Production and Distribution,11-50,"0, 0, US"
2087,First Financial Bank,Banking,501-1000,"Cincinnati, OH, US"
2088,KABOOM!,Non-profit Organizations,11-50,"Bethesda, Maryland, US"
2089,Meridian Technologies,IT Services and IT Consulting,51-200,"Charlotte, NC, US"
2090,OEC,Software Development,501-1000,"Fairlawn, Ohio, US"
2091,Wayfair,Retail,1000+,"Boston, MA, US"
2092,Emerson Health,Hospitals and Health Care,501-1000,"Concord, MA, US"
2093,Helzberg Diamonds,Retail,501-1000,"North Kansas City, Missouri, US"
2094,Safe Horizon,Non-profit Organizations,201-500,"New York, NY, US"
2095,Share Our Strength,Non-profit Organizations,51-200,"Washington, DC, US"
2096,Fanshawe College,Higher Education,501-1000,"London, Ontario, CA"
2097,The Seattle Public Library,Libraries,201-500,"Seattle, WA, US"
2098,University of Southern Indiana,Higher Education,501-1000,"Evansville, in, US"
2099,St. Louis Community College,Higher Education,501-1000,"Bridgeton, Missouri, US"
2100,Bimbo Bakeries USA,Food and Beverage Manufacturing,1000+,"Horsham, PA, US"
2101,Vi,Hospitals and Health Care,501-1000,"Chicago, Illinois, US"
2102,ESG Consulting,IT Services and IT Consulting,51-200,"Fremont, California, US"
2103,Inchcape Shipping Services,Truck Transportation,501-1000,"London, England, GB"
2104,CoreCivic,Public Safety,1000+,"Nashville, TN, US"
2105,Cotiviti,IT Services and IT Consulting,501-1000,"South Jordan, UT, US"
2106,California Energy Commission,Government Administration,201-500,"Sacramento, California, US"
2107,Investis Digital,Advertising Services,201-500,"London, England, GB"
2108,Boston Celtics,Spectator Sports,11-50,"Boston, MA, US"
2109,Christopher Newport University,Higher Education,201-500,"Newport News, VA, US"
2110,Dassault Falcon Jet,Aviation and Aerospace Component Manufacturing,501-1000,"Little Ferry, NJ, US"
2111,Kidder Mathews,Real Estate,201-500,"Seattle, Washington, US"
2112,Mediaocean,Software Development,501-1000,"New York, NY, US"
2113,Vantage Mobility,Motor Vehicle Manufacturing,51-200,"Phoenix, AZ, US"
2114,CalSTRS,Government Administration,501-1000,"West Sacramento, CA, US"
2115,Digital Realty,IT Services and IT Consulting,501-1000,"Austin, TX, US"
2116,Michael Kors,Retail Apparel and Fashion,1000+,"New York, New York, US"
2117,LA Clippers,Spectator Sports,51-200,"Los Angeles, California, US"
2118,Olsson,Civil Engineering,501-1000,"Lincoln, NE, US"
2119,"Waffle House, Inc.",Restaurants,1000+,"Norcross, Georgia, US"
2120,American Institute of Physics,Non-profit Organizations,51-200,"College Park, MD, US"
2121,BBSI,Human Resources Services,201-500,"Vancouver, WA, US"
2122,Eastdil Secured,Investment Banking,201-500,"New York, NY, US"
2123,IMB (International Mission Board),Religious Institutions,501-1000,"Richmond, Virginia, US"
2124,Scientific American,Book and Periodical Publishing,11-50,"New York, New York, US"
2125,StandardAero,Aviation and Aerospace Component Manufacturing,501-1000,"Scottsdale, AZ, US"
2126,Beanstalk - Brand Extension Licensing Agency,Advertising Services,11-50,"New York, 0, US"
2127,St. John Knits,Retail Luxury Goods and Jewelry,501-1000,"Newport Beach, CA, US"
2128,California Academy of Sciences,"Museums, Historical Sites, and Zoos",201-500,"San Francisco, CA, US"
2129,National Radio Astronomy Observatory,Research Services,51-200,"Charlottesville, Virginia, US"
2130,PenFed Credit Union,Financial Services,501-1000,"McLean, Virginia, US"
2131,IAA,Motor Vehicle Manufacturing,501-1000,"Westchester, IL, US"
2132,Life Care Centers of America,Hospitals and Health Care,1000+,"Cleveland, Tennessee, US"
2133,Madison Area Technical College,Higher Education,501-1000,"Madison, WI, US"
2134,Solution Design Group,IT Services and IT Consulting,51-200,"Golden Valley, MN, US"
2135,The Energy Authority,Utilities,51-200,"Jacksonville, Florida, US"
2136,San Diego Zoo Wildlife Alliance,Non-profit Organizations,501-1000,"San Diego, CA, US"
2137,American Bureau of Shipping (ABS),"Transportation, Logistics, Supply Chain and Storage",501-1000,"Spring, Texas, US"
2138,First Hawaiian Bank,Banking,501-1000,"Honolulu, Hawaii, US"
2139,Palantir Technologies,Software Development,501-1000,"Denver, Colorado, US"
2140,Russell Stover Chocolates,Food and Beverage Manufacturing,501-1000,"Kansas City, Missouri, US"
2141,Sonic Automotive,Motor Vehicle Manufacturing,1000+,"Charlotte, North Carolina, US"
2142,SCP Health,Hospitals and Health Care,501-1000,"Atlanta, Georgia, US"
2143,CPSI,IT Services and IT Consulting,501-1000,"Mobile, AL, US"
2144,Dallas Mavericks,Spectator Sports,11-50,"Dallas, TX, US"
2145,Hult International Business School,Higher Education,501-1000,"Cambridge, MA, US"
2146,JT4,Defense and Space Manufacturing,501-1000,"Las Vegas, NV, US"
2147,PeopleScout,Staffing and Recruiting,501-1000,"Chicago, IL, US"
2148,Parametrix,Civil Engineering,201-500,"Seattle, WA, US"
2149,RMI,Non-profit Organizations,51-200,"Boulder, CO, US"
2150,West Bend Insurance Company,Insurance,501-1000,"West Bend, WI, US"
2151,Rehmann,Financial Services,201-500,"Troy, MI, US"
2152,Huntington Health,Hospitals and Health Care,501-1000,"Pasadena, California, US"
2153,Jewish Community Federation and Endowment Fund,Non-profit Organizations,11-50,"San Francisco, CA, US"
2154,Modern Woodmen of America,Financial Services,501-1000,"Rock Island, Illinois, US"
2155,Kaleida Health,Hospitals and Health Care,1000+,"Buffalo, NY, US"
2156,In-Q-Tel (IQT),Venture Capital and Private Equity Principals,11-50,"0, 0, US"
2157,National Audubon Society,Non-profit Organizations,201-500,"New York, NY, US"
2158,Merchant & Gould P.C.,Law Practice,51-200,"Minneapolis, Minnesota, US"
2159,Southeastern Pennsylvania Transportation Authority (SEPTA),Truck Transportation,501-1000,"Philadelphia, PA, US"
2160,Staffing Solutions Enterprises,Staffing and Recruiting,1-10,"Independence, Ohio, US"
2161,Washington College,Higher Education,201-500,"Chestertown, MD, US"
2162,Chicago Trading Company,Financial Services,201-500,"Chicago, Illinois, US"
2163,Catalyte,Software Development,51-200,"Baltimore, Maryland, US"
2164,Hunter Industries,Manufacturing,501-1000,"San Marcos, California, US"
2165,Integrated DNA Technologies,Biotechnology Research,501-1000,"Coralville, IA, US"
2166,WittKieffer,Staffing and Recruiting,51-200,"Oak Brook, IL, US"
2167,Phoenix House,Non-profit Organizations,51-200,"Long Island City, New York, US"
2168,Pacific Scientific Energetic Materials Company,Defense and Space Manufacturing,201-500,"Chandler, AZ, US"
2169,Cohen & Company,Accounting,201-500,"Cleveland, OH, US"
2170,Kelsey-Seybold Clinic,Hospitals and Health Care,501-1000,"Pearland, TX, US"
2171,The Weitz Company,Construction,501-1000,"Des Moines, IA, US"
2172,Intralox,Automation Machinery Manufacturing,501-1000,"Harahan, Louisiana, US"
2173,Keene State College,Higher Education,501-1000,"Keene, New Hampshire, US"
2174,Oakton College,Higher Education,501-1000,"Des Plaines, il, US"
2175,Redfin,Real Estate,501-1000,"Seattle, WA, US"
2176,Sound Physicians,Hospitals and Health Care,501-1000,"Tacoma, WA, US"
2177,TALENT Software Services,IT Services and IT Consulting,11-50,"St. Paul, Minnesota, US"
2178,Boyd Gaming,Gambling Facilities and Casinos,1000+,"Las Vegas, Nevada, US"
2179,Drury University,Higher Education,51-200,"Springfield, MO, US"
2180,NYC Health + Hospitals,Hospitals and Health Care,1000+,"New York, NY, US"
2181,Kirton McConkie,Law Practice,51-200,"Salt Lake City, Utah, US"
2182,Laughlin Constable,Advertising Services,11-50,"Chicago, IL, US"
2183,Kaseya,Software Development,501-1000,"Miami, FL, US"
2184,Metropolitan Community College,Higher Education,501-1000,"Omaha, ne, US"
2185,New York Power Authority,Utilities,501-1000,"White Plains, NY, US"
2186,PrimePay,Software Development,201-500,"West Chester, PA, US"
2187,Victaulic,Industrial Machinery Manufacturing,501-1000,"Easton, PA, US"
2188,Coastal Carolina University,Higher Education,501-1000,"Conway, SC, US"
2189,Calian Group,Business Consulting and Services,501-1000,"Ottawa, Ontario, CA"
2190,E Ink Corporation,"Appliances, Electrical, and Electronics Manufacturing",501-1000,"Billerica, MA, US"
2191,Gotham Technology Group,IT Services and IT Consulting,11-50,"Montvale, New Jersey, US"
2192,Geosyntec Consultants,Environmental Services,501-1000,"Boca Raton, FL, US"
2193,Pure Fishing,Retail,501-1000,"Columbia, SC, US"
2194,The Citadel,Higher Education,201-500,"Charleston, South Carolina, US"
2195,St. Francis Medical Center,Hospitals and Health Care,501-1000,"Lynwood, CA, US"
2196,Trustwave,Computer and Network Security,501-1000,"Chicago, Illinois, US"
2197,Wimmer Solutions,IT Services and IT Consulting,51-200,"Seattle, WA, US"
2198,Woodard & Curran,Environmental Services,501-1000,"Portland, Maine, US"
2199,YMCA of Greater Seattle,Non-profit Organizations,501-1000,"Seattle, WA, US"
2200,Granite Telecommunications,Telecommunications,501-1000,"Quincy, MA, US"
2201,Omaha Steaks,Food and Beverage Manufacturing,501-1000,"Omaha, Nebraska, US"
2202,Orthofix,Medical Equipment Manufacturing,501-1000,"Lewisville, TX, US"
2203,ActionLink,Retail,501-1000,"Las Vegas, NV, US"
2204,Children's Aid,Non-profit Organizations,501-1000,"New York, NY, US"
2205,DDN Storage,Software Development,201-500,"Chatsworth, CA, US"
2206,Eckerd Connects,Non-profit Organizations,501-1000,"Clearwater, Florida, US"
2207,State University of New York Upstate Medical University,Hospitals and Health Care,501-1000,"0, NY, US"
2208,Rhode Island College,Higher Education,501-1000,"Providence, RI, US"
2209,Texas Association of School Boards,Education Administration Programs,51-200,"Austin, Texas, US"
2210,The Doctors Company,Insurance,201-500,"Napa, CA, US"
2211,South Shore Health,Hospitals and Health Care,501-1000,"South Weymouth, MA, US"
2212,Sun Country Airlines,Airlines and Aviation,501-1000,"Minneapolis, Minnesota, US"
2213,Titan America,Wholesale Building Materials,501-1000,"Norfolk, Virginia, US"
2214,Trinchero Family Estates,Beverage Manufacturing,501-1000,"St. Helena, CA, US"
2215,Dawson,Staffing and Recruiting,11-50,"Columbus, OH, US"
2216,Dealer Tire,Motor Vehicle Manufacturing,501-1000,"Cleveland, Ohio, US"
2217,HENSEL PHELPS,Construction,501-1000,"Greeley, CO, US"
2218,Maxonic,IT Services and IT Consulting,51-200,"Campbell, CA, US"
2219,Loro Piana,Retail Luxury Goods and Jewelry,501-1000,"Milan, Lombardy, IT"
2220,Northmarq,Real Estate,501-1000,"Bloomington, MN, US"
2221,County of Ventura,Government Administration,501-1000,"Ventura, California, US"
2222,CoreLogic,Information Services,501-1000,"Irvine, CA, US"
2223,CyberCoders,Staffing and Recruiting,51-200,"Irvine, CA, US"
2224,Red Ventures,Software Development,501-1000,"Fort Mill, SC, US"
2225,Hearth & Home Technologies,Manufacturing,501-1000,"Lakeville, Minnesota, US"
2226,Kastle Systems,IT Services and IT Consulting,201-500,"Falls Church, VA, US"
2227,Keiser University,Higher Education,501-1000,"Fort Lauderdale, Florida, US"
2228,Marcum LLP,Accounting,501-1000,"New York, New York, US"
2229,MRE Consulting,Business Consulting and Services,51-200,"Houston, TX, US"
2230,Management Concepts,Professional Training and Coaching,51-200,"Tysons Corner, VA, US"
2231,AgreeYa Solutions,IT Services and IT Consulting,501-1000,"Folsom, CA, US"
2232,Avalara,Software Development,501-1000,"Seattle, Washington, US"
2233,Woodland Park Zoo,"Museums, Historical Sites, and Zoos",51-200,"Seattle, WA, US"
2234,One Workplace,Design Services,201-500,"Santa Clara, California, US"
2235,"Nuvera Fuel Cells, LLC",Industrial Machinery Manufacturing,11-50,"Billerica, MA, US"
2236,Samaritan's Purse,Non-profit Organizations,501-1000,"Boone, NC, US"
2237,Salem Web Network,Software Development,11-50,"Richmond, VA, US"
2238,Southland Industries,Construction,501-1000,"Garden Grove, California, US"
2239,Southwest Gas Corporation,Utilities,501-1000,"Las Vegas, NV, US"
2240,Spencer Technologies,IT Services and IT Consulting,51-200,"Medway, Massachusetts, US"
2241,Tucson Electric Power,Utilities,501-1000,"Tucson, AZ, US"
2242,Hyundai AutoEver America,IT Services and IT Consulting,51-200,"Fountain Valley, CA, US"
2243,Interim HealthCare Inc.,Hospitals and Health Care,1000+,"Sunrise, FL, US"
2244,International Justice Mission,Non-profit Organizations,501-1000,"Arlington, VA, US"
2245,Bucks County Community College,Higher Education,51-200,"Newtown, PA, US"
2246,Bloom Energy,Industrial Machinery Manufacturing,501-1000,"San Jose, California, US"
2247,Guidepoint,Information Services,501-1000,"New York, NY, US"
2248,WillScot,Construction,501-1000,"Phoenix, AZ, US"
2249,Zanders,Financial Services,51-200,"Utrecht, 0, NL"
2250,"PTC Therapeutics, Inc.",Biotechnology Research,201-500,"0, 0, US"
2251,Pareto,Staffing and Recruiting,51-200,"Wilmslow, Cheshire, GB"
2252,Sercomm,Computer Networking Products,501-1000,"Taipei, 0, TW"
2253,Tarleton State University,Higher Education,501-1000,"Stephenville, tx, US"
2254,HarbourVest Partners,Venture Capital and Private Equity Principals,501-1000,"Boston, MA, US"
2255,Kraton Corporation,Chemical Manufacturing,501-1000,"The Woodlands, Texas, US"
2256,MVP Health Care,Insurance,501-1000,"Schenectady, New York, US"
2257,Aegis Therapies,Hospitals and Health Care,501-1000,"Frisco, Texas, US"
2258,ATCC,Biotechnology Research,201-500,"Manassas, VA, US"
2259,Beacon Hill Staffing Group,Staffing and Recruiting,501-1000,"Boston, MA, US"
2260,VolunteerMatch,Non-profit Organizations,1-10,"Oakland, California, US"
2261,The Walsh Group - Walsh Construction & Archer Western,Construction,501-1000,"Chicago, IL, US"
2262,The Spokesman-Review,Newspaper Publishing,201-500,"Spokane, WA, US"
2263,lululemon,Retail,1000+,"Vancouver, BC, CA"
2264,YRCI,Business Consulting and Services,51-200,"Reston, Virginia, US"
2265,Marvin,Wholesale Building Materials,501-1000,"Warroad, MN, US"
2266,Palomar Health,Hospitals and Health Care,501-1000,"Escondido, CA, US"
2267,SWBC,Financial Services,501-1000,"San Antonio, TX, US"
2268,Sia Partners,Business Consulting and Services,501-1000,"Paris, Île-de-France, FR"
2269,TTX Company,Truck Transportation,501-1000,"Charlotte, North Carolina, US"
2270,ICW Group,Insurance,501-1000,"San Diego, CA, US"
2271,International Baccalaureate,Education Administration Programs,201-500,"Genève, Switzerland, CH"
2272,Johnson Outdoors,Retail,501-1000,"Racine, WI, US"
2273,Marchon Eyewear,Retail Apparel and Fashion,501-1000,"Melville, New York, US"
2274,Lewis Roca,Law Practice,201-500,"Phoenix, Arizona, US"
2275,Advanced Acoustic Concepts,Defense and Space Manufacturing,51-200,"Hauppauge, New York, US"
2276,The Armstrong Company,Truck Transportation,501-1000,"Memphis, Tennessee, US"
2277,American Society of Clinical Oncology (ASCO),Non-profit Organizations,51-200,"Alexandria, VA, US"
2278,Atlassian,Software Development,501-1000,"Sydney, NSW, AU"
2279,Spurs Sports & Entertainment,Spectator Sports,51-200,"San Antonio, Texas, US"
2280,University of Illinois Springfield,Higher Education,201-500,"Springfield, IL, US"
2281,Vestmark,Software Development,51-200,"Wakefield, MA, US"
2282,Paycor,Software Development,501-1000,"Cincinnati, OH, US"
2283,Ocean Bank,Banking,201-500,"Miami, Florida, US"
2284,EOG Resources,Oil and Gas,501-1000,"Houston, Texas, US"
2285,HID,Security and Investigations,501-1000,"Austin, TX, US"
2286,Genetec,Software Development,501-1000,"Montreal, QC, CA"
2287,Kinetix,Human Resources Services,11-50,"Atlanta, GA, US"
2288,Minnesota Twins,Spectator Sports,501-1000,"Minneapolis, Minnesota, US"
2289,Biotechnology Innovation Organization,Biotechnology Research,11-50,"Washington, DC, US"
2290,CyrusOne,IT Services and IT Consulting,51-200,"Dallas, TX, US"
2291,California Institute of Integral Studies,Higher Education,11-50,"San Francisco, CA, US"
2292,Equus Compute Solutions,Computer Hardware Manufacturing,11-50,"City of Industry, California, US"
2293,"TDIndustries, Inc.",Construction,501-1000,"Dallas, TX, US"
2294,Slippery Rock University of Pennsylvania,Higher Education,51-200,"Slippery Rock, Pennsylvania, US"
2295,Memphis Grizzlies,Spectator Sports,11-50,"Memphis, TN, US"
2296,Perforce Software,Software Development,501-1000,"Minneapolis, MN, US"
2297,Primary Services,Staffing and Recruiting,1-10,"Houston, Texas, US"
2298,Rooms To Go,Furniture and Home Furnishings Manufacturing,501-1000,"Seffner, FL, US"
2299,GTI Energy,Research Services,51-200,"Des Plaines, IL, US"
2300,Goodman Masson,Staffing and Recruiting,11-50,"London, London, GB"
2301,Kimmel & Associates,Staffing and Recruiting,11-50,"Asheville, NC, US"
2302,Lee Health,Hospitals and Health Care,1000+,"Ft. Myers/Cape Coral, Florida, US"
2303,Akron Children's Hospital,Hospitals and Health Care,501-1000,"Akron, Ohio, US"
2304,Artisan Partners,Financial Services,201-500,"Milwaukee, WI, US"
2305,Ashton Woods Homes,Real Estate,501-1000,"Alpharetta, GA, US"
2306,Aspire Public Schools,Primary and Secondary Education,501-1000,"Oakland, California, US"
2307,Anonymous Content,Entertainment Providers,51-200,"Culver City, California, US"
2308,Concentrix,IT Services and IT Consulting,1000+,"Newark, California, US"
2309,Children's Wisconsin,Hospitals and Health Care,501-1000,"Milwaukee, WI, US"
2310,Christianity Today,Book and Periodical Publishing,11-50,"Wheaton, IL, US"
2311,Square One Resources,Staffing and Recruiting,11-50,"London, 0, GB"
2312,Troon,Hospitality,1000+,"Scottsdale, Arizona, US"
2313,Azzur Group,Pharmaceutical Manufacturing,51-200,"Hatboro, Pennsylvania, US"
2314,Noble Corporation,Oil and Gas,501-1000,"Sugar Land, TX, US"
2315,Payden & Rygel,Financial Services,51-200,"Los Angeles, CA, US"
2316,North American Mission Board,Religious Institutions,51-200,"Alpharetta, Georgia, US"
2317,Net at Work,IT Services and IT Consulting,51-200,"New York, NY, US"
2318,Orlando Utilities Commission (OUC - The Reliable One),Utilities,501-1000,"Orlando, Florida, US"
2319,Sally Beauty,Retail,1000+,"Denton, Texas, US"
2320,Kettering Health,Hospitals and Health Care,1000+,"Kettering, OH, US"
2321,Penn Medicine Lancaster General Health,Hospitals and Health Care,501-1000,"Lancaster, PA, US"
2322,Langan Engineering & Environmental Services,Civil Engineering,501-1000,"Parsippany, NJ, US"
2323,Sofia University,Higher Education,11-50,"Palo Alto, CA, US"
2324,Central Transport,Truck Transportation,501-1000,"Warren, MI, US"
2325,City of Tempe,Government Administration,501-1000,"Tempe, Arizona, US"
2326,Camping World,Retail,1000+,"Lincolnshire, IL, US"
2327,Dinsmore & Shohl LLP,Law Practice,501-1000,"Cincinnati, Ohio, US"
2328,Dominican University of California,Higher Education,201-500,"San Rafael, CA, US"
2329,ASPCA,Non-profit Organizations,201-500,"New York, NY, US"
2330,Alcimed,Business Consulting and Services,51-200,"PARIS, 0, FR"
2331,Carpenter Technology Corporation,Manufacturing,501-1000,"Philadelphia, PA, US"
2332,SRC,Defense and Space Manufacturing,501-1000,"North Syracuse, New York, US"
2333,Stratix Corporation,IT Services and IT Consulting,51-200,"Norcross, GA, US"
2334,Primary Residential Mortgage,Financial Services,501-1000,"Salt Lake City, UT, US"
2335,Tangent International,Staffing and Recruiting,51-200,"Billericay, Essex, GB"
2336,LaSalle Network,Staffing and Recruiting,51-200,"Chicago, IL, US"
2337,Indian Health Service,Hospitals and Health Care,1000+,"Rockville, MD, US"
2338,Kimball Midwest,Wholesale,501-1000,"Columbus, OH, US"
2339,"Insight Investments, LLC",IT Services and IT Consulting,51-200,"Costa Mesa, CA, US"
2340,J.R. Simplot Company,Food and Beverage Manufacturing,1000+,"Boise, ID, US"
2341,Mitchell1,Software Development,51-200,"San Diego, CA, US"
2342,Meharry Medical College,Higher Education,201-500,"Nashville, Tennessee, US"
2343,FinThrive,Hospitals and Health Care,501-1000,"Plano, TX, US"
2344,PKWARE,Computer and Network Security,11-50,"Milwaukee, WI, US"
2345,Clark Hill Law,Law Practice,501-1000,"Detroit, MI, US"
2346,EwingCole,Architecture and Planning,51-200,"Philadelphia, PA, US"
2347,U.S. Department of Veterans Affairs,Government Administration,1000+,"Washington, DC, US"
2348,AIDS Healthcare Foundation,Hospitals and Health Care,501-1000,"Los Angeles, CA, US"
2349,Bremer Bank,Banking,501-1000,"Saint Paul, Minnesota, US"
2350,CC&N,Construction,11-50,"Brookfield, Wisconsin, US"
2351,Southwire Company,"Appliances, Electrical, and Electronics Manufacturing",501-1000,"Carrollton, GA, US"
2352,"nLIGHT, Inc.","Appliances, Electrical, and Electronics Manufacturing",501-1000,"Camas, Washington, US"
2353,Wisdom Infotech,IT Services and IT Consulting,11-50,"Brookfield, WI, US"
2354,Middlesex Health,Hospitals and Health Care,501-1000,"Middletown, CT, US"
2355,Planned Parenthood Mar Monte,Hospitals and Health Care,201-500,"San Jose, CA, US"
2356,"PLS Financial Services, Inc.",Financial Services,501-1000,"Chicago, IL, US"
2357,Pantheon,Financial Services,51-200,"London, 0, GB"
2358,Barbarian,Advertising Services,11-50,"New York, NY, US"
2359,IAVI,Research Services,51-200,"New York, NY, US"
2360,Krispy Kreme,Food and Beverage Services,1000+,"0, 0, US"
2361,Jordan's Furniture,Furniture and Home Furnishings Manufacturing,501-1000,"East Taunton, Massachusetts, US"
2362,IntePros,IT Services and IT Consulting,51-200,"Waltham, MA, Plymouth Meeting, PA,, US"
2363,Medpace,Pharmaceutical Manufacturing,501-1000,"Cincinnati, OH, US"
2364,Edgewood College,Higher Education,201-500,"Madison, wi, US"
2365,Directors Guild of America,Entertainment Providers,51-200,"Los Angeles, California, US"
2366,Greenville Technical College,Higher Education,501-1000,"Greenville, SC, US"
2367,Hiram College,Higher Education,11-50,"Hiram, OH, US"
2368,3 Day Blinds,Retail,201-500,"Irvine, CA, US"
2369,Cornerstone Home Lending,Financial Services,501-1000,"Houston, Texas, US"
2370,CoxHealth,Hospitals and Health Care,1000+,"Springfield, MO, US"
2371,Sterling Engineering,Staffing and Recruiting,201-500,"Westchester, Illinois, US"
2372,Synerfac Technical Staffing,Staffing and Recruiting,11-50,"New Castle, DE, US"
2373,Paper Source,Retail,501-1000,"Chicago, Illinois, US"
2374,Paradigm Technology,IT Services and IT Consulting,51-200,"Scottsdale, AZ, US"
2375,San Diego County Credit Union,Banking,201-500,"San Diego, CA, US"
2376,"LPA, Inc.",Architecture and Planning,51-200,"Irvine, CA, US"
2377,Memorial Health,Hospitals and Health Care,501-1000,"Savannah, Georgia, US"
2378,Colonial Williamsburg Foundation,"Museums, Historical Sites, and Zoos",501-1000,"Williamsburg, VA, US"
2379,Citizens Business Bank,Banking,501-1000,"Ontario, CA, US"
2380,Celent,Research Services,11-50,"US, Europe, Asia-Pac, Primary Offices, OO"
2381,Dewey Square Group,Public Relations and Communications Services,11-50,"Boston, MA, US"
2382,ECPI University,Higher Education,501-1000,"Virginia Beach, va, US"
2383,EDG,Oil and Gas,201-500,"Metairie, LA, US"
2384,Helen of Troy,Manufacturing,501-1000,"El Paso, Texas, US"
2385,America First Credit Union,Financial Services,501-1000,"Riverdale, Utah, US"
2386,Bottega Veneta,Retail Luxury Goods and Jewelry,501-1000,"Milan, MI, IT"
2387,Concord Hospital Health System,Hospitals and Health Care,501-1000,"Concord, NH, US"
2388,University of Wisconsin-Stout,Higher Education,501-1000,"Menomonie, wi, US"
2389,Provident Bank,Banking,501-1000,"Jersey City, NJ, US"
2390,Upsher-Smith,Pharmaceutical Manufacturing,201-500,"Maple Grove, MN, US"
2391,Paradies Lagardère,Retail,1000+,"Atlanta, GA, US"
2392,WSFS Bank,Banking,501-1000,"Wilmington, DE, US"
2393,WD-40 Company,Chemical Manufacturing,201-500,"San Diego, California, US"
2394,White Lodging,Hospitality,501-1000,"Merrillville, IN, US"
2395,Symetri USA,Software Development,51-200,"Nashua, New Hampshire, US"
2396,Paylocity,Software Development,501-1000,"Schaumburg, Illinois, US"
2397,Applicantz,Software Development,51-200,"Houston, TX, US"
2398,Q Consulting,Staffing and Recruiting,11-50,"Minneapolis, MN, US"
2399,SSOE Group,IT Services and IT Consulting,501-1000,"Toledo, OH, US"
2400,Leap29,Staffing and Recruiting,11-50,"Wilmslow, Cheshire, GB"
2401,EnergySolutions,Environmental Services,201-500,"Salt Lake City, Utah, US"
2402,Hill Physicians Medical Group,Hospitals and Health Care,201-500,"San Ramon, California, US"
2403,Guckenheimer,Food and Beverage Services,501-1000,"San Antonio, Texas, US"
2404,Blue Cross Blue Shield of Arizona,Insurance,501-1000,"Phoenix, Arizona, US"
2405,Convergenz,Staffing and Recruiting,51-200,"Vienna, Virginia, US"
2406,City of Omaha,Government Administration,501-1000,"Omaha, Nebraska, US"
2407,City of Pittsburgh,Government Administration,501-1000,"Pittsburgh, PA, US"
2408,CommunityAmerica Credit Union,Banking,201-500,"0, 0, US"
2409,BL Companies,Civil Engineering,51-200,"Meriden, CT, US"
2410,Antenna Group,Public Relations and Communications Services,11-50,"New York, NY, US"
2411,WoodmenLife,Insurance,501-1000,"Omaha, NE, US"
2412,Simpson Strong-Tie,Wholesale Building Materials,501-1000,"Pleasanton, CA, US"
2413,SiriusPoint,Insurance,201-500,"Corporate Headquarters: Bermuda, 0, SE"
2414,Pratt Industries,Packaging and Containers Manufacturing,1000+,"Conyers, GA, US"
2415,Rochester Regional Health,Hospitals and Health Care,1000+,"Rochester, New York, US"
2416,Shea Properties,Real Estate,51-200,"Aliso Viejo, CA, US"
2417,SAE International,Non-profit Organizations,51-200,"Warrendale, PA, US"
2418,McKinstry,Construction,501-1000,"Seattle, WA, US"
2419,WeAreAspire,Staffing and Recruiting,1-10,"London, London, GB"
2420,Perkins School for the Blind,Primary and Secondary Education,201-500,"Watertown, Massachusetts, US"
2421,Diversified Communications HQ,Media Production,51-200,"Portland, Maine, US"
2422,Blue Mantis,IT Services and IT Consulting,51-200,"Portsmouth, NH, US"
2423,Homesite Insurance,Insurance,501-1000,"Boston, MA, US"
2424,Golden State Foods,Food and Beverage Manufacturing,501-1000,"Irvine, CA, US"
2425,City of Rochester,Government Administration,501-1000,"Rochester, New York, US"
2426,Dunlop Sports Americas,Retail,201-500,"Huntington Beach, CA, US"
2427,Driehaus Capital Management LLC,Financial Services,11-50,"Chicago, IL, US"
2428,Event 360,Events Services,11-50,"Chicago, IL, US"
2429,Dakota State University,Higher Education,201-500,"Madison, SD, US"
2430,American Medical Response,Hospitals and Health Care,1000+,"Greenwood Village, CO, US"
2431,ACCO Engineered Systems,Construction,501-1000,"Pasadena, CA, US"
2432,American College of Surgeons,Non-profit Organizations,51-200,"Chicago, IL, US"
2433,CF Industries,Chemical Manufacturing,501-1000,"Northbrook, Illinois, US"
2434,Atria Senior Living,Real Estate,1000+,"Louisville, KY, US"
2435,"Brewer, Attorneys & Counselors",Law Practice,11-50,"Dallas, Texas, US"
2436,White Cap,Wholesale Building Materials,501-1000,"Norcross, Georgia, US"
2437,Watlow,"Appliances, Electrical, and Electronics Manufacturing",501-1000,"St. Louis, MO, US"
2438,Varonis,Software Development,501-1000,"New York, NY, US"
2439,Trident Seafoods,Fisheries,501-1000,"Seattle, WA, US"
2440,Public Citizen,Government Administration,11-50,"Washington, DC, US"
2441,Tenable,Computer and Network Security,501-1000,"Columbia, MD, US"
2442,EPITEC,Staffing and Recruiting,501-1000,"Southfield, Michigan, US"
2443,Ochsner Health,Hospitals and Health Care,1000+,"New Orleans, Louisiana, US"
2444,Johnsonville,Food and Beverage Manufacturing,501-1000,"Sheboygan Falls, Wisconsin, US"
2445,Insulet Corporation,Medical Equipment Manufacturing,501-1000,"Acton, Massachusetts, US"
2446,National Aquarium,"Museums, Historical Sites, and Zoos",51-200,"Baltimore, Maryland, US"
2447,Post Consumer Brands,Manufacturing,501-1000,"Lakeville, MN, US"
2448,Grove City College,Higher Education,51-200,"Grove City, PA, US"
2449,"Fredrikson & Byron, P.A.",Law Practice,201-500,"Minneapolis, Minnesota, US"
2450,D&H Distributing,IT Services and IT Consulting,501-1000,"Harrisburg, PA, US"
2451,City of San Mateo,Government Administration,201-500,"0, 0, US"
2452,City of West Hollywood,Government Administration,51-200,"West Hollywood, CA, US"
2453,Duquesne Light Company,Utilities,501-1000,"Pittsburgh, PA, US"
2454,Covalent Logic,Public Relations and Communications Services,1-10,"Baton Rouge, Louisiana, US"
2455,American Nurses Association,Non-profit Organizations,11-50,"Silver Spring, MD, US"
2456,Bronson Healthcare,Hospitals and Health Care,501-1000,"Kalamazoo, MI, US"
2457,Burwood Group,IT Services and IT Consulting,51-200,"Oak Brook, Illinois, US"
2458,Austin Commercial,Construction,501-1000,"Dallas, Texas, US"
2459,Chesapeake Bay Foundation,Non-profit Organizations,11-50,"Annapolis, Maryland, US"
2460,Strategic Information Group,Software Development,11-50,"Rock Hill, South Carolina, US"
2461,University of Mississippi Medical Center,Hospitals and Health Care,501-1000,"Jackson, ms, US"
2462,Tradesmen International,Staffing and Recruiting,1000+,"Cleveland, Ohio, US"
2463,Saint Michael's College,Higher Education,51-200,"Colchester, VT, US"
2464,Rust-Oleum Corporation,Manufacturing,501-1000,"Vernon Hills, IL, US"
2465,S&C Electric Company,"Appliances, Electrical, and Electronics Manufacturing",501-1000,"Chicago, IL, US"
2466,Raymour & Flanigan Furniture and Mattresses,Retail,501-1000,"Liverpool, NY, US"
2467,The Davis Companies,Staffing and Recruiting,11-50,"Marlborough, Massachusetts, US"
2468,PODS,Consumer Services,501-1000,"Clearwater, FL, US"
2469,OTSI - Object Technology Solutions Inc.,IT Services and IT Consulting,501-1000,"Overland Park, KS, US"
2470,MedPro Group,Insurance,201-500,"0, 0, US"
2471,Mitsubishi Heavy Industries,Industrial Machinery Manufacturing,1000+,"Chiyoda-ku, Tokyo, JP"
2472,Linamar Corporation,Motor Vehicle Manufacturing,1000+,"Guelph, ON, CA"
2473,Discount Tire,Motor Vehicle Manufacturing,1000+,"Scottsdale, AZ, US"
2474,Enterprise Community Partners,Civic and Social Organizations,501-1000,"0, MD, US"
2475,Headway Technologies,Computer Hardware Manufacturing,201-500,"Milpitas, CA, US"
2476,Florida State College at Jacksonville,Higher Education,501-1000,"Jacksonville, FL, US"
2477,Interlochen Center for the Arts,Primary and Secondary Education,51-200,"Interlochen, MI, US"
2478,California Health Care Foundation,Non-profit Organizations,11-50,"Oakland, CA, US"
2479,DriveTime,Retail,501-1000,"Tempe, AZ, US"
2480,Edifecs,Software Development,501-1000,"Bellevue, WA, US"
2481,UCB,Pharmaceutical Manufacturing,501-1000,"Brussels, 0, BE"
2482,American Fidelity,Insurance,501-1000,"Oklahoma City, OK, US"
2483,Burns & Wilcox,Insurance,501-1000,"Farmington Hills, MI, US"
2484,Americaneagle.com,Software Development,201-500,"Des Plaines, IL, US"
2485,TravelCenters of America,Retail,1000+,"Westlake, Ohio, US"
2486,YMCA of Greater Charlotte,Non-profit Organizations,501-1000,"Charlotte, North Carolina, US"
2487,Southern Utah University,Higher Education,501-1000,"Cedar City, Utah, US"
2488,Spencer's,Retail,1000+,"Egg Harbor Township, NJ, US"
2489,TM Floyd & Company (TMF),IT Services and IT Consulting,11-50,"Columbia, SC, US"
2490,Versace,Retail Apparel and Fashion,501-1000,"0, 0, IT"
2491,University of Colorado Colorado Springs,Higher Education,501-1000,"Colorado Springs, co, US"
2492,W.B. Mason Company Inc.,Retail Office Equipment,501-1000,"Brockton, MA, US"
2493,Overlake Medical Center & Clinics,Hospitals and Health Care,501-1000,"Bellevue, WA, US"
2494,Red Roof Inn,Hospitality,501-1000,"New Albany, Ohio, US"
2495,Sharp Decisions,IT Services and IT Consulting,51-200,"New York, NY, US"
2496,Menlo Church,Religious Institutions,11-50,"Menlo Park, California, US"
2497,North Memorial Health,Hospitals and Health Care,501-1000,"Robbinsdale, MN, US"
2498,Pandora,Software Development,501-1000,"Oakland, CA, US"
2499,New England Biolabs,Biotechnology Research,201-500,"Ipswich, MA, US"
2500,ITHAKA,Higher Education,51-200,"New York, 0, US"
2501,TYLin | Greeley and Hansen Water Solutions,Civil Engineering,51-200,"Chicago, IL, US"
2502,Horace Mann,Insurance,501-1000,"Springfield, IL, US"
2503,Catholic Community Services,Non-profit Organizations,501-1000,"Seattle, WA, US"
2504,ExaGrid,Computer Hardware Manufacturing,51-200,"Marlborough, MA, US"
2505,A. O. Smith Corporation,Manufacturing,1000+,"Milwaukee, WI, US"
2506,Affinity Solutions,Advertising Services,11-50,"New York, NY, US"
2507,Patients & Purpose,Advertising Services,51-200,"New York, NY, US"
2508,Alliant Insurance Services,Insurance,501-1000,"Irvine, CA, US"
2509,Advantage Tech,Staffing and Recruiting,51-200,"Leawood, Kansas, US"
2510,Gogo Business Aviation,Telecommunications,51-200,"Broomfield, CO, US"
2511,Bunnings,Retail,1000+,"Burnley, Victoria, AU"
2512,American Woodmark,Wholesale Building Materials,1000+,"Winchester, Virginia, US"
2513,Aspire Systems,IT Services and IT Consulting,501-1000,"Chennai, Tamil Nadu, IN"
2514,Apexon,IT Services and IT Consulting,501-1000,"Santa Clara, California, US"
2515,Crescent Solutions,Staffing and Recruiting,11-50,"Irvine, CA, US"
2516,Scalian,Business Consulting and Services,501-1000,"Paris, 0, FR"
2517,"El Pollo Loco, Inc.",Restaurants,501-1000,"Costa Mesa, CA, US"
2518,Early Warning®,Financial Services,501-1000,"Scottsdale, Arizona, US"
2519,Holiday Stationstores,Retail,1000+,"Bloomington, MN, US"
2520,FLEETCOR,Financial Services,501-1000,"Atlanta, Georgia, US"
2521,Fractal,Business Consulting and Services,501-1000,"New York, 0, US"
2522,Le Pain Quotidien,Restaurants,201-500,"Brussels, Brussels, BE"
2523,Lakeshore Talent,Staffing and Recruiting,11-50,"Denver, CO, US"
2524,"KCI Technologies, Inc.",IT Services and IT Consulting,501-1000,"Sparks, Maryland, US"
2525,General Dynamics NASSCO,Shipbuilding,501-1000,"San Diego, California, US"
2526,Mark Anthony Group,Beverage Manufacturing,201-500,"Toronto, Ontario, CA"
2527,Premier Talent Partners,Staffing and Recruiting,1-10,"Lafayette, CA, US"
2528,Nutech Information Systems,IT Services and IT Consulting,11-50,"Stamford, CT, US"
2529,QPS Employment Group,Staffing and Recruiting,51-200,"Brookfield, Wisconsin, US"
2530,Remington Hospitality,Hospitality,501-1000,"Dallas, TX, US"
2531,State of South Dakota,Government Administration,1000+,"Pierre, SD, US"
2532,YMCA of Metropolitan Chicago,Non-profit Organizations,501-1000,"Chicago, IL, US"
2533,US Tech Solutions,Staffing and Recruiting,501-1000,"New Jersey, NJ, US"
2534,Trex Company,Wholesale Building Materials,501-1000,"Winchester, Virginia, US"
2535,"kdc/one, Thibiant",Manufacturing,501-1000,"Chatsworth, CALIFORNIA, US"
2536,"Sonos, Inc.",Computers and Electronics Manufacturing,501-1000,"Santa Barbara, CA, US"
2537,Steve Madden,Retail,501-1000,"Long Island City, NY, US"
2538,Systems Integration Solutions,Staffing and Recruiting,51-200,"San Ramon, California, US"
2539,TYLin,Civil Engineering,501-1000,"San Francisco, California, US"
2540,HIRECLOUT,IT Services and IT Consulting,11-50,"Los Angeles, California, US"
2541,San Francisco Department of Public Health,Hospitals and Health Care,501-1000,"San Francisco, CA, US"
2542,SelectQuote Insurance Services,Insurance,501-1000,"Overland Park, Kansas, US"
2543,Security Service Federal Credit Union,Financial Services,501-1000,"San Antonio, TX, US"
2544,neteffects,Staffing and Recruiting,51-200,"Chesterfield, MO, US"
2545,Palm Beach Atlantic University,Higher Education,201-500,"West Palm Beach, Florida, US"
2546,imre,Advertising Services,51-200,"Towson, Maryland, US"
2547,M Booth,Public Relations and Communications Services,51-200,"New York, NY, US"
2548,National Bank of Arizona,Banking,501-1000,"Phoenix, AZ, US"
2549,Menasha Corporation,Packaging and Containers Manufacturing,501-1000,"Neenah, WI, US"
2550,Methodist Health System,Hospitals and Health Care,1000+,"Dallas, TX, US"
2551,Garlock Family of Companies,Industrial Machinery Manufacturing,501-1000,"Palmyra, NY, US"
2552,Gordon and Betty Moore Foundation,Non-profit Organizations,11-50,"Palo Alto, CA, US"
2553,L.A. Care Health Plan,Hospitals and Health Care,501-1000,"Los Angeles, CA, US"
2554,Fendi,Retail Luxury Goods and Jewelry,501-1000,"Rome, 0, IT"
2555,ESL Federal Credit Union,Financial Services,201-500,"Rochester, NY, US"
2556,Architect of the Capitol,Government Administration,501-1000,"Washington, DC, US"
2557,"Chart Industries, Inc.",Industrial Machinery Manufacturing,1000+,"Ball Ground, Georgia, US"
2558,Century Group,Staffing and Recruiting,51-200,"El Segundo, CA, US"
2559,A2C,IT Services and IT Consulting,11-50,"Philadelphia, PA, US"
2560,"AWC, Inc.",Automation Machinery Manufacturing,201-500,"Baton Rouge, Louisiana, US"
2561,160over90,Advertising Services,201-500,"New York, New York, US"
2562,"Bob Evans Farms, Inc.",Food and Beverage Manufacturing,501-1000,"New Albany, Ohio, US"
2563,"BMW Manufacturing Co., LLC",Motor Vehicle Manufacturing,1000+,"Greer, South Carolina, US"
2564,UNFI,Food and Beverage Services,1000+,"Providence, RI, US"
2565,Veracode,Computer and Network Security,201-500,"Burlington, Massachusetts, US"
2566,Zywave,Software Development,201-500,"Milwaukee, WI, US"
2567,Southern Regional Medical Center,Hospitals and Health Care,501-1000,"Riverdale, Georgia, US"
2568,Washington Nationals,Spectator Sports,201-500,"Washington, DC, US"
2569,Weaver,Accounting,501-1000,"Houston, TX, US"
2570,RoseRyan,IT Services and IT Consulting,11-50,"Campbell, CA, US"
2571,SEH,Civil Engineering,201-500,"St. Paul, Minnesota, US"
2572,Riverside Health System,Hospitals and Health Care,501-1000,"Newport News, Virginia, US"
2573,Northern Tool + Equipment,Retail,501-1000,"Burnsville, Minnesota, US"
2574,Nesco Resource,Staffing and Recruiting,201-500,"Mayfield Heights, Ohio, US"
2575,Salt Lake City Corporation,Government Administration,501-1000,"Salt Lake City, Utah, US"
2576,Santee Cooper,Utilities,501-1000,"Moncks Corner, SC, US"
2577,Saputo Inc.,Food and Beverage Manufacturing,1000+,"Montreal, Quebec, CA"
2578,Sanford Health,Hospitals and Health Care,1000+,"Sioux Falls, SD, US"
2579,"Sanden International, USA, Inc.",Motor Vehicle Manufacturing,201-500,"Wylie, Texas, US"
2580,NRUCFC (National Rural Utilities Cooperative Finance Corporation),Financial Services,51-200,"Dulles, VA, US"
2581,Mekanism,Advertising Services,11-50,"San Francisco, California, US"
2582,PGAL,Architecture and Planning,51-200,"Houston, Tx, US"
2583,NAES Corporation,Utilities,501-1000,"Issaquah, WA, US"
2584,Intelerad Medical Systems,Government Administration,201-500,"Montreal, Quebec, CA"
2585,Mission Health,Hospitals and Health Care,1000+,"North Carolina, 28801, US"
2586,Moore & Van Allen PLLC,Law Practice,201-500,"Charlotte, NC, US"
2587,ICU Medical,Medical Equipment Manufacturing,501-1000,"San Clemente, CA, US"
2588,City of Memphis,Government Administration,501-1000,"Memphis, TN, US"
2589,Ellsworth Adhesives,Chemical Manufacturing,501-1000,"Germantown, WI, US"
2590,Bilfinger,Industrial Machinery Manufacturing,1000+,"Mannheim, Baden-Würtemberg, DE"
2591,Barnes & Noble College,Retail,1000+,"Basking Ridge, NJ, US"
2592,Convergint,Security and Investigations,501-1000,"Schaumburg, IL, US"
2593,Core-Mark International,Wholesale,501-1000,"Westlake, Texas, US"
2594,Covenant Health,Hospitals and Health Care,501-1000,"Lubbock, Texas, US"
2595,Czarnowski Collective,Events Services,201-500,"Chicago, Illinois, US"
2596,Castle Metals,Mining,201-500,"Oak Brook, IL, US"
2597,"Alutiiq, LLC",Defense and Space Manufacturing,501-1000,"Anchorage, AK, US"
2598,Achievement First,Education Administration Programs,201-500,"Brooklyn, New York, US"
2599,Ascendum Solutions,IT Services and IT Consulting,501-1000,"Cincinnati, Ohio, US"
2600,Buck Institute for Research on Aging,Research Services,11-50,"Novato, CA, US"
2601,Baltimore Symphony Orchestra,Performing Arts,11-50,"Baltimore, Maryland, US"
2602,Your Castle Real Estate,Real Estate,201-500,"Denver, Colorado, US"
2603,WellSpan Health,Hospitals and Health Care,1000+,"York, PA, US"
2604,TUMI,Retail,501-1000,"Edison, New Jersey, US"
2605,"Restaurant Supply Chain Solutions, LLC - A Yum! Brands Co-op",Restaurants,51-200,"Louisville, KY, US"
2606,The Select Group,IT Services and IT Consulting,51-200,"Raleigh, North Carolina, US"
2607,Talan,IT Services and IT Consulting,501-1000,"Paris, Île-de-France, FR"
2608,The Football Association,Spectator Sports,201-500,"London, 0, GB"
2609,Silgan Containers,Packaging and Containers Manufacturing,501-1000,"Woodland Hills, California, US"
2610,Sport Clips Haircuts,Consumer Services,201-500,"Georgetown, TX, US"
2611,Oxford Properties Group,Real Estate,501-1000,"Toronto, Ontario, CA"
2612,KIK Consumer Products,Manufacturing,501-1000,"Lawrenceville, GA, US"
2613,Kaufman Rossin,Accounting,201-500,"Miami, Florida, US"
2614,LifeBridge Health,Hospitals and Health Care,1000+,"Baltimore, MD, US"
2615,Lock Search Group,Staffing and Recruiting,1-10,"Toronto, Ontario, CA"
2616,EXL Health,Hospitals and Health Care,1000+,"New York, NY, US"
2617,HellermannTyton North America,Plastics Manufacturing,201-500,"Milwaukee, WI, US"
2618,Horizon Hobby,Manufacturing,201-500,"Champaign, Illinois, US"
2619,Housing Works,Non-profit Organizations,201-500,"0, 0, US"
2620,Forever 21,Retail Apparel and Fashion,1000+,"Los Angeles, CA, US"
2621,Foster McKay,Staffing and Recruiting,1-10,"Florham Park, NJ, US"
2622,Georgia World Congress Center Authority,Hospitality,51-200,"Atlanta, Ga, US"
2623,Harbor Freight Tools,Retail,1000+,"Calabasas, CA, US"
2624,Desert Research Institute,Environmental Services,51-200,"Reno, Nevada, US"
2625,F. Schumacher & Co.,Design Services,201-500,"New York, 0, US"
2626,Archdiocese of Chicago,Religious Institutions,1000+,"Chicago, IL, US"
2627,The Council of State Governments,Non-profit Organizations,11-50,"Lexington, KY, US"
2628,DAP,Manufacturing,201-500,"Baltimore, MD, US"
2629,"Curtis Instruments, A Kohler Co.","Appliances, Electrical, and Electronics Manufacturing",501-1000,"Mt. Kisco, NY, US"
2630,BrainWorks,Staffing and Recruiting,1-10,"New York Metro, 0, US"
2631,Burnett Specialists Staffing | Recruiting,Staffing and Recruiting,11-50,"Houston, TX, US"
2632,Tower Hill Insurance Group,Insurance,51-200,"Gainesville, FL, US"
2633,Trinus Corporation,IT Services and IT Consulting,11-50,"Pasadena, California, US"
2634,Withum,Accounting,501-1000,"Princeton, NJ, US"
2635,VeriPark,Software Development,201-500,"London, 0, GB"
2636,Wake County,Government Administration,501-1000,"Raleigh, NC, US"
2637,HumanEdge,Staffing and Recruiting,11-50,"White Plains, NY, US"
2638,StevenDouglas,Staffing and Recruiting,11-50,"Sunrise, FL, US"
2639,Sage Hospitality Group,Hospitality,501-1000,"Denver, CO, US"
2640,ServiceNow,Software Development,1000+,"Santa Clara, CA, US"
2641,North American Bancard,Financial Services,501-1000,"Troy, MI, US"
2642,Phelps Dunbar LLP,Law Practice,201-500,"New Orleans, Louisiana, US"
2643,PRA Group (Nasdaq: PRAA),Financial Services,501-1000,"Norfolk, VA, US"
2644,"North American Lighting, Inc.",Motor Vehicle Manufacturing,501-1000,"Paris, IL, US"
2645,Miller Valentine Construction,Construction,11-50,"Dayton, Ohio, US"
2646,Missouri Botanical Garden,Non-profit Organizations,51-200,"St. Louis, MO, US"
2647,Liberty Hardware,Manufacturing,51-200,"Winston-Salem, NC, US"
2648,MIB,Insurance,11-50,"Braintree, Massachusetts, US"
2649,Merrick & Company,Design Services,201-500,"Greenwood Village, CO, US"
2650,Jefferson Lab,Research Services,201-500,"Newport News, Virginia, US"
2651,Lakeland Regional Health-Florida,Hospitals and Health Care,501-1000,"Lakeland, FL, US"
2652,INX International Ink Co.,Chemical Manufacturing,501-1000,"Schaumburg, IL, US"
2653,FUJIFILM Irvine Scientific,Biotechnology Research,201-500,"Santa Ana, CA, US"
2654,Integrity Staffing Solutions,Staffing and Recruiting,51-200,"Newark, DE, US"
2655,Enterprise Bank & Trust,Banking,501-1000,"Clayton, MO, US"
2656,Flagship Pioneering,Biotechnology Research,51-200,"Cambridge, MA, US"
2657,GoEngineer,Software Development,51-200,"Salt Lake City, UT, US"
2658,Gecko Hospitality (Corporate),Hospitality,11-50,"Fort Myers, Florida, US"
2659,Good Shepherd Services,Non-profit Organizations,501-1000,"New York, 0, US"
2660,Centra Health,Hospitals and Health Care,501-1000,"Lynchburg, VA, US"
2661,Dahl Consulting,Staffing and Recruiting,11-50,"Edina, Minnesota, US"
2662,Alphanumeric Systems,Hospitals and Health Care,201-500,"Raleigh, NC, US"
2663,American Academy of Neurology,Non-profit Organizations,11-50,"Minneapolis, MN, US"
2664,"United Surgical Partners International, Inc",Hospitals and Health Care,1000+,"Dallas, Texas, US"
2665,"iSpace, Inc.",IT Services and IT Consulting,501-1000,"El Segundo, California, US"
2666,Virgin Pulse,Software Development,501-1000,"Providence, RI, US"
2667,"Whiteford, Taylor & Preston LLP",Law Practice,51-200,"Baltimore, Maryland, US"
2668,Wilbur-Ellis,Chemical Manufacturing,501-1000,"San Francisco, CA, US"
2669,TNDC,Civic and Social Organizations,51-200,"San Francisco, CA, US"
2670,Belfort Group,Public Relations and Communications Services,1-10,"Boston, Massachusetts, US"
2671,ArgonDigital | Enterprise Automation Experts,IT Services and IT Consulting,11-50,"Austin, TX, US"
2672,Cricut,Software Development,201-500,"South Jordan, Utah, US"
2673,Palo Alto Networks,Computer and Network Security,1000+,"SANTA CLARA, California, US"
2674,Parallel Consulting,Staffing and Recruiting,11-50,"London, England, GB"
2675,Partnership Employment,Staffing and Recruiting,1-10,"Worcester, Massachusetts, US"
2676,ATS Scientific Products,Biotechnology Research,51-200,"Warminster, PA, US"
2677,Masonite®,Wholesale Building Materials,1000+,"Tampa, Florida, US"
2678,Metropolitan Family Services,Individual and Family Services,501-1000,"Chicago, Illinois, US"
2679,Pennoni,Design Services,501-1000,"Philadelphia, PA, US"
2680,Jackson Health System,Hospitals and Health Care,1000+,"Miami, FL, US"
2681,Mills James,Media Production,51-200,"Columbus, OH, US"
2682,Milton Hershey School,Education Administration Programs,501-1000,"Hershey, PA, US"
2683,Motiva Enterprises LLC,Oil and Gas,501-1000,"Houston, TX, US"
2684,Geonetric,Advertising Services,11-50,"Cedar Rapids, Iowa, US"
2685,Fresno Pacific University,Higher Education,201-500,"Fresno, California, US"
2686,Ledcor,Construction,501-1000,"Vancouver, BC, CA"
2687,Instant Technology,IT Services and IT Consulting,11-50,"Chicago, IL, US"
2688,Intelliswift Software,IT Services and IT Consulting,501-1000,"Newark, CA, US"
2689,Hollingsworth & Vose,Nanotechnology Research,501-1000,"Walpole, MA, US"
2690,GDI Infotech,IT Services and IT Consulting,11-50,"Ann Arbor, Michigan, US"
2691,GTE Financial,Financial Services,201-500,"Tampa, FL, US"
2692,"El Paso County, Colorado, USA",Government Administration,501-1000,"Colorado Springs, Colorado, US"
2693,Coe College,Higher Education,11-50,"Cedar Rapids, Iowa, US"
2694,Community College of Denver,Higher Education,201-500,"Denver, CO, US"
2695,Community Health Plan of Washington,Insurance,201-500,"Seattle, WA, US"
2696,Claire's,Retail,1000+,"Hoffman Estates, IL, US"
2697,Community College of Baltimore County,Higher Education,501-1000,"Baltimore, md, US"
2698,Analytic Partners,Advertising Services,51-200,"Miami, Florida, US"
2699,Babcock Power,Oil and Gas,201-500,"Danvers, Massachusetts, US"
2700,CJE SeniorLife,Non-profit Organizations,51-200,"Chicago, Illinois, US"
2701,AAA Life Insurance Company,Insurance,201-500,"Livonia, MI, US"
2702,AKRF,Environmental Services,51-200,"New York, New York, US"
2703,American Reading Company,Education Administration Programs,51-200,"Blue Bell, Pennsylvania, US"
2704,Arteris,Semiconductor Manufacturing,51-200,"Campbell, CA, US"
2705,TRIMEDX,Hospitals and Health Care,501-1000,"Indianapolis, IN, US"
2706,United Therapeutics Corporation,Pharmaceutical Manufacturing,201-500,"Silver Spring, Maryland, US"
2707,Sun Health,Wellness and Fitness Services,201-500,"Surprise, AZ, US"
2708,Tillys,Retail,501-1000,"Irvine, California, US"
2709,WSSC Water,Utilities,501-1000,"Laurel, MD, US"
2710,The Fresh Market,Retail,1000+,"Greensboro, NC, US"
2711,The Bonadio Group,Accounting,201-500,"Pittsford, NY, US"
2712,Steritech,Professional Training and Coaching,501-1000,"Charlotte, North Carolina, US"
2713,SimiGon,Defense and Space Manufacturing,11-50,"Orlando, FL, US"
2714,JE Dunn Construction,Construction,501-1000,"Kansas City, MO, US"
2715,Manifest,Advertising Services,51-200,"New York, NY, US"
2716,Global Refuge,Non-profit Organizations,51-200,"Baltimore, MD, US"
2717,National League of Cities,Government Administration,11-50,"Washington, District of Columbia, US"
2718,International Code Council,Non-profit Organizations,51-200,"Washington, DC, US"
2719,Knott's Berry Farm,Entertainment Providers,501-1000,"Buena Park, Ca, US"
2720,Daylight Transport,Truck Transportation,51-200,"Long Beach, CA, US"
2721,Dawn Foods Global,Food and Beverage Manufacturing,501-1000,"Jackson, MI, US"
2722,First Solar,Renewable Energy Semiconductor Manufacturing,501-1000,"Tempe, Arizona, US"
2723,County College of Morris,Higher Education,201-500,"Randolph, NJ, US"
2724,Highstreet IT Solutions,IT Services and IT Consulting,51-200,"Rockville, MD, US"
2725,Bennington College,Higher Education,11-50,"Bennington, vt, US"
2726,Anson McCade,Staffing and Recruiting,1-10,"London, London, GB"
2727,Blue Cross and Blue Shield of Louisiana,Insurance,501-1000,"Baton Rouge, LA, US"
2728,Chelsea Piers,Spectator Sports,201-500,"New York, NY, US"
2729,Adams & Martin Group,Staffing and Recruiting,11-50,"Orange, CA, US"
2730,"AgriBank (St. Paul, MN)",Banking,11-50,"St. Paul, Minnesota, US"
2731,ACCIONA,Utilities,1000+,"Madrid, Community of Madrid, ES"
2732,Ventura Foods,Food and Beverage Manufacturing,501-1000,"Brea, CA, US"
2733,Yelp,Software Development,501-1000,"San Francisco, CA, US"
2734,World Courier,Truck Transportation,501-1000,"London, England, GB"
2735,iBridge Solutions,IT Services and IT Consulting,11-50,"St. Louis, MO, US"
2736,Tecolote Research,Business Consulting and Services,201-500,"Goleta, CA, US"
2737,"Abacus Group, LLC",Staffing and Recruiting,1-10,"New York, NY, US"
2738,"Stites & Harbison, PLLC",Law Practice,51-200,"Louisville, Kentucky, US"
2739,Samaritan Health Services,Hospitals and Health Care,501-1000,"Corvallis, Oregon, US"
2740,Satellite Healthcare / WellBound,Hospitals and Health Care,501-1000,"San Jose, California, US"
2741,Methodist Healthcare System,Hospitals and Health Care,1000+,"San Antonio, Texas, US"
2742,Plains All American,Oil and Gas,501-1000,"Houston, TX, US"
2743,Presbyterian Healthcare Services,Hospitals and Health Care,1000+,"Albuquerque, NM, US"
2744,Keller and Heckman LLP,Law Practice,11-50,"Washington, District of Columbia, US"
2745,Kyriba,Software Development,201-500,"San Diego, CA, US"
2746,INTERPRINT Group,Printing Services,501-1000,"Arnsberg, Nordrhein-Westfalen, DE"
2747,Joint Commission,Hospitals and Health Care,201-500,"Oakbrook Terrace, IL, US"
2748,I.T. Staffing,Staffing and Recruiting,1-10,"Houston, TX, US"
2749,IPM Integrated Project Management Company,Business Consulting and Services,51-200,"Burr Ridge, IL, US"
2750,HM Insurance Group,Insurance,51-200,"Pittsburgh, PA, US"
2751,Fred Finch Youth & Family Services,Non-profit Organizations,51-200,"Oakland, California, US"
2752,Davidson Hospitality Group,Hospitality,501-1000,"Atlanta, GA, US"
2753,Health New England,Insurance,51-200,"Springfield, MA, US"
2754,Hotel del Coronado,Hospitality,501-1000,"Coronado, CA, US"
2755,Community Partners,Non-profit Organizations,51-200,"Los Angeles, CA, US"
2756,First Merchants Corporation,Financial Services,501-1000,"Muncie, IN, US"
2757,Clinical Reference Laboratory,Hospitals and Health Care,201-500,"Lenexa, KS, US"
2758,Cunard,Travel Arrangements,501-1000,"Southampton, England, GB"
2759,Buxton Consulting,IT Services and IT Consulting,51-200,"San Ramon, California, US"
2760,Audemars Piguet,Retail Luxury Goods and Jewelry,501-1000,"Le Brassus, Vaud, CH"
2761,Accentuate Staffing,Staffing and Recruiting,1-10,"Raleigh, North Carolina, US"
2762,AMSURG,Hospitals and Health Care,501-1000,"Nashville, TN, US"
2763,AgFirst Farm Credit Bank,Banking,51-200,"Columbia, South Carolina, US"
2764,Aims Community College,Higher Education,201-500,"Greeley, CO, US"
2765,Accurate Background,Human Resources Services,501-1000,"Irvine, California, US"
2766,Blue State,Advertising Services,51-200,"Brooklyn, New York, US"
2767,Vacheron Constantin,Retail Luxury Goods and Jewelry,501-1000,"Plan-les-Ouates, Genève, CH"
2768,St. Elizabeth Healthcare,Hospitals and Health Care,501-1000,"Edgewood, KY, US"
2769,Smithfield Foods,Food and Beverage Manufacturing,1000+,"Smithfield, Virginia, US"
2770,Virginia Credit Union,Banking,201-500,"Richmond, VA, US"
2771,The Baer Group,IT Services and IT Consulting,11-50,"Atlanta, Georgia, US"
2772,Shipman & Goodwin LLP,Law Practice,51-200,"Hartford, Connecticut, US"
2773,SyllogisTeks,Staffing and Recruiting,11-50,"Chesterfield, MO, US"
2774,Stowers Institute for Medical Research,Research Services,201-500,"Kansas City, Missouri, US"
2775,SEC Life Sciences,Staffing and Recruiting,1-10,"City of London, England, GB"
2776,Providence Medical Center,Hospitals and Health Care,501-1000,"Kansas City, KS, US"
2777,RealManage Family of Brands,Real Estate,501-1000,"Plano, TX, US"
2778,San Diego County Office of Education,Education Administration Programs,501-1000,"San Diego, California, US"
2779,LocumTenens.com,Staffing and Recruiting,201-500,"Alpharetta, Georgia, US"
2780,Pendleton Woolen Mills,Retail Apparel and Fashion,201-500,"Portland, Oregon, US"
2781,Phillips-Medisize,Medical Equipment Manufacturing,501-1000,"Hudson, WI, US"
2782,North Kansas City Hospital,Hospitals and Health Care,501-1000,"North Kansas City, MO, US"
2783,National Life Group,Financial Services,501-1000,"Montpelier, VT, US"
2784,National Fish and Wildlife Foundation,Non-profit Organizations,11-50,"0, 0, US"
2785,Martin Brower,Truck Transportation,1000+,"0, 0, US"
2786,Lighthouse,Law Practice,201-500,"Seattle, WA, US"
2787,"Matco Tools, A Vontier Company",Motor Vehicle Manufacturing,201-500,"Stow, Ohio, US"
2788,Mackenzie Stuart,Staffing and Recruiting,51-200,"Leeds, 0, GB"
2789,Metropolitan Washington Council of Governments,Government Administration,11-50,"Washington, DC, US"
2790,Jobs for the Future (JFF),Education Administration Programs,51-200,"Boston, MA, US"
2791,KAYAK,Software Development,501-1000,"Stamford, CT, US"
2792,Flow International,Machinery Manufacturing,201-500,"Kent, Washington, US"
2793,GardaWorld,Security and Investigations,1000+,"Saint-Laurent, Quebec, CA"
2794,GIVENCHY,Retail Luxury Goods and Jewelry,51-200,"Paris, 0, FR"
2795,Hornblower Cruises and Events,Hospitality,501-1000,"San Francisco, CA, US"
2796,HORNE,IT Services and IT Consulting,501-1000,"Ridgeland, Mississippi, US"
2797,Find Great People | FGP,Staffing and Recruiting,11-50,"Greenville, SC, US"
2798,CPC - Colder Products Company,Plastics Manufacturing,501-1000,"Arden Hills, Minnesota, US"
2799,Cincinnati Opera,Performing Arts,1-10,"Cincinnati, OH, US"
2800,Circlepoint,Environmental Services,1-10,"Oakland, CA, US"
2801,Erlanger,Hospitals and Health Care,501-1000,"Chattanooga, TN, US"
2802,Barentz,Chemical Manufacturing,501-1000,"info.desk@barentz.com, 0, NL"
2803,Contemporary Staffing Solutions,Staffing and Recruiting,201-500,"Moorestown, New Jersey, US"
2804,EnLink Midstream,Oil and Gas,501-1000,"Dallas, TX, US"
2805,Bumble Bee Foods,Manufacturing,501-1000,"San Diego, California, US"
2806,Associa,Real Estate,1000+,"Dallas, Texas, US"
2807,"Assurance, a Marsh & McLennan Agency LLC company",Insurance,201-500,"Schaumburg, IL, US"
2808,Astera,Software Development,11-50,"Westlake Village, CA, US"
2809,Associated Wholesale Grocers,Wholesale,501-1000,"Kansas City, KS, US"
2810,Alter Domus,Financial Services,501-1000,"Luxembourg, 0, LU"
2811,AccentCare,Hospitals and Health Care,1000+,"Dallas, Texas, US"
2812,WorldStrides,Education Administration Programs,501-1000,"Charlottesville, Virginia, US"
2813,ThedaCare,Hospitals and Health Care,501-1000,"Neenah, WI, US"
2814,USLI,Insurance,501-1000,"Wayne, Pennsylvania, US"
2815,Tourneau|Bucherer,Retail Luxury Goods and Jewelry,201-500,"New York, NY, US"
2816,Village Green,Real Estate,501-1000,"Southfield, Michigan, US"
2817,Smith & Noble,Retail,51-200,"Corona, CA, US"
2818,Summit Polymers,Motor Vehicle Manufacturing,501-1000,"Portage, Michigan, US"
2819,The Haskell Company,Construction,501-1000,"Jacksonville, Florida, US"
2820,"The Buckle, Inc.",Retail,501-1000,"Kearney, Nebraska, US"
2821,TECHEAD,Staffing and Recruiting,11-50,"Richmond, VA, US"
2822,Sunwest Bank,Banking,51-200,"Sandy, Utah, US"
2823,Rimkus,Business Consulting and Services,501-1000,"Houston, Texas, US"
2824,Rheem Manufacturing,Manufacturing,1000+,"Atlanta, GA, US"
2825,"Ryan Companies US, Inc.",Real Estate,501-1000,"Minneapolis, MN, US"
2826,Roquette,Food and Beverage Manufacturing,501-1000,"Lestrem, Hauts-de-France, FR"
2827,Prime Residential,Real Estate,51-200,"San Francisco, California, US"
2828,SWCA Environmental Consultants,Environmental Services,501-1000,"Phoenix, AZ, US"
2829,Presbyterian College,Higher Education,51-200,"Clinton, SC, US"
2830,Penn National Insurance,Insurance,201-500,"Harrisburg, Pennsylvania, US"
2831,Pavone Group,Advertising Services,11-50,"Harrisburg, PA, US"
2832,Philadelphia College of Osteopathic Medicine,Higher Education,201-500,"Philadelphia, pa, US"
2833,Oglethorpe Power Corporation,Utilities,51-200,"Tucker, Georgia, US"
2834,Loudoun County Government,Government Administration,501-1000,"Leesburg, Virginia, US"
2835,McKinley Marketing Partners,Staffing and Recruiting,11-50,"Alexandria, VA, US"
2836,MSI Recruiting,Staffing and Recruiting,1-10,"Boca Raton, Florida, US"
2837,Lexington Medical Center,Hospitals and Health Care,501-1000,"West Columbia, South Carolina, US"
2838,National Church Residences,Non-profit Organizations,501-1000,"Columbus, OH, US"
2839,Everbridge,Software Development,501-1000,"Boston, Massachusetts, US"
2840,Medius,Software Development,201-500,"Linköping, 0, SE"
2841,LWCC,Insurance,51-200,"Baton Rouge, Louisiana, US"
2842,International Forest Products (IFP),Paper and Forest Product Manufacturing,11-50,"Foxboro, MA, US"
2843,Jefferson Bank,Banking,51-200,"San Antonio, TX, US"
2844,Harford Community College,Higher Education,201-500,"Bel Air, MD, US"
2845,Glumac,Construction,51-200,"San Francisco, California, US"
2846,Eastern Connecticut Health Network (ECHN),Hospitals and Health Care,501-1000,"0, 0, US"
2847,Canfor,Paper and Forest Product Manufacturing,501-1000,"Vancouver, BC, CA"
2848,Complex NTWRK,Online Audio and Video Media,51-200,"Los Angeles, CA, US"
2849,Clarity Consultants,Professional Training and Coaching,51-200,"Campbell, CA, US"
2850,Community Health Center,Hospitals and Health Care,201-500,"Middletown, CT, US"
2851,City of Huntington Beach,Government Administration,501-1000,"Huntington Beach, CA, US"
2852,City and County of Honolulu,Government Administration,501-1000,"Honolulu, HI, US"
2853,DAHER,Aviation and Aerospace Component Manufacturing,1000+,"Orly, Île-de-France, FR"
2854,DCCA,IT Services and IT Consulting,51-200,"Ellicott City, MD, US"
2855,Chase International,Real Estate,51-200,"Zephyr Cove, NV, US"
2856,Applegate,Food and Beverage Services,11-50,"Bridgewater Township, New Jersey, US"
2857,Bethpage Federal Credit Union,Banking,201-500,"Bethpage, NY, US"
2858,Amy's Kitchen,Food and Beverage Manufacturing,501-1000,"Petaluma, CA, US"
2859,"CDO Technologies, Inc.",IT Services and IT Consulting,51-200,"Dayton, OH, US"
2860,Air Line Pilots Association,Airlines and Aviation,51-200,"McLean, Virginia, US"
2861,APR Consulting,Staffing and Recruiting,51-200,"Diamond Bar, CA, US"
2862,Advent Global Solutions,IT Services and IT Consulting,501-1000,"Houston, TX, US"
2863,Allegiant,Airlines and Aviation,501-1000,"Las Vegas, NV, US"
2864,BrainPOP,E-Learning Providers,51-200,"New York, NY, US"
2865,Cook Children's Health Care System,Hospitals and Health Care,501-1000,"Fort Worth, TX, US"
2866,Carhartt,Retail Apparel and Fashion,501-1000,"Dearborn, MI, US"
2867,Care New England,Hospitals and Health Care,501-1000,"Providence, Rhode Island, US"
2868,Avesta Computer Services,IT Services and IT Consulting,11-50,"Somerset, New Jersey, US"
2869,Baptist Health System KY & IN,Hospitals and Health Care,1000+,"Louisville, 40223, US"
2870,Availity,IT Services and IT Consulting,501-1000,"Jacksonville, FL, US"
2871,Ballinger,Architecture and Planning,51-200,"Philadelphia, PA, US"
2872,Cenlar FSB,Financial Services,501-1000,"Ewing, NJ, US"
2873,"CRST The Transportation Solution, Inc.",Truck Transportation,501-1000,"Cedar Rapids, IA, US"
2874,Culver Academies,Primary and Secondary Education,51-200,"Culver, Indiana, US"
2875,Crothall Healthcare,Hospitals and Health Care,1000+,"Wayne, PA, US"
2876,Farm Journal,Farming,51-200,"Lenexa, Kansas, US"
2877,G3 Enterprises,Food and Beverage Services,201-500,"Modesto, CA, US"
2878,Delaware Valley Regional Planning Commission,Architecture and Planning,11-50,"Philadelphia, PA, US"
2879,Dalton,Advertising Services,11-50,"Jacksonville, FL, US"
2880,Elwyn,Individual and Family Services,501-1000,"Media, PA, US"
2881,GEHA Health,Wellness and Fitness Services,501-1000,"Leeꞌs Summit, Missouri, US"
2882,Kenneth Copeland Ministries,Non-profit Organizations,51-200,"Fort Worth, TX, US"
2883,Grand Homes,Construction,11-50,"Addison, TX, US"
2884,Frazier & Deeter,Accounting,201-500,"Atlanta, GA, US"
2885,IST Management,Outsourcing and Offshoring Consulting,501-1000,"Atlanta, Georgia, US"
2886,National Transportation Safety Board,Public Safety,51-200,"0, 0, 0"
2887,MAU Workforce Solutions,Staffing and Recruiting,51-200,"Augusta, GA, US"
2888,Miller Resource Group,Staffing and Recruiting,1-10,"Naperville, Illinois, US"
2889,Kearney & Company,Accounting,201-500,"Alexandria, VA, US"
2890,Old Second National Bank,Banking,201-500,"Aurora, IL, US"
2891,Michael Foods,Food and Beverage Manufacturing,501-1000,"Hopkins, MN, US"
2892,Metropolitan Washington Airports Authority,Airlines and Aviation,501-1000,"Washington, DC, US"
2893,MWI Animal Health,Non-profit Organizations,501-1000,"Boise, ID, US"
2894,"Metasys Technologies, Inc.",IT Services and IT Consulting,51-200,"Atlanta, GA, US"
2895,"Modern Technology Solutions, Inc. (MTSI)",Defense and Space Manufacturing,501-1000,"Alexandria, VA, US"
2896,Planned Systems International,IT Services and IT Consulting,501-1000,"Columbia, MD, US"
2897,Pepper Construction Group,Construction,201-500,"Chicago, Illinois, US"
2898,Scientific Search,Staffing and Recruiting,1-10,"Cherry Hill, New Jersey, US"
2899,"Sacred Heart Schools, Atherton",Education Administration Programs,11-50,"Atherton, California, US"
2900,OtterBase,Staffing and Recruiting,51-200,"Grand Rapids, Michigan, US"
2901,SBA Communications,Telecommunications,501-1000,"Boca Raton, Florida, US"
2902,Schrödinger,Software Development,201-500,"New York, New York, US"
2903,South Central College,Higher Education,11-50,"North Mankato, mn, US"
2904,Shiloh Industries,Motor Vehicle Manufacturing,501-1000,"Valley City, Ohio, US"
2905,ValueMomentum,IT Services and IT Consulting,501-1000,"Piscataway, NJ, US"
2906,VCA Animal Hospitals,Non-profit Organizations,1000+,"Los Angeles, CA, US"
2907,Woodside Homes,Construction,51-200,"Salt Lake City, UT, US"
2908,"Trident Systems, a LightRidge Solutions Company",Defense and Space Manufacturing,11-50,"Fairfax, VA, US"
2909,Tri Counties Bank,Banking,501-1000,"Chico, California, US"
2910,Technical Staffing Resources,Staffing and Recruiting,201-500,"Houston, Texas, US"
2911,Adaptive Solutions Group,Staffing and Recruiting,11-50,"St Louis, Missouri, US"
2912,All Copy Products,Retail Office Equipment,51-200,"Denver, Colorado, US"
2913,"AtriCure, Inc.",Medical Equipment Manufacturing,501-1000,"Mason, Ohio, US"
2914,Cardinal Logistics Management,"Transportation, Logistics, Supply Chain and Storage",501-1000,"Concord, NC, US"
2915,Colorado Housing and Finance Authority,Financial Services,11-50,"Denver, Colorado, US"
2916,Eisenhower Health,Hospitals and Health Care,501-1000,"Rancho Mirage, California, US"
2917,Deerfield Academy,Primary and Secondary Education,51-200,"Deerfield, MA, US"
2918,Ent Credit Union,Banking,501-1000,"Colorado Springs, Colorado, US"
2919,Doherty | The Employment Experts,Staffing and Recruiting,11-50,"Edina, Minnesota, US"
2920,Emser Tile,Wholesale Building Materials,201-500,"Los Angeles, CA, US"
2921,Howard Hanna Real Estate Services,Real Estate,501-1000,"Pittsburgh, PA, US"
2922,Higginbotham,Insurance,501-1000,"Fort Worth, Texas, US"
2923,Jewish Federation of Cleveland,Non-profit Organizations,11-50,"Cleveland, Ohio, US"
2924,KellyMitchell Group,IT Services and IT Consulting,501-1000,"Saint Louis, MO, US"
2925,National Crime Prevention Council,Non-profit Organizations,51-200,"Washington, District of Columbia, US"
2926,Mystic Lake Casino Hotel,Gambling Facilities and Casinos,501-1000,"Prior Lake, MN, US"
2927,Morgan Hunter,Staffing and Recruiting,1-10,"Overland Park, Kansas, US"
2928,linqd.,Advertising Services,51-200,"Remote, 0, US"
2929,Midmark Corporation,Medical Equipment Manufacturing,501-1000,"Versailles, OH, US"
2930,Loewe,Retail Luxury Goods and Jewelry,501-1000,"0, 0, ES"
2931,Mather,Non-profit Organizations,201-500,"Evanston, IL, US"
2932,Merz Therapeutics,Pharmaceutical Manufacturing,201-500,"Frankfurt am Main, 0, DE"
2933,Nicoll Curtin,Staffing and Recruiting,11-50,"London, England, GB"
2934,"QUAD, a SolomonEdwards Company",Staffing and Recruiting,1-10,"Wayne, Pennsylvania, US"
2935,OceanFirst Bank,Banking,501-1000,"Toms River, New Jersey, US"
2936,Orion Group,Staffing and Recruiting,51-200,"UK and International, 0, GB"
2937,O'Neal Steel,Mining,201-500,"Birmingham, AL, US"
2938,Rosendin,Construction,501-1000,"San Jose, CA, US"
2939,Sares Regis Group,Real Estate,201-500,"Newport Beach, California, US"
2940,San Jose Sharks,Spectator Sports,51-200,"San Jose, CA, US"
2941,Teknor Apex Company,Plastics Manufacturing,501-1000,"Pawtucket, RI, US"
2942,Targa Resources,Oil and Gas,501-1000,"Houston, Texas, US"
2943,Ringling College of Art and Design,Higher Education,51-200,"Sarasota, fl, US"
2944,Revolution Technologies,Staffing and Recruiting,501-1000,"Melbourne, FL, US"
2945,Torrid,Retail,501-1000,"City of Industry, CA, US"
2946,Wesley Healthcare,Hospitals and Health Care,501-1000,"Wichita, Kansas, US"
2947,The Trustees of Reservations,"Museums, Historical Sites, and Zoos",51-200,"Boston, MA, US"
2948,Reading Hospital,Hospitals and Health Care,501-1000,"Reading, 0, US"
2949,CubeSmart,Real Estate,501-1000,"Malvern, PA, US"
2950,YMCA of Greater Houston,Non-profit Organizations,501-1000,"Houston, Texas, US"
2951,Winmark – the Resale Company,Retail,11-50,"Minneapolis, MN, US"
2952,Zonar Systems,Software Development,51-200,"Seattle, WA, US"
2953,iPipeline,Software Development,201-500,"Exton, PA, US"
2954,AHT Insurance,Insurance,51-200,"Leesburg, VA, US"
2955,7 For All Mankind,Retail Apparel and Fashion,201-500,"Los Angeles, California, US"
2956,American Board of Internal Medicine,Non-profit Organizations,51-200,"Philadelphia, PA, US"
2957,CELINE,Retail Luxury Goods and Jewelry,501-1000,"PARIS, 0, FR"
2958,Brown Advisory,Financial Services,201-500,"Baltimore, Maryland, US"
2959,bisco industries,"Appliances, Electrical, and Electronics Manufacturing",201-500,"Anaheim, California, US"
2960,Corgan,Architecture and Planning,201-500,"Dallas, Texas, US"
2961,Club Car,Motor Vehicle Manufacturing,501-1000,"Augusta, GA, US"
2962,City of Worcester,Government Administration,501-1000,"Worcester, MA, US"
2963,"City of Hollywood, Florida",Government Administration,201-500,"0, 0, US"
2964,Groupe Dynamite,Retail,501-1000,"Town of Mount-Royal, Qc, CA"
2965,Group 1 Automotive,Motor Vehicle Manufacturing,1000+,"Houston, Texas, US"
2966,Holder Construction,Construction,501-1000,"Atlanta, Georgia, US"
2967,Greystar,Real Estate,1000+,"Charleston, South Carolina, US"
2968,JANUS Research Group,Defense and Space Manufacturing,51-200,"Evans, Georgia, US"
2969,Graniterock,Construction,201-500,"Watsonville, CA, US"
2970,Halff,Civil Engineering,501-1000,"Richardson, Texas, US"
2971,Grande Cheese Company,Food and Beverage Manufacturing,501-1000,"Fond du Lac, WI, US"
2972,Franklin International,Chemical Manufacturing,51-200,"Columbus, Ohio, US"
2973,"HR Options, Inc.",Human Resources Services,501-1000,"Concord, California, US"
2974,HITT Contracting Inc.,Construction,501-1000,"Falls Church, VA, US"
2975,"Gardner Resources Consulting, LLC",Staffing and Recruiting,11-50,"Wellesley, MA, US"
2976,IPG Photonics,"Appliances, Electrical, and Electronics Manufacturing",501-1000,"Oxford, MA, US"
2977,"Johnson Service Group, Inc.",Staffing and Recruiting,501-1000,"Westmont, IL, US"
2978,Kaye/Bassman International,Staffing and Recruiting,11-50,"Plano, Texas, US"
2979,JANUS et Cie,Furniture and Home Furnishings Manufacturing,51-200,"0, 0, US"
2980,Link Technologies,IT Services and IT Consulting,11-50,"Las Vegas, NV, US"
2981,Lincoln Investment,Financial Services,51-200,"Fort Washington, PA, US"
2982,MGT,Business Consulting and Services,201-500,"Tampa, FL, US"
2983,Convey Health Solutions,Hospitals and Health Care,501-1000,"Fort Lauderdale, Florida, US"
2984,Paycom,Software Development,501-1000,"Oklahoma City, Oklahoma, US"
2985,PCC Community Markets,Retail,501-1000,"Seattle, Washington, US"
2986,"Milestone Technologies, Inc.",IT Services and IT Consulting,501-1000,"Fremont, California, US"
2987,Lourdes University,Higher Education,51-200,"Sylvania, Ohio, US"
2988,Madden Media,Advertising Services,11-50,"Tucson, AZ, US"
2989,North Texas Tollway Authority,Truck Transportation,201-500,"Plano, TX, US"
2990,POWER Engineers,IT Services and IT Consulting,501-1000,"Hailey, ID, US"
2991,Pierce Manufacturing,Motor Vehicle Manufacturing,501-1000,"Appleton, WI, US"
2992,Philadelphia Corporation for Aging,Non-profit Organizations,201-500,"Philadelphia, Pennsylvania, US"
2993,Performant Corp,Financial Services,501-1000,"Plantation, Florida, US"
2994,"Rockline Industries, people who make it right",Manufacturing,501-1000,"Sheboygan, Wisconsin, US"
2995,Össur,Medical Equipment Manufacturing,501-1000,"Reykjavik, Iceland, IS"
2996,Professional Sports Publications,Book and Periodical Publishing,51-200,"New York, NY, US"
2997,"Republic Bank - PA, NJ, & NY",Banking,51-200,"0, 0, US"
2998,Seminole Hard Rock Hotel & Casino Hollywood,Gambling Facilities and Casinos,501-1000,"Hollywood, FL, US"
2999,Talbert House,Mental Health Care,201-500,"Cincinnati, OH, US"
3000,Softlink,Software Development,11-50,"Brisbane, QLD, AU"
