job_skill_id,job_id,skill_id,requirement_level
1,3316,11,Required
2,3316,33,Required
3,3316,27,Nice-to-have
4,3329,8,Nice-to-have
5,3320,34,Preferred
6,3310,21,Nice-to-have
7,3310,26,Nice-to-have
8,131,25,Required
9,49,35,Required
10,49,33,Nice-to-have
11,1244,31,Preferred
12,55,22,Nice-to-have
13,55,25,Preferred
14,3317,22,Preferred
15,3317,25,Required
16,64,35,Nice-to-have
17,106,35,Preferred
18,106,33,Required
19,81,8,Required
20,81,25,Nice-to-have
21,110,28,Required
22,110,30,Preferred
23,110,2,Nice-to-have
24,188,26,Required
25,188,8,Nice-to-have
26,91,14,Preferred
27,91,12,Nice-to-have
28,128,14,Nice-to-have
29,128,12,Nice-to-have
30,128,25,Nice-to-have
31,58,35,Required
32,58,33,Nice-to-have
33,50,35,Required
34,50,33,Nice-to-have
35,59,22,Preferred
36,59,25,Required
37,61,19,Nice-to-have
38,61,25,Nice-to-have
39,61,24,Preferred
40,127,22,Required
41,127,25,Required
42,3311,9,Preferred
43,103,10,Required
44,103,11,Required
45,83,22,Preferred
46,83,25,Required
47,134,21,Required
48,134,19,Nice-to-have
49,38,20,Required
50,48,20,Nice-to-have
51,107,23,Nice-to-have
52,82,22,Nice-to-have
53,82,25,Preferred
54,87,35,Preferred
55,87,33,Nice-to-have
56,85,20,Nice-to-have
57,3314,35,Preferred
58,3314,11,Preferred
59,3314,10,Nice-to-have
60,164,33,Nice-to-have
61,89,35,Required
62,45,22,Nice-to-have
63,45,25,Required
64,51,35,Required
65,51,33,Required
66,65,31,Nice-to-have
67,129,25,Nice-to-have
68,62,22,Nice-to-have
69,189,22,Preferred
70,189,33,Preferred
71,44,35,Required
72,44,33,Required
73,1221,31,Nice-to-have
74,1221,19,Required
75,1221,20,Preferred
76,1220,13,Nice-to-have
77,56,20,Nice-to-have
78,1222,16,Required
79,130,9,Required
80,130,25,Nice-to-have
81,130,34,Nice-to-have
82,41,10,Preferred
83,41,11,Required
84,3315,25,Preferred
85,3315,2,Nice-to-have
86,1276,35,Nice-to-have
87,1276,33,Required
88,39,22,Preferred
89,39,25,Preferred
90,46,31,Nice-to-have
91,46,19,Nice-to-have
92,3327,11,Preferred
93,163,32,Required
94,163,8,Preferred
95,163,12,Required
96,147,9,Nice-to-have
97,147,25,Preferred
98,147,34,Preferred
99,149,8,Required
100,1305,2,Preferred
101,1305,22,Nice-to-have
102,3331,22,Required
103,3331,25,Required
104,3331,9,Required
105,3312,34,Required
106,3312,24,Nice-to-have
107,136,25,Nice-to-have
108,136,17,Required
109,151,2,Required
110,3328,25,Required
111,1304,13,Required
112,148,20,Preferred
113,3313,13,Nice-to-have
114,227,28,Nice-to-have
115,227,29,Preferred
116,227,30,Preferred
117,102,22,Required
118,102,25,Preferred
119,3325,34,Required
120,3325,24,Preferred
121,153,31,Required
122,153,19,Preferred
123,60,35,Preferred
124,60,33,Required
125,113,25,Preferred
126,135,35,Nice-to-have
127,135,6,Preferred
128,135,16,Preferred
129,232,26,Required
130,232,17,Nice-to-have
131,232,16,Nice-to-have
132,3340,24,Required
133,3340,34,Preferred
134,126,32,Preferred
135,54,31,Nice-to-have
136,54,19,Nice-to-have
137,52,22,Preferred
138,52,25,Nice-to-have
139,3318,25,Nice-to-have
140,68,34,Preferred
141,68,24,Required
142,109,32,Preferred
143,3354,25,Required
144,101,35,Nice-to-have
145,101,33,Required
146,228,19,Required
147,228,12,Preferred
148,3330,19,Nice-to-have
149,3330,34,Required
150,3353,28,Nice-to-have
151,3353,34,Required
152,3372,32,Preferred
153,152,22,Required
154,152,33,Preferred
155,1218,19,Required
156,1218,34,Nice-to-have
157,197,20,Required
158,40,35,Required
159,40,33,Required
160,42,23,Preferred
161,88,25,Nice-to-have
162,88,8,Nice-to-have
163,1219,13,Preferred
164,3332,26,Required
165,86,23,Preferred
166,229,8,Nice-to-have
167,229,24,Nice-to-have
168,229,18,Nice-to-have
169,93,34,Preferred
170,93,24,Preferred
171,112,25,Required
172,1233,19,Preferred
173,1233,14,Required
174,57,35,Preferred
175,57,33,Preferred
176,1217,34,Required
177,1217,24,Required
178,114,6,Preferred
179,114,7,Preferred
180,1306,22,Required
181,1306,25,Nice-to-have
182,3337,28,Nice-to-have
183,3337,29,Preferred
184,3337,30,Nice-to-have
185,1229,13,Preferred
186,3324,4,Nice-to-have
187,1312,13,Required
188,1264,26,Preferred
189,139,6,Preferred
190,139,7,Required
191,1357,22,Required
192,1357,25,Nice-to-have
193,1310,35,Required
194,1310,33,Preferred
195,141,22,Nice-to-have
196,97,19,Required
197,97,31,Required
198,200,8,Nice-to-have
199,3356,34,Nice-to-have
200,92,25,Preferred
201,3377,20,Preferred
202,1288,13,Required
203,1282,22,Preferred
204,1282,25,Preferred
205,3457,34,Nice-to-have
206,3457,24,Preferred
207,1238,34,Nice-to-have
208,3480,35,Preferred
209,3480,33,Preferred
210,1224,9,Required
211,1224,21,Preferred
212,3335,26,Preferred
213,3335,20,Required
214,1234,26,Required
215,169,31,Required
216,169,19,Required
217,1232,20,Nice-to-have
218,237,19,Preferred
219,230,13,Required
220,3456,35,Preferred
221,3456,33,Preferred
222,1240,25,Preferred
223,3374,31,Nice-to-have
224,3374,19,Nice-to-have
225,3367,28,Required
226,3367,30,Required
227,3367,29,Preferred
228,1289,13,Required
229,191,34,Preferred
230,191,19,Nice-to-have
231,191,24,Required
232,3482,34,Nice-to-have
233,3482,24,Required
234,234,13,Required
235,1360,25,Preferred
236,1393,20,Preferred
237,1371,20,Preferred
238,236,34,Nice-to-have
239,236,24,Nice-to-have
240,155,35,Nice-to-have
241,155,33,Preferred
242,1291,35,Preferred
243,1291,33,Preferred
244,3333,32,Required
245,3428,34,Preferred
246,3428,24,Preferred
247,143,23,Required
248,143,22,Required
249,3348,34,Nice-to-have
250,3423,35,Nice-to-have
251,3423,33,Nice-to-have
252,1394,20,Preferred
253,3437,34,Nice-to-have
254,3437,24,Required
255,3483,35,Preferred
256,3483,33,Nice-to-have
257,3319,34,Required
258,3319,24,Preferred
259,80,34,Required
260,77,26,Nice-to-have
261,43,25,Preferred
262,3419,35,Required
263,3419,33,Required
264,3479,35,Required
265,3479,33,Nice-to-have
266,3430,35,Nice-to-have
267,3430,33,Preferred
268,1228,24,Preferred
269,1228,28,Preferred
270,1228,4,Nice-to-have
271,90,35,Required
272,3485,35,Preferred
273,3485,33,Required
274,1309,26,Required
275,1309,20,Preferred
276,3321,20,Preferred
277,3494,35,Preferred
278,1352,19,Preferred
279,1352,34,Nice-to-have
280,167,34,Preferred
281,167,24,Nice-to-have
282,1354,25,Nice-to-have
283,1257,20,Preferred
284,3407,34,Nice-to-have
285,3407,24,Required
286,1384,20,Required
287,142,20,Nice-to-have
288,3429,34,Nice-to-have
289,3429,24,Required
290,3323,35,Required
291,3370,28,Preferred
292,3370,34,Nice-to-have
293,1397,19,Required
294,1397,34,Nice-to-have
295,3468,34,Preferred
296,3468,24,Preferred
297,1332,20,Preferred
298,1251,13,Preferred
299,3470,35,Nice-to-have
300,3470,33,Nice-to-have
301,1387,25,Preferred
302,1349,28,Required
303,1349,29,Preferred
304,1349,30,Preferred
305,3347,28,Preferred
306,3347,34,Nice-to-have
307,84,35,Preferred
308,84,33,Preferred
309,1411,22,Nice-to-have
310,1411,25,Required
311,1315,14,Required
312,1315,12,Nice-to-have
313,1315,25,Nice-to-have
314,1364,13,Nice-to-have
315,1334,34,Required
316,1334,24,Required
317,1300,26,Preferred
318,3416,35,Preferred
319,3416,33,Required
320,73,8,Nice-to-have
321,1293,20,Preferred
322,3364,34,Required
323,1280,22,Required
324,1280,25,Required
325,1417,28,Preferred
326,1417,29,Nice-to-have
327,1417,30,Required
328,350,21,Required
329,1308,27,Required
330,1308,33,Preferred
331,168,31,Required
332,1373,35,Preferred
333,1373,33,Nice-to-have
334,1410,35,Required
335,1410,33,Nice-to-have
336,3388,34,Nice-to-have
337,1290,19,Nice-to-have
338,1290,34,Preferred
339,69,21,Nice-to-have
340,3440,35,Nice-to-have
341,3440,33,Preferred
342,1294,20,Preferred
343,1413,22,Preferred
344,1413,25,Required
345,3392,35,Nice-to-have
346,3392,33,Required
347,3387,34,Preferred
348,3387,24,Required
349,1415,22,Preferred
350,1415,25,Nice-to-have
351,3339,22,Required
352,1428,6,Required
353,1428,7,Preferred
354,203,26,Nice-to-have
355,1420,25,Preferred
356,79,6,Preferred
357,79,7,Nice-to-have
358,1333,25,Preferred
359,3426,13,Preferred
360,313,28,Preferred
361,3900,2,Preferred
362,3900,1,Required
363,195,35,Nice-to-have
364,195,33,Preferred
365,3376,28,Required
366,3376,34,Required
367,3902,20,Preferred
368,1409,22,Nice-to-have
369,1409,25,Nice-to-have
370,209,25,Nice-to-have
371,209,19,Required
372,209,4,Required
373,3404,35,Preferred
374,3404,33,Preferred
375,3442,34,Preferred
376,3442,24,Required
377,3488,34,Preferred
378,190,21,Preferred
379,1385,9,Required
380,1385,25,Preferred
381,1385,34,Required
382,3373,28,Required
383,3373,34,Preferred
384,3895,35,Preferred
385,3895,33,Required
386,75,20,Nice-to-have
387,3499,23,Nice-to-have
388,1255,22,Preferred
389,1255,25,Preferred
390,1367,8,Required
391,1367,25,Nice-to-have
392,3484,35,Required
393,3484,33,Required
394,1406,19,Nice-to-have
395,1406,34,Required
396,1499,28,Required
397,1381,25,Preferred
398,95,35,Required
399,95,33,Preferred
400,259,8,Required
401,259,35,Preferred
402,3901,20,Required
403,162,22,Nice-to-have
404,162,25,Required
405,3502,21,Preferred
406,3438,34,Nice-to-have
407,3438,24,Nice-to-have
408,137,6,Required
409,137,7,Nice-to-have
410,1376,33,Preferred
411,119,6,Required
412,119,7,Required
413,286,26,Nice-to-have
414,1260,22,Required
415,1260,25,Nice-to-have
416,3384,34,Nice-to-have
417,3384,24,Preferred
418,1247,22,Preferred
419,1247,25,Required
420,312,22,Preferred
421,312,2,Preferred
422,312,27,Preferred
423,3414,34,Required
424,3414,24,Preferred
425,1231,32,Nice-to-have
426,1298,22,Preferred
427,1298,25,Required
428,1377,35,Required
429,1377,33,Required
430,1285,17,Nice-to-have
431,171,35,Required
432,171,33,Nice-to-have
433,238,2,Preferred
434,238,1,Nice-to-have
435,238,25,Preferred
436,1302,8,Required
437,1302,25,Preferred
438,1339,35,Required
439,1339,33,Required
440,3355,31,Preferred
441,3355,19,Required
442,1359,22,Nice-to-have
443,1359,25,Preferred
444,3896,22,Nice-to-have
445,3896,25,Preferred
446,13,26,Required
447,1281,35,Preferred
448,1281,33,Nice-to-have
449,3378,35,Preferred
450,3378,33,Preferred
451,3936,13,Nice-to-have
452,3397,20,Preferred
453,3385,35,Required
454,3385,33,Preferred
455,1331,35,Nice-to-have
456,1331,33,Preferred
457,3529,34,Preferred
458,3529,24,Nice-to-have
459,1379,22,Required
460,1379,25,Required
461,1422,22,Preferred
462,1422,25,Required
463,235,34,Preferred
464,235,24,Preferred
465,3474,8,Nice-to-have
466,3474,25,Required
467,180,25,Nice-to-have
468,180,20,Required
469,180,22,Preferred
470,349,22,Preferred
471,349,25,Required
472,3361,34,Preferred
473,3361,24,Nice-to-have
474,3411,31,Required
475,1340,22,Required
476,1340,25,Preferred
477,3389,35,Preferred
478,3389,33,Required
479,3418,35,Required
480,3418,33,Required
481,1295,20,Nice-to-have
482,3425,13,Required
483,105,25,Preferred
484,3473,13,Required
485,3511,15,Required
486,3511,9,Required
487,3449,35,Nice-to-have
488,3449,33,Nice-to-have
489,132,35,Nice-to-have
490,3390,35,Nice-to-have
491,3390,33,Nice-to-have
492,3500,35,Preferred
493,3500,33,Preferred
494,3535,34,Required
495,3535,24,Required
496,3454,34,Nice-to-have
497,3454,24,Nice-to-have
498,3486,34,Required
499,3486,17,Preferred
500,1246,22,Nice-to-have
501,1246,25,Required
502,1350,22,Required
503,1350,25,Required
504,71,20,Required
505,1297,20,Nice-to-have
506,262,25,Required
507,3923,19,Required
508,3923,34,Nice-to-have
509,1277,22,Required
510,1277,25,Required
511,1296,20,Nice-to-have
512,3997,19,Nice-to-have
513,3997,34,Required
514,322,35,Required
515,322,33,Preferred
516,3464,34,Preferred
517,3464,24,Nice-to-have
518,3913,20,Nice-to-have
519,3459,13,Nice-to-have
520,3471,10,Required
521,3398,22,Nice-to-have
522,3398,25,Required
523,3427,35,Nice-to-have
524,3427,33,Required
525,3938,34,Preferred
526,3938,24,Required
527,3944,2,Required
528,3944,1,Preferred
529,3944,25,Nice-to-have
530,14,26,Preferred
531,239,26,Required
532,239,21,Preferred
533,319,25,Required
534,319,26,Nice-to-have
535,288,22,Required
536,288,25,Required
537,1451,31,Preferred
538,206,6,Required
539,206,34,Required
540,206,17,Preferred
541,3368,34,Nice-to-have
542,3368,24,Required
543,1407,20,Required
544,3984,16,Required
545,3984,22,Nice-to-have
546,3959,20,Required
547,1405,35,Preferred
548,1405,33,Nice-to-have
549,1392,22,Nice-to-have
550,1392,25,Required
551,138,6,Required
552,138,7,Required
553,4049,20,Required
554,3338,19,Nice-to-have
555,3338,34,Required
556,327,13,Required
557,3399,34,Nice-to-have
558,3399,24,Preferred
559,3349,35,Preferred
560,3349,33,Preferred
561,290,19,Nice-to-have
562,290,34,Nice-to-have
563,104,35,Preferred
564,104,33,Nice-to-have
565,3932,20,Required
566,3509,35,Nice-to-have
567,3509,33,Required
568,3505,22,Required
569,3505,25,Preferred
570,3911,16,Nice-to-have
571,3911,22,Preferred
572,1408,16,Nice-to-have
573,1408,26,Preferred
574,1408,17,Nice-to-have
575,352,26,Required
576,352,17,Required
577,352,8,Nice-to-have
578,3344,28,Nice-to-have
579,3344,34,Nice-to-have
580,3918,20,Nice-to-have
581,202,35,Nice-to-have
582,202,21,Nice-to-have
583,449,21,Preferred
584,449,29,Required
585,449,20,Preferred
586,1265,35,Nice-to-have
587,1265,33,Required
588,1453,34,Nice-to-have
589,1453,24,Preferred
590,1453,9,Preferred
591,3451,34,Preferred
592,3451,24,Nice-to-have
593,1497,22,Required
594,1497,25,Preferred
595,3968,20,Required
596,1435,35,Nice-to-have
597,1435,33,Nice-to-have
598,184,13,Preferred
599,182,25,Required
600,1427,31,Required
601,1427,19,Nice-to-have
602,4031,25,Nice-to-have
603,1351,22,Required
604,1351,25,Preferred
605,294,13,Preferred
606,1395,20,Preferred
607,199,20,Nice-to-have
608,210,22,Nice-to-have
609,210,25,Required
610,411,13,Required
611,1437,20,Nice-to-have
612,1437,25,Preferred
613,1437,35,Required
614,1508,22,Preferred
615,1508,25,Required
616,361,13,Required
617,3420,34,Preferred
618,3420,24,Required
619,1314,20,Preferred
620,3515,13,Required
621,3415,34,Preferred
622,3415,24,Nice-to-have
623,484,22,Required
624,1515,20,Required
625,4061,32,Required
626,1402,28,Nice-to-have
627,1402,34,Required
628,371,14,Required
629,371,30,Nice-to-have
630,3941,8,Nice-to-have
631,3941,25,Nice-to-have
632,1450,6,Preferred
633,1450,7,Required
634,47,25,Required
635,1400,25,Nice-to-have
636,1476,24,Nice-to-have
637,1476,34,Preferred
638,3942,20,Required
639,179,35,Required
640,179,33,Preferred
641,3498,8,Nice-to-have
642,3498,25,Nice-to-have
643,3953,24,Required
644,3953,34,Nice-to-have
645,221,13,Required
646,244,25,Preferred
647,1487,13,Nice-to-have
648,3992,4,Nice-to-have
649,353,35,Required
650,3996,20,Preferred
651,144,31,Required
652,1324,28,Nice-to-have
653,1324,34,Required
654,1274,22,Nice-to-have
655,1274,25,Preferred
656,1458,22,Preferred
657,1458,25,Nice-to-have
658,1348,31,Preferred
659,1348,19,Required
660,4060,20,Preferred
661,177,13,Nice-to-have
662,1431,22,Preferred
663,1431,25,Nice-to-have
664,3919,20,Required
665,242,23,Required
666,1390,34,Required
667,1390,24,Preferred
668,4015,35,Preferred
669,3963,24,Preferred
670,3963,34,Preferred
671,360,13,Preferred
672,3435,24,Nice-to-have
673,3435,34,Nice-to-have
674,1461,22,Required
675,1461,25,Preferred
676,116,25,Nice-to-have
677,1365,35,Nice-to-have
678,1365,33,Nice-to-have
679,351,34,Nice-to-have
680,351,24,Preferred
681,76,35,Required
682,76,33,Nice-to-have
683,362,13,Preferred
684,284,25,Preferred
685,3481,34,Nice-to-have
686,3481,24,Preferred
687,249,35,Required
688,249,33,Preferred
689,4068,15,Nice-to-have
690,4068,35,Required
691,324,13,Preferred
692,3369,35,Nice-to-have
693,3369,33,Nice-to-have
694,400,26,Required
695,420,2,Preferred
696,420,25,Required
697,1416,25,Required
698,3447,25,Nice-to-have
699,3447,35,Required
700,3447,8,Required
701,150,22,Preferred
702,150,25,Preferred
703,150,33,Preferred
704,370,25,Preferred
705,3926,35,Nice-to-have
706,1455,35,Nice-to-have
707,1455,33,Preferred
708,3497,34,Nice-to-have
709,3497,24,Required
710,3969,13,Preferred
711,1468,35,Preferred
712,1468,33,Preferred
713,3460,28,Required
714,3460,29,Required
715,3460,30,Required
716,3472,24,Nice-to-have
717,3472,34,Nice-to-have
718,1353,19,Required
719,1353,34,Required
720,4064,35,Required
721,4013,35,Required
722,4013,33,Required
723,217,13,Required
724,1522,20,Required
725,271,34,Required
726,271,24,Nice-to-have
727,176,30,Required
728,1512,22,Nice-to-have
729,1512,25,Nice-to-have
730,1250,20,Required
731,385,34,Nice-to-have
732,1323,22,Nice-to-have
733,1323,25,Preferred
734,441,9,Required
735,441,34,Preferred
736,441,24,Required
737,291,13,Nice-to-have
738,214,10,Nice-to-have
739,214,11,Required
740,4148,31,Preferred
741,4148,19,Preferred
742,263,25,Required
743,1469,13,Required
744,1489,14,Nice-to-have
745,1489,12,Required
746,1489,25,Preferred
747,3514,26,Nice-to-have
748,4026,22,Nice-to-have
749,4026,25,Required
750,1327,13,Nice-to-have
751,1287,27,Required
752,1287,33,Nice-to-have
753,3400,35,Required
754,3400,33,Required
755,274,26,Required
756,154,6,Preferred
757,154,7,Nice-to-have
758,387,13,Required
759,387,20,Required
760,1258,22,Required
761,1258,25,Required
762,3906,13,Required
763,175,25,Nice-to-have
764,272,31,Preferred
765,272,35,Required
766,306,35,Nice-to-have
767,306,33,Required
768,302,22,Nice-to-have
769,302,33,Preferred
770,94,6,Preferred
771,94,7,Preferred
772,3538,34,Preferred
773,3538,24,Preferred
774,3533,25,Required
775,3974,35,Preferred
776,3974,33,Required
777,98,20,Required
778,1436,13,Required
779,3520,35,Preferred
780,3520,33,Required
781,334,30,Preferred
782,334,26,Required
783,3978,20,Preferred
784,223,13,Preferred
785,1375,22,Nice-to-have
786,1375,25,Nice-to-have
787,4092,20,Nice-to-have
788,4112,35,Required
789,4112,33,Required
790,3351,35,Required
791,3351,33,Nice-to-have
792,3524,22,Nice-to-have
793,3524,25,Nice-to-have
794,1444,8,Required
795,1444,1,Required
796,1444,2,Required
797,340,20,Preferred
798,429,13,Preferred
799,1531,21,Nice-to-have
800,3357,28,Preferred
801,3357,34,Nice-to-have
802,301,35,Nice-to-have
803,301,33,Preferred
804,4132,25,Required
805,1248,35,Nice-to-have
806,1248,33,Preferred
807,4150,13,Required
808,3973,35,Required
809,3973,33,Preferred
810,1446,22,Preferred
811,1446,25,Nice-to-have
812,4040,20,Nice-to-have
813,1475,13,Nice-to-have
814,1432,13,Preferred
815,213,31,Required
816,213,19,Nice-to-have
817,211,34,Required
818,211,24,Preferred
819,4152,25,Required
820,4058,22,Nice-to-have
821,4058,25,Preferred
822,1223,13,Required
823,287,22,Nice-to-have
824,366,31,Nice-to-have
825,3934,13,Required
826,440,23,Required
827,1242,35,Nice-to-have
828,1242,33,Required
829,3466,35,Nice-to-have
830,3466,33,Preferred
831,4141,35,Nice-to-have
832,4141,33,Nice-to-have
833,3989,20,Preferred
834,1440,34,Preferred
835,1440,35,Required
836,3994,20,Preferred
837,3352,4,Nice-to-have
838,3352,28,Nice-to-have
839,4122,14,Required
840,4122,12,Nice-to-have
841,4122,25,Preferred
842,3487,14,Nice-to-have
843,3487,12,Nice-to-have
844,3487,25,Preferred
845,3501,32,Preferred
846,427,20,Required
847,455,16,Nice-to-have
848,455,35,Preferred
849,455,24,Required
850,4050,14,Preferred
851,4050,12,Preferred
852,4050,25,Required
853,1398,22,Nice-to-have
854,1398,25,Required
855,1513,25,Required
856,3406,35,Required
857,3406,33,Preferred
858,1538,21,Required
859,204,4,Required
860,3912,8,Nice-to-have
861,3912,25,Required
862,3394,28,Nice-to-have
863,456,35,Required
864,456,33,Required
865,207,12,Preferred
866,207,25,Preferred
867,207,14,Required
868,472,22,Nice-to-have
869,472,25,Required
870,1391,22,Nice-to-have
871,1391,25,Preferred
872,4024,25,Preferred
873,528,20,Required
874,409,13,Preferred
875,1490,20,Required
876,3512,14,Nice-to-have
877,3512,12,Preferred
878,3512,25,Nice-to-have
879,392,34,Preferred
880,392,24,Preferred
881,1480,24,Nice-to-have
882,1480,34,Required
883,3433,14,Required
884,3433,12,Preferred
885,3433,25,Preferred
886,3995,20,Nice-to-have
887,426,35,Required
888,426,33,Required
889,388,20,Nice-to-have
890,3976,20,Nice-to-have
891,3477,35,Required
892,3477,33,Required
893,457,8,Nice-to-have
894,457,25,Nice-to-have
895,416,14,Required
896,416,12,Preferred
897,416,25,Preferred
898,4159,22,Preferred
899,4159,25,Preferred
900,1557,11,Nice-to-have
901,345,20,Nice-to-have
902,3336,23,Required
903,280,34,Nice-to-have
904,280,24,Required
905,4121,31,Preferred
906,4121,19,Preferred
907,504,28,Preferred
908,1486,32,Nice-to-have
909,3493,13,Preferred
910,3444,35,Nice-to-have
911,3444,33,Nice-to-have
912,4082,17,Required
913,479,32,Preferred
914,474,31,Nice-to-have
915,474,19,Nice-to-have
916,404,25,Required
917,1485,22,Required
918,1485,25,Nice-to-have
919,3955,13,Nice-to-have
920,3467,35,Nice-to-have
921,3467,33,Preferred
922,372,25,Required
923,3910,20,Required
924,359,22,Required
925,359,25,Nice-to-have
926,1516,22,Nice-to-have
927,398,35,Required
928,398,33,Nice-to-have
929,3930,20,Required
930,225,19,Required
931,225,34,Preferred
932,225,31,Required
933,277,32,Preferred
934,158,27,Nice-to-have
935,158,26,Nice-to-have
936,158,20,Nice-to-have
937,3986,35,Preferred
938,3986,33,Nice-to-have
939,1388,9,Preferred
940,1388,25,Required
941,1388,34,Preferred
942,1345,20,Preferred
943,4052,19,Preferred
944,4052,34,Required
945,265,20,Required
946,243,22,Required
947,243,25,Nice-to-have
948,4094,16,Required
949,1507,20,Nice-to-have
950,3943,20,Required
951,3516,35,Required
952,3516,33,Required
953,1272,20,Required
954,390,13,Preferred
955,1434,34,Preferred
956,1434,24,Nice-to-have
957,4076,24,Preferred
958,341,14,Nice-to-have
959,341,12,Preferred
960,341,25,Required
961,514,24,Nice-to-have
962,514,34,Required
963,435,28,Preferred
964,435,34,Required
965,367,20,Preferred
966,425,35,Required
967,425,33,Nice-to-have
968,4046,19,Required
969,4046,31,Preferred
970,1599,20,Nice-to-have
971,1599,33,Required
972,1501,22,Preferred
973,1501,25,Preferred
974,1477,35,Required
975,1477,33,Nice-to-have
976,332,31,Nice-to-have
977,314,26,Preferred
978,3465,34,Nice-to-have
979,3465,24,Preferred
980,1256,2,Nice-to-have
981,1429,2,Required
982,1429,1,Preferred
983,1429,25,Required
984,4093,33,Nice-to-have
985,4187,25,Nice-to-have
986,3410,20,Required
987,245,35,Required
988,245,33,Preferred
989,1424,25,Nice-to-have
990,343,28,Nice-to-have
991,311,25,Preferred
992,1578,1,Nice-to-have
993,1578,2,Nice-to-have
994,4014,2,Nice-to-have
995,4014,1,Preferred
996,4014,25,Preferred
997,464,34,Preferred
998,464,24,Preferred
999,518,11,Nice-to-have
1000,1478,22,Required
1001,1478,25,Required
1002,99,13,Nice-to-have
1003,4034,13,Nice-to-have
1004,486,35,Required
1005,486,33,Preferred
1006,1425,32,Preferred
1007,1425,35,Nice-to-have
1008,4117,35,Nice-to-have
1009,4117,33,Required
1010,3365,35,Preferred
1011,3365,33,Required
1012,1571,8,Nice-to-have
1013,1571,35,Nice-to-have
1014,1571,4,Nice-to-have
1015,4069,31,Nice-to-have
1016,4069,19,Nice-to-have
1017,406,20,Required
1018,4043,19,Nice-to-have
1019,4043,34,Preferred
1020,4138,22,Preferred
1021,4138,25,Nice-to-have
1022,1313,35,Required
1023,1313,33,Required
1024,78,24,Required
1025,78,34,Required
1026,4037,20,Nice-to-have
1027,1466,28,Required
1028,4140,28,Nice-to-have
1029,4140,29,Preferred
1030,4140,30,Required
1031,1303,13,Required
1032,1275,13,Required
1033,3937,13,Required
1034,1328,22,Preferred
1035,1328,25,Nice-to-have
1036,3476,13,Preferred
1037,614,25,Preferred
1038,183,23,Preferred
1039,4065,22,Nice-to-have
1040,4065,15,Preferred
1041,4065,35,Preferred
1042,536,31,Nice-to-have
1043,3495,13,Preferred
1044,1317,35,Required
1045,1317,33,Preferred
1046,4130,35,Required
1047,4130,33,Nice-to-have
1048,1430,22,Nice-to-have
1049,1430,25,Preferred
1050,1449,21,Required
1051,4045,13,Nice-to-have
1052,376,34,Nice-to-have
1053,376,24,Preferred
1054,3964,20,Nice-to-have
1055,1504,34,Nice-to-have
1056,1504,24,Required
1057,445,22,Preferred
1058,1555,33,Preferred
1059,1555,20,Required
1060,268,13,Preferred
1061,1608,35,Preferred
1062,1608,5,Nice-to-have
1063,1608,11,Nice-to-have
1064,347,35,Nice-to-have
1065,347,33,Required
1066,254,13,Preferred
1067,3362,35,Required
1068,3362,33,Required
1069,4085,35,Nice-to-have
1070,4085,33,Preferred
1071,1307,22,Nice-to-have
1072,1307,25,Nice-to-have
1073,4144,35,Nice-to-have
1074,4144,33,Preferred
1075,545,25,Nice-to-have
1076,257,34,Preferred
1077,257,24,Required
1078,201,22,Nice-to-have
1079,201,25,Preferred
1080,1368,6,Preferred
1081,1368,7,Required
1082,541,26,Nice-to-have
1083,541,8,Required
1084,541,30,Nice-to-have
1085,318,26,Preferred
1086,318,4,Nice-to-have
1087,1382,20,Required
1088,181,35,Preferred
1089,181,33,Required
1090,344,25,Required
1091,299,14,Required
1092,299,12,Required
1093,299,25,Required
1094,1481,26,Nice-to-have
1095,108,20,Required
1096,1261,35,Preferred
1097,1261,33,Preferred
1098,1607,8,Nice-to-have
1099,1607,25,Nice-to-have
1100,1607,4,Preferred
1101,537,8,Preferred
1102,537,25,Nice-to-have
1103,1301,25,Preferred
1104,1519,9,Nice-to-have
1105,1519,25,Preferred
1106,1519,34,Preferred
1107,3345,34,Required
1108,3345,24,Nice-to-have
1109,355,25,Nice-to-have
1110,3952,35,Nice-to-have
1111,3952,33,Preferred
1112,337,35,Required
1113,337,33,Required
1114,3988,20,Nice-to-have
1115,529,25,Required
1116,1494,8,Nice-to-have
1117,1494,25,Nice-to-have
1118,1553,19,Required
1119,1553,25,Nice-to-have
1120,1553,31,Preferred
1121,4114,31,Preferred
1122,4114,19,Required
1123,1414,2,Preferred
1124,1414,1,Preferred
1125,1414,25,Required
1126,246,32,Preferred
1127,523,20,Required
1128,408,13,Required
1129,381,35,Required
1130,381,33,Nice-to-have
1131,413,13,Preferred
1132,394,31,Preferred
1133,394,19,Preferred
1134,4075,35,Required
1135,4075,11,Preferred
1136,4075,5,Nice-to-have
1137,308,28,Preferred
1138,308,34,Preferred
1139,3375,28,Nice-to-have
1140,3375,34,Nice-to-have
1141,547,13,Required
1142,393,31,Required
1143,393,19,Preferred
1144,3915,35,Nice-to-have
1145,3915,33,Required
1146,192,25,Preferred
1147,192,12,Nice-to-have
1148,1378,19,Nice-to-have
1149,1378,34,Nice-to-have
1150,495,35,Required
1151,495,33,Nice-to-have
1152,222,13,Required
1153,186,13,Required
1154,422,34,Required
1155,422,24,Preferred
1156,453,34,Required
1157,453,28,Nice-to-have
1158,1613,8,Preferred
1159,1613,35,Preferred
1160,1613,4,Nice-to-have
1161,3897,13,Required
1162,540,25,Nice-to-have
1163,1299,35,Required
1164,1299,33,Nice-to-have
1165,160,22,Preferred
1166,160,25,Required
1167,320,28,Preferred
1168,320,29,Required
1169,320,30,Preferred
1170,4133,22,Required
1171,4133,25,Nice-to-have
1172,3508,32,Nice-to-have
1173,3513,19,Preferred
1174,3513,34,Nice-to-have
1175,3489,34,Preferred
1176,3489,24,Preferred
1177,53,25,Required
1178,4115,24,Nice-to-have
1179,4120,13,Nice-to-have
1180,1518,20,Required
1181,4110,25,Preferred
1182,304,25,Preferred
1183,304,8,Required
1184,1517,35,Nice-to-have
1185,1517,33,Required
1186,115,26,Required
1187,325,13,Preferred
1188,1279,22,Preferred
1189,1279,25,Required
1190,161,32,Nice-to-have
1191,4158,34,Nice-to-have
1192,4158,24,Required
1193,4005,25,Nice-to-have
1194,316,22,Preferred
1195,316,25,Nice-to-have
1196,1263,20,Preferred
1197,4161,13,Required
1198,1610,16,Required
1199,1610,35,Required
1200,1610,18,Required
1201,1602,19,Required
1202,1602,25,Nice-to-have
1203,1602,31,Required
1204,497,35,Preferred
1205,497,33,Required
1206,269,13,Preferred
1207,365,13,Nice-to-have
1208,1575,8,Nice-to-have
1209,1575,35,Nice-to-have
1210,1575,4,Nice-to-have
1211,375,35,Required
1212,375,33,Required
1213,463,2,Preferred
1214,1363,8,Preferred
1215,1363,25,Required
1216,1562,25,Nice-to-have
1217,1562,22,Nice-to-have
1218,505,35,Required
1219,505,33,Preferred
1220,4104,35,Preferred
1221,4104,33,Nice-to-have
1222,3962,20,Required
1223,552,10,Nice-to-have
1224,3518,26,Preferred
1225,3401,35,Preferred
1226,3401,33,Preferred
1227,1319,20,Nice-to-have
1228,1574,20,Preferred
1229,1574,33,Preferred
1230,3940,35,Required
1231,3940,17,Nice-to-have
1232,3940,6,Preferred
1233,1241,35,Preferred
1234,1241,33,Required
1235,4009,20,Preferred
1236,1426,31,Nice-to-have
1237,3405,34,Nice-to-have
1238,3405,24,Nice-to-have
1239,3916,35,Preferred
1240,3916,33,Nice-to-have
1241,3443,35,Preferred
1242,3443,33,Required
1243,3539,35,Preferred
1244,3539,33,Required
1245,615,32,Nice-to-have
1246,4097,19,Nice-to-have
1247,4097,31,Required
1248,4097,33,Preferred
1249,3981,6,Required
1250,3981,20,Required
1251,1524,2,Required
1252,1524,15,Preferred
1253,1524,22,Nice-to-have
1254,1505,13,Preferred
1255,363,13,Preferred
1256,1421,29,Nice-to-have
1257,1421,35,Required
1258,1421,28,Preferred
1259,1542,25,Nice-to-have
1260,4179,19,Required
1261,4179,34,Preferred
1262,293,13,Nice-to-have
1263,4186,26,Required
1264,146,31,Nice-to-have
1265,146,12,Required
1266,4004,21,Required
1267,503,22,Required
1268,501,8,Nice-to-have
1269,3334,22,Nice-to-have
1270,4181,25,Preferred
1271,3393,21,Nice-to-have
1272,63,31,Preferred
1273,63,19,Preferred
1274,4119,35,Nice-to-have
1275,4119,33,Nice-to-have
1276,342,34,Preferred
1277,1492,22,Preferred
1278,1492,25,Preferred
1279,1403,35,Required
1280,1403,33,Required
1281,1473,28,Nice-to-have
1282,3463,19,Nice-to-have
1283,3463,18,Required
1284,3463,20,Required
1285,530,13,Required
1286,264,35,Nice-to-have
1287,264,33,Nice-to-have
1288,329,13,Nice-to-have
1289,1311,13,Preferred
1290,1372,19,Preferred
1291,1372,34,Preferred
1292,1598,25,Preferred
1293,1598,17,Preferred
1294,1585,33,Required
1295,1585,20,Nice-to-have
1296,1614,22,Nice-to-have
1297,1614,25,Preferred
1298,1326,34,Nice-to-have
1299,1326,24,Required
1300,1320,20,Required
1301,1448,8,Nice-to-have
1302,1448,25,Nice-to-have
1303,298,13,Preferred
1304,4080,35,Nice-to-have
1305,4080,33,Preferred
1306,1559,33,Preferred
1307,1559,20,Preferred
1308,1472,28,Required
1309,1472,34,Nice-to-have
1310,1269,35,Preferred
1311,1269,33,Preferred
1312,4102,35,Required
1313,4102,33,Nice-to-have
1314,219,13,Preferred
1315,1399,35,Preferred
1316,1399,33,Preferred
1317,295,13,Required
1318,454,30,Required
1319,454,28,Nice-to-have
1320,1591,25,Required
1321,1591,9,Preferred
1322,1591,22,Nice-to-have
1323,4134,22,Nice-to-have
1324,4134,25,Nice-to-have
1325,4157,22,Nice-to-have
1326,4157,25,Required
1327,4155,25,Nice-to-have
1328,4189,35,Required
1329,4189,33,Nice-to-have
1330,3956,35,Preferred
1331,3956,33,Nice-to-have
1332,466,34,Required
1333,466,24,Required
1334,482,31,Nice-to-have
1335,1329,25,Nice-to-have
1336,1491,22,Preferred
1337,1491,25,Required
1338,216,13,Nice-to-have
1339,70,21,Preferred
1340,1579,8,Preferred
1341,1579,35,Required
1342,1579,4,Nice-to-have
1343,1503,25,Required
1344,1503,9,Nice-to-have
1345,1503,34,Nice-to-have
1346,1496,4,Required
1347,1496,28,Nice-to-have
1348,3358,35,Required
1349,3358,33,Nice-to-have
1350,446,23,Required
1351,491,21,Nice-to-have
1352,4001,19,Required
1353,4001,31,Nice-to-have
1354,174,31,Required
1355,4027,8,Required
1356,4027,25,Preferred
1357,4021,21,Nice-to-have
1358,3921,13,Preferred
1359,166,34,Required
1360,166,24,Required
1361,437,35,Required
1362,437,33,Nice-to-have
1363,534,8,Preferred
1364,534,27,Nice-to-have
1365,233,26,Preferred
1366,3525,25,Required
1367,3525,12,Required
1368,300,20,Nice-to-have
1369,4168,26,Preferred
1370,1545,26,Required
1371,4126,24,Nice-to-have
1372,4126,34,Required
1373,212,25,Preferred
1374,3961,20,Nice-to-have
1375,517,34,Nice-to-have
1376,517,24,Required
1377,4118,5,Nice-to-have
1378,4118,33,Required
1379,4118,4,Preferred
1380,423,35,Preferred
1381,423,33,Preferred
1382,358,34,Nice-to-have
1383,358,24,Required
1384,499,22,Preferred
1385,305,18,Preferred
1386,305,30,Required
1387,507,22,Nice-to-have
1388,4146,35,Preferred
1389,4146,33,Preferred
1390,187,13,Nice-to-have
1391,4131,22,Required
1392,4131,25,Required
1393,448,35,Required
1394,448,33,Preferred
1395,1615,35,Nice-to-have
1396,1615,5,Required
1397,1615,11,Nice-to-have
1398,3966,35,Nice-to-have
1399,4096,16,Required
1400,159,14,Required
1401,159,12,Preferred
1402,159,25,Required
1403,1618,25,Preferred
1404,1618,9,Preferred
1405,1618,22,Preferred
1406,4135,25,Nice-to-have
1407,67,32,Nice-to-have
1408,3363,35,Nice-to-have
1409,3363,33,Preferred
1410,3452,34,Nice-to-have
1411,3452,24,Required
1412,1527,34,Preferred
1413,1527,24,Nice-to-have
1414,1595,8,Required
1415,1595,35,Preferred
1416,1595,4,Preferred
1417,1588,8,Nice-to-have
1418,1588,35,Required
1419,1588,4,Preferred
1420,4174,25,Nice-to-have
1421,1548,22,Nice-to-have
1422,1548,25,Preferred
1423,4044,24,Required
1424,4044,34,Nice-to-have
1425,3990,20,Preferred
1426,3999,14,Required
1427,436,25,Nice-to-have
1428,1523,28,Nice-to-have
1429,4172,31,Required
1430,4172,33,Required
1431,3510,25,Nice-to-have
1432,4025,20,Nice-to-have
1433,3904,35,Nice-to-have
1434,3904,33,Preferred
1435,424,35,Nice-to-have
1436,424,33,Required
1437,1249,22,Required
1438,1249,25,Preferred
1439,1544,31,Required
1440,1544,19,Preferred
1441,283,35,Preferred
1442,283,33,Nice-to-have
1443,4055,35,Preferred
1444,4055,33,Nice-to-have
1445,1533,2,Nice-to-have
1446,1533,15,Nice-to-have
1447,1533,22,Preferred
1448,3907,13,Preferred
1449,1495,31,Required
1450,1495,19,Required
1451,1262,13,Required
1452,3958,35,Preferred
1453,3958,33,Nice-to-have
1454,405,25,Nice-to-have
1455,626,12,Preferred
1456,418,22,Required
1457,418,33,Required
1458,226,33,Preferred
1459,226,22,Required
1460,575,2,Required
1461,3948,20,Nice-to-have
1462,553,8,Required
1463,480,32,Preferred
1464,4048,17,Required
1465,326,13,Nice-to-have
1466,3917,20,Required
1467,428,35,Required
1468,428,33,Nice-to-have
1469,3522,35,Required
1470,3522,33,Preferred
1471,3925,21,Required
1472,1528,35,Preferred
1473,1528,33,Preferred
1474,1572,11,Required
1475,273,33,Nice-to-have
1476,273,35,Nice-to-have
1477,1770,14,Required
1478,1770,12,Preferred
1479,1770,25,Required
1480,492,34,Preferred
1481,492,24,Nice-to-have
1482,414,20,Nice-to-have
1483,3441,34,Nice-to-have
1484,3441,24,Preferred
1485,1582,33,Preferred
1486,1582,20,Preferred
1487,554,25,Required
1488,554,22,Required
1489,3478,14,Required
1490,3478,12,Required
1491,3478,25,Nice-to-have
1492,565,31,Required
1493,565,19,Preferred
1494,4057,25,Required
1495,477,35,Required
1496,477,33,Preferred
1497,215,9,Required
1498,215,25,Preferred
1499,215,34,Preferred
1500,1727,20,Nice-to-have
1501,1727,25,Nice-to-have
1502,1727,35,Preferred
1503,1816,20,Preferred
1504,1816,25,Nice-to-have
1505,1816,35,Nice-to-have
1506,1814,20,Required
1507,1814,25,Required
1508,1814,35,Preferred
1509,4113,14,Preferred
1510,4113,12,Nice-to-have
1511,4113,25,Nice-to-have
1512,1243,23,Required
1513,488,4,Required
1514,488,28,Required
1515,4083,35,Nice-to-have
1516,4083,12,Required
1517,4083,19,Preferred
1518,4019,20,Nice-to-have
1519,3382,2,Required
1520,3382,25,Preferred
1521,3382,20,Preferred
1522,1452,6,Preferred
1523,1452,7,Required
1524,470,14,Required
1525,470,15,Nice-to-have
1526,470,22,Required
1527,4129,22,Preferred
1528,4129,25,Required
1529,402,34,Preferred
1530,402,24,Preferred
1531,550,31,Nice-to-have
1532,550,19,Preferred
1533,527,34,Preferred
1534,527,24,Required
1535,527,9,Nice-to-have
1536,3448,19,Preferred
1537,3448,34,Required
1538,459,33,Required
1539,4022,20,Required
1540,1569,7,Nice-to-have
1541,1569,32,Preferred
1542,444,12,Preferred
1543,297,13,Preferred
1544,4182,26,Preferred
1545,260,34,Preferred
1546,260,24,Nice-to-have
1547,4002,28,Preferred
1548,4002,29,Preferred
1549,4002,30,Required
1550,415,23,Required
1551,525,12,Preferred
1552,525,2,Nice-to-have
1553,525,18,Preferred
1554,4018,4,Preferred
1555,120,35,Nice-to-have
1556,1596,18,Preferred
1557,1596,12,Preferred
1558,1596,25,Nice-to-have
1559,165,2,Nice-to-have
1560,165,9,Nice-to-have
1561,438,34,Nice-to-have
1562,438,24,Nice-to-have
1563,498,35,Required
1564,498,16,Required
1565,498,27,Nice-to-have
1566,1259,25,Required
1567,194,13,Nice-to-have
1568,1818,13,Nice-to-have
1569,1540,9,Nice-to-have
1570,1540,25,Preferred
1571,1540,34,Required
1572,4003,20,Required
1573,3903,10,Preferred
1574,3903,11,Preferred
1575,487,26,Required
1576,410,13,Preferred
1577,172,33,Required
1578,172,35,Nice-to-have
1579,3928,20,Required
1580,270,22,Preferred
1581,270,33,Required
1582,471,21,Nice-to-have
1583,118,6,Required
1584,118,7,Required
1585,1550,34,Preferred
1586,4156,13,Nice-to-have
1587,1236,35,Nice-to-have
1588,1236,33,Required
1589,1498,20,Nice-to-have
1590,535,25,Nice-to-have
1591,3530,24,Preferred
1592,3530,34,Nice-to-have
1593,4177,6,Nice-to-have
1594,4177,7,Required
1595,1726,20,Required
1596,1726,25,Preferred
1597,1726,35,Required
1598,1616,25,Required
1599,1616,9,Nice-to-have
1600,1616,22,Preferred
1601,4193,26,Required
1602,4149,28,Preferred
1603,4149,29,Nice-to-have
1604,4149,30,Preferred
1605,240,35,Required
1606,240,33,Required
1607,3914,24,Required
1608,3914,34,Nice-to-have
1609,519,31,Preferred
1610,307,27,Preferred
1611,307,11,Nice-to-have
1612,307,33,Required
1613,1570,7,Nice-to-have
1614,1570,32,Preferred
1615,1347,20,Nice-to-have
1616,3537,35,Nice-to-have
1617,3537,33,Required
1618,1467,35,Nice-to-have
1619,1467,33,Required
1620,1846,13,Nice-to-have
1621,1758,22,Required
1622,1758,25,Required
1623,3536,13,Preferred
1624,473,35,Required
1625,473,33,Preferred
1626,3462,35,Required
1627,3462,33,Preferred
1628,1842,13,Nice-to-have
1629,4164,25,Required
1630,1778,13,Nice-to-have
1631,1795,22,Required
1632,1795,25,Required
1633,521,13,Preferred
1634,521,17,Nice-to-have
1635,521,23,Nice-to-have
1636,4036,13,Required
1637,339,23,Preferred
1638,339,4,Nice-to-have
1639,339,22,Preferred
1640,275,26,Nice-to-have
1641,1386,22,Nice-to-have
1642,1386,25,Preferred
1643,1883,2,Nice-to-have
1644,1883,1,Preferred
1645,1883,25,Required
1646,156,30,Preferred
1647,156,19,Preferred
1648,4020,32,Required
1649,4020,35,Preferred
1650,4020,18,Preferred
1651,3526,34,Nice-to-have
1652,3526,24,Required
1653,1423,32,Nice-to-have
1654,1423,20,Required
1655,549,17,Nice-to-have
1656,549,16,Nice-to-have
1657,549,26,Preferred
1658,145,13,Nice-to-have
1659,4041,19,Required
1660,4041,34,Preferred
1661,1558,33,Preferred
1662,1558,20,Nice-to-have
1663,1235,22,Nice-to-have
1664,1235,25,Nice-to-have
1665,439,34,Required
1666,439,24,Nice-to-have
1667,386,8,Preferred
1668,386,27,Required
1669,386,25,Preferred
1670,539,13,Preferred
1671,3523,20,Nice-to-have
1672,1817,13,Nice-to-have
1673,346,34,Required
1674,346,24,Nice-to-have
1675,1442,25,Preferred
1676,1884,19,Preferred
1677,1884,34,Preferred
1678,3899,35,Required
1679,3899,33,Nice-to-have
1680,178,18,Nice-to-have
1681,178,26,Nice-to-have
1682,3977,20,Preferred
1683,3381,35,Required
1684,3381,33,Nice-to-have
1685,1554,34,Required
1686,321,31,Required
1687,321,19,Preferred
1688,354,25,Required
1689,1266,35,Preferred
1690,1266,33,Preferred
1691,4212,20,Preferred
1692,4089,19,Required
1693,4089,34,Required
1694,4038,35,Required
1695,4038,33,Nice-to-have
1696,509,14,Required
1697,509,15,Nice-to-have
1698,1443,13,Required
1699,533,31,Required
1700,1710,21,Nice-to-have
1701,3409,35,Required
1702,3409,33,Preferred
1703,432,14,Preferred
1704,432,12,Required
1705,432,25,Required
1706,1760,14,Preferred
1707,1760,12,Required
1708,1760,25,Preferred
1709,1549,20,Nice-to-have
1710,458,35,Nice-to-have
1711,458,33,Preferred
1712,1462,35,Nice-to-have
1713,1462,33,Nice-to-have
1714,4143,7,Preferred
1715,4143,34,Preferred
1716,4143,17,Required
1717,1619,10,Nice-to-have
1718,1619,11,Preferred
1719,1619,25,Nice-to-have
1720,522,13,Required
1721,289,25,Required
1722,1773,22,Nice-to-have
1723,1773,25,Preferred
1724,3366,35,Nice-to-have
1725,3366,33,Preferred
1726,1822,22,Nice-to-have
1727,1822,25,Required
1728,1620,8,Required
1729,1620,25,Preferred
1730,1620,4,Required
1731,395,13,Preferred
1732,328,13,Required
1733,170,34,Required
1734,170,24,Preferred
1735,4059,35,Preferred
1736,3360,34,Nice-to-have
1737,1292,20,Nice-to-have
1738,1734,22,Required
1739,1734,25,Preferred
1740,4054,13,Preferred
1741,1438,13,Required
1742,1798,35,Nice-to-have
1743,1798,33,Required
1744,524,26,Preferred
1745,4032,13,Preferred
1746,3924,13,Required
1747,485,35,Preferred
1748,485,33,Nice-to-have
1749,384,28,Nice-to-have
1750,1877,13,Nice-to-have
1751,1767,20,Required
1752,1767,25,Required
1753,1767,35,Required
1754,315,35,Required
1755,315,33,Required
1756,3922,22,Nice-to-have
1757,3922,25,Preferred
1758,4039,20,Required
1759,1459,22,Preferred
1760,1459,25,Preferred
1761,1756,2,Preferred
1762,1756,1,Required
1763,1756,25,Preferred
1764,606,35,Preferred
1765,606,33,Nice-to-have
1766,1775,22,Nice-to-have
1767,1775,25,Preferred
1768,4173,34,Required
1769,4173,24,Nice-to-have
1770,3945,24,Preferred
1771,3945,34,Nice-to-have
1772,1799,22,Nice-to-have
1773,1799,25,Preferred
1774,4183,13,Nice-to-have
1775,124,23,Preferred
1776,3949,24,Nice-to-have
1777,3949,34,Nice-to-have
1778,1752,20,Nice-to-have
1779,1719,26,Nice-to-have
1780,1793,20,Nice-to-have
1781,462,12,Required
1782,462,25,Preferred
1783,1447,25,Nice-to-have
1784,1800,8,Nice-to-have
1785,1800,25,Preferred
1786,1245,35,Preferred
1787,1245,33,Preferred
1788,4243,23,Required
1789,4243,17,Preferred
1790,4243,20,Preferred
1791,1736,4,Nice-to-have
1792,1736,28,Nice-to-have
1793,1821,22,Preferred
1794,1821,25,Preferred
1795,1857,22,Preferred
1796,1857,25,Required
1797,3946,24,Nice-to-have
1798,3946,34,Preferred
1799,3421,34,Nice-to-have
1800,3421,24,Preferred
1801,493,31,Required
1802,4124,35,Nice-to-have
1803,4124,33,Required
1804,1464,20,Required
1805,205,35,Nice-to-have
1806,205,33,Nice-to-have
1807,1825,22,Required
1808,1825,25,Required
1809,4128,35,Preferred
1810,4128,33,Nice-to-have
1811,1560,25,Nice-to-have
1812,1751,2,Preferred
1813,1751,1,Required
1814,1751,25,Required
1815,1563,18,Nice-to-have
1816,1563,12,Required
1817,1563,25,Preferred
1818,595,20,Required
1819,1827,22,Nice-to-have
1820,1827,25,Nice-to-have
1821,1369,20,Required
1822,1520,32,Preferred
1823,619,25,Nice-to-have
1824,3931,20,Nice-to-have
1825,4071,24,Required
1826,4071,34,Preferred
1827,3927,13,Nice-to-have
1828,3531,20,Preferred
1829,1370,20,Nice-to-have
1830,609,31,Preferred
1831,609,19,Nice-to-have
1832,3403,35,Required
1833,3403,33,Preferred
1834,3898,32,Required
1835,1404,19,Preferred
1836,3534,22,Nice-to-have
1837,4214,20,Preferred
1838,1714,4,Preferred
1839,1714,28,Preferred
1840,389,34,Required
1841,389,24,Preferred
1842,1847,14,Nice-to-have
1843,1847,12,Required
1844,1847,25,Preferred
1845,4207,35,Preferred
1846,4207,33,Preferred
1847,560,35,Nice-to-have
1848,560,33,Required
1849,3521,22,Preferred
1850,3521,25,Required
1851,520,31,Required
1852,1521,28,Required
1853,1521,29,Required
1854,1521,30,Nice-to-have
1855,1567,25,Preferred
1856,1567,17,Preferred
1857,1746,14,Required
1858,1746,12,Required
1859,1746,25,Nice-to-have
1860,1592,35,Preferred
1861,1592,5,Required
1862,1592,11,Preferred
1863,1753,22,Preferred
1864,1753,25,Required
1865,1850,4,Preferred
1866,1850,28,Preferred
1867,35,22,Required
1868,35,33,Preferred
1869,610,34,Preferred
1870,610,24,Nice-to-have
1871,3412,20,Required
1872,587,34,Preferred
1873,587,24,Nice-to-have
1874,3408,35,Nice-to-have
1875,3408,33,Nice-to-have
1876,4073,26,Preferred
1877,4073,17,Required
1878,1565,30,Preferred
1879,430,35,Nice-to-have
1880,430,33,Preferred
1881,4151,20,Preferred
1882,4151,25,Nice-to-have
1883,4151,35,Nice-to-have
1884,1482,8,Nice-to-have
1885,1482,25,Nice-to-have
1886,1439,20,Nice-to-have
1887,1380,35,Preferred
1888,1380,33,Nice-to-have
1889,3413,35,Preferred
1890,3413,33,Preferred
1891,4171,25,Required
1892,494,34,Required
1893,494,24,Nice-to-have
1894,3432,14,Preferred
1895,3432,12,Preferred
1896,3432,25,Required
1897,3341,28,Required
1898,3341,34,Nice-to-have
1899,1537,2,Required
1900,1537,15,Preferred
1901,1537,22,Nice-to-have
1902,1546,23,Preferred
1903,1568,8,Nice-to-have
1904,1568,35,Nice-to-have
1905,1568,4,Preferred
1906,1721,25,Required
1907,4066,35,Required
1908,4066,33,Required
1909,570,6,Nice-to-have
1910,570,7,Nice-to-have
1911,4111,6,Required
1912,4111,7,Preferred
1913,278,34,Preferred
1914,1463,25,Nice-to-have
1915,1709,22,Preferred
1916,1709,25,Nice-to-have
1917,1581,33,Nice-to-have
1918,1581,20,Required
1919,1470,8,Nice-to-have
1920,1470,25,Nice-to-have
1921,133,23,Preferred
1922,1820,4,Nice-to-have
1923,1820,28,Nice-to-have
1924,1880,22,Preferred
1925,1880,25,Nice-to-have
1926,1535,22,Required
1927,1471,20,Preferred
1928,1536,35,Required
1929,1536,33,Nice-to-have
1930,532,13,Nice-to-have
1931,452,14,Nice-to-have
1932,452,15,Preferred
1933,452,22,Required
1934,1771,22,Nice-to-have
1935,1771,25,Preferred
1936,489,34,Required
1937,3967,25,Preferred
1938,1716,19,Required
1939,1716,34,Required
1940,3965,20,Required
1941,401,35,Preferred
1942,401,33,Preferred
1943,4139,12,Nice-to-have
1944,1577,23,Nice-to-have
1945,1577,25,Preferred
1946,1577,22,Preferred
1947,1343,35,Nice-to-have
1948,1343,33,Required
1949,460,35,Nice-to-have
1950,460,33,Required
1951,637,35,Required
1952,637,33,Preferred
1953,4210,35,Nice-to-have
1954,4210,33,Required
1955,475,34,Preferred
1956,475,24,Nice-to-have
1957,1366,35,Required
1958,1366,33,Required
1959,567,23,Preferred
1960,567,26,Nice-to-have
1961,567,8,Required
1962,3983,20,Required
1963,4201,26,Preferred
1964,1526,22,Required
1965,356,34,Required
1966,356,24,Nice-to-have
1967,331,13,Required
1968,4062,20,Required
1969,1605,8,Nice-to-have
1970,1605,35,Nice-to-have
1971,1605,4,Preferred
1972,4200,34,Required
1973,4200,24,Preferred
1974,1441,20,Preferred
1975,607,23,Preferred
1976,4219,23,Nice-to-have
1977,220,13,Nice-to-have
1978,3951,21,Nice-to-have
1979,1786,20,Required
1980,1786,25,Required
1981,1786,35,Preferred
1982,4204,22,Required
1983,4204,25,Nice-to-have
1984,4010,20,Preferred
1985,526,21,Preferred
1986,639,35,Nice-to-have
1987,639,33,Nice-to-have
1988,285,8,Required
1989,285,15,Preferred
1990,1318,20,Nice-to-have
1991,3450,13,Nice-to-have
1992,3342,35,Nice-to-have
1993,3342,33,Nice-to-have
1994,508,35,Preferred
1995,508,33,Nice-to-have
1996,594,35,Preferred
1997,594,33,Nice-to-have
1998,1844,25,Required
1999,1330,22,Nice-to-have
2000,1330,25,Nice-to-have
2001,4125,22,Preferred
2002,4125,25,Required
2003,378,29,Required
2004,378,28,Nice-to-have
2005,378,30,Required
2006,4218,22,Nice-to-have
2007,4218,25,Required
2008,421,33,Required
2009,1777,22,Nice-to-have
2010,1777,25,Required
2011,1801,22,Required
2012,1801,25,Nice-to-have
2013,1849,14,Preferred
2014,1849,12,Preferred
2015,1849,25,Nice-to-have
2016,4127,35,Nice-to-have
2017,4127,33,Nice-to-have
2018,431,34,Preferred
2019,1856,20,Required
2020,4188,24,Preferred
2021,4188,34,Required
2022,1864,22,Nice-to-have
2023,1864,25,Required
2024,4067,32,Nice-to-have
2025,632,22,Required
2026,632,25,Preferred
2027,1355,8,Required
2028,4316,34,Nice-to-have
2029,4316,24,Required
2030,1904,22,Preferred
2031,1904,25,Preferred
2032,1824,24,Preferred
2033,1824,34,Required
2034,481,35,Nice-to-have
2035,481,33,Nice-to-have
2036,4165,20,Nice-to-have
2037,4203,10,Required
2038,4203,11,Nice-to-have
2039,1284,27,Nice-to-have
2040,1284,33,Nice-to-have
2041,4053,19,Preferred
2042,4053,34,Preferred
2043,555,20,Nice-to-have
2044,576,35,Nice-to-have
2045,576,33,Preferred
2046,4274,20,Required
2047,412,13,Preferred
2048,3998,20,Required
2049,4012,26,Required
2050,4012,32,Required
2051,584,35,Preferred
2052,584,33,Required
2053,586,35,Nice-to-have
2054,586,33,Preferred
2055,1805,22,Preferred
2056,1805,25,Preferred
2057,1867,13,Preferred
2058,4098,20,Preferred
2059,1836,13,Required
2060,496,35,Required
2061,496,33,Nice-to-have
2062,224,13,Required
2063,1890,14,Preferred
2064,1890,12,Required
2065,1890,25,Required
2066,282,22,Required
2067,282,25,Preferred
2068,1286,27,Required
2069,1286,33,Required
2070,1715,24,Required
2071,1715,34,Preferred
2072,4226,34,Nice-to-have
2073,4167,12,Preferred
2074,4167,17,Preferred
2075,1794,19,Preferred
2076,1794,34,Preferred
2077,1723,20,Nice-to-have
2078,1723,25,Nice-to-have
2079,1723,35,Nice-to-have
2080,3346,35,Preferred
2081,3346,33,Required
2082,1815,20,Required
2083,1815,25,Nice-to-have
2084,1815,35,Required
2085,1782,13,Required
2086,3950,20,Required
2087,198,17,Required
2088,267,13,Nice-to-have
2089,4205,34,Nice-to-have
2090,4205,24,Nice-to-have
2091,3422,35,Nice-to-have
2092,3422,33,Preferred
2093,4047,19,Preferred
2094,4047,34,Required
2095,251,13,Nice-to-have
2096,1831,20,Required
2097,1731,2,Nice-to-have
2098,1731,1,Required
2099,1731,25,Preferred
2100,4090,24,Nice-to-have
2101,4090,34,Preferred
2102,1929,26,Required
2103,4277,2,Nice-to-have
2104,4277,1,Nice-to-have
2105,4277,25,Nice-to-have
2106,1926,13,Required
2107,1744,20,Required
2108,1744,25,Nice-to-have
2109,1744,35,Nice-to-have
2110,623,6,Preferred
2111,623,7,Required
2112,4191,35,Nice-to-have
2113,4191,33,Required
2114,4318,35,Nice-to-have
2115,4318,33,Required
2116,4217,34,Preferred
2117,4217,24,Required
2118,4147,22,Nice-to-have
2119,4147,25,Nice-to-have
2120,4302,34,Preferred
2121,4302,24,Preferred
2122,1593,7,Required
2123,1593,32,Nice-to-have
2124,1754,4,Nice-to-have
2125,1754,28,Nice-to-have
2126,633,35,Required
2127,633,33,Required
2128,1748,20,Nice-to-have
2129,1316,13,Preferred
2130,241,4,Nice-to-have
2131,241,28,Required
2132,3993,20,Nice-to-have
2133,1488,20,Required
2134,4279,35,Required
2135,4279,33,Preferred
2136,4332,34,Preferred
2137,4332,24,Required
2138,4297,34,Nice-to-have
2139,4297,24,Preferred
2140,1500,21,Required
2141,4169,13,Nice-to-have
2142,4056,25,Nice-to-have
2143,4056,28,Nice-to-have
2144,4213,6,Preferred
2145,4213,7,Preferred
2146,1780,20,Preferred
2147,1896,25,Required
2148,4322,28,Required
2149,4322,34,Nice-to-have
2150,4192,35,Nice-to-have
2151,4192,33,Nice-to-have
2152,1859,19,Nice-to-have
2153,1859,34,Nice-to-have
2154,4099,25,Preferred
2155,4323,35,Preferred
2156,4323,33,Preferred
2157,309,27,Required
2158,309,11,Required
2159,309,33,Nice-to-have
2160,630,20,Nice-to-have
2161,1603,8,Required
2162,1603,35,Required
2163,1603,4,Preferred
2164,580,35,Required
2165,580,33,Nice-to-have
2166,338,35,Nice-to-have
2167,338,33,Nice-to-have
2168,597,19,Required
2169,597,31,Required
2170,1479,22,Preferred
2171,1479,25,Nice-to-have
2172,3935,35,Required
2173,3935,33,Required
2174,697,31,Required
2175,697,19,Required
2176,3343,2,Required
2177,1865,22,Required
2178,1865,25,Preferred
2179,3436,34,Preferred
2180,3436,24,Nice-to-have
2181,730,8,Nice-to-have
2182,730,14,Required
2183,730,15,Nice-to-have
2184,3455,35,Preferred
2185,3455,33,Nice-to-have
2186,4301,34,Preferred
2187,4301,24,Preferred
2188,1493,22,Required
2189,1493,25,Nice-to-have
2190,1759,19,Preferred
2191,1759,34,Nice-to-have
2192,1889,20,Preferred
2193,1761,35,Preferred
2194,1761,33,Nice-to-have
2195,4153,35,Nice-to-have
2196,4153,33,Required
2197,4237,35,Preferred
2198,4237,33,Preferred
2199,4145,25,Preferred
2200,4271,34,Nice-to-have
2201,4271,24,Nice-to-have
2202,1606,16,Preferred
2203,1606,35,Nice-to-have
2204,1606,18,Nice-to-have
2205,1576,29,Nice-to-have
2206,1576,28,Preferred
2207,1383,20,Preferred
2208,650,34,Nice-to-have
2209,650,24,Required
2210,1891,34,Nice-to-have
2211,1891,24,Nice-to-have
2212,1978,35,Required
2213,1978,33,Preferred
2214,1839,22,Preferred
2215,1839,25,Required
2216,4017,34,Required
2217,1730,22,Preferred
2218,1730,25,Required
2219,1412,22,Required
2220,1412,25,Required
2221,635,21,Required
2222,1921,35,Preferred
2223,1921,33,Required
2224,3446,20,Preferred
2225,1961,22,Required
2226,1961,25,Required
2227,193,6,Preferred
2228,193,7,Nice-to-have
2229,627,25,Preferred
2230,749,25,Preferred
2231,641,35,Nice-to-have
2232,641,33,Required
2233,4298,35,Preferred
2234,4298,33,Preferred
2235,4343,2,Nice-to-have
2236,4343,1,Nice-to-have
2237,4343,25,Required
2238,1871,35,Preferred
2239,1871,33,Required
2240,3980,26,Required
2241,1923,22,Required
2242,1923,25,Nice-to-have
2243,1955,35,Preferred
2244,1955,33,Preferred
2245,516,33,Preferred
2246,1708,12,Nice-to-have
2247,1708,8,Preferred
2248,1708,4,Preferred
2249,96,19,Required
2250,96,31,Preferred
2251,1811,13,Preferred
2252,3905,13,Required
2253,515,22,Required
2254,1465,20,Required
2255,4293,35,Nice-to-have
2256,4293,33,Nice-to-have
2257,1788,20,Required
2258,1788,25,Required
2259,1788,35,Nice-to-have
2260,4011,20,Required
2261,4300,8,Nice-to-have
2262,4300,25,Preferred
2263,598,34,Required
2264,598,24,Required
2265,4196,20,Preferred
2266,4100,14,Nice-to-have
2267,4100,12,Required
2268,4100,25,Preferred
2269,716,35,Required
2270,716,33,Preferred
2271,333,8,Required
2272,469,23,Nice-to-have
2273,469,4,Required
2274,469,22,Nice-to-have
2275,1806,22,Preferred
2276,1806,25,Required
2277,1374,35,Required
2278,1374,33,Required
2279,4239,34,Required
2280,4239,24,Preferred
2281,461,12,Nice-to-have
2282,461,14,Nice-to-have
2283,4216,34,Preferred
2284,4216,24,Required
2285,3379,35,Required
2286,3379,33,Required
2287,1718,32,Required
2288,1341,20,Nice-to-have
2289,1834,13,Preferred
2290,4311,34,Nice-to-have
2291,4311,24,Required
2292,1913,20,Nice-to-have
2293,4240,34,Required
2294,4240,24,Nice-to-have
2295,1583,33,Required
2296,1583,20,Required
2297,1342,13,Required
2298,4270,20,Required
2299,571,32,Nice-to-have
2300,4234,35,Required
2301,4234,33,Nice-to-have
2302,3960,20,Preferred
2303,1924,22,Preferred
2304,1924,25,Preferred
2305,577,35,Preferred
2306,577,33,Required
2307,4351,31,Required
2308,4351,19,Preferred
2309,649,20,Required
2310,4348,34,Nice-to-have
2311,4348,24,Required
2312,450,33,Required
2313,1946,25,Preferred
2314,1956,35,Nice-to-have
2315,1956,33,Preferred
2316,4238,35,Required
2317,4238,33,Nice-to-have
2318,1322,20,Required
2319,4272,35,Nice-to-have
2320,4272,33,Preferred
2321,559,35,Required
2322,559,33,Preferred
2323,4261,35,Preferred
2324,4261,33,Preferred
2325,1963,8,Nice-to-have
2326,1963,25,Required
2327,1860,8,Preferred
2328,1860,25,Required
2329,1556,11,Nice-to-have
2330,3491,35,Nice-to-have
2331,3491,33,Required
2332,4409,34,Nice-to-have
2333,4409,24,Preferred
2334,4331,34,Nice-to-have
2335,4331,24,Preferred
2336,1870,14,Required
2337,1870,12,Preferred
2338,1870,25,Required
2339,1460,35,Required
2340,1460,33,Nice-to-have
2341,1900,35,Nice-to-have
2342,1900,33,Required
2343,4534,13,Nice-to-have
2344,1325,22,Required
2345,1325,25,Nice-to-have
2346,4353,13,Required
2347,4286,35,Required
2348,4286,33,Required
2349,1551,34,Nice-to-have
2350,1951,31,Required
2351,1951,19,Preferred
2352,1590,20,Preferred
2353,1590,33,Nice-to-have
2354,1749,22,Nice-to-have
2355,1749,25,Required
2356,4295,35,Required
2357,4295,33,Required
2358,4479,13,Required
2359,4223,20,Required
2360,3982,4,Preferred
2361,4136,22,Nice-to-have
2362,4136,25,Nice-to-have
2363,374,34,Required
2364,374,24,Nice-to-have
2365,674,22,Nice-to-have
2366,674,25,Preferred
2367,1843,20,Required
2368,1843,25,Preferred
2369,1843,35,Required
2370,662,28,Nice-to-have
2371,662,34,Required
2372,4499,34,Preferred
2373,4499,24,Nice-to-have
2374,668,31,Nice-to-have
2375,668,19,Preferred
2376,1819,20,Required
2377,1745,14,Preferred
2378,1745,12,Nice-to-have
2379,1745,25,Preferred
2380,4273,20,Nice-to-have
2381,731,35,Preferred
2382,731,33,Preferred
2383,1868,26,Preferred
2384,3909,20,Nice-to-have
2385,4224,35,Required
2386,4224,33,Nice-to-have
2387,4307,35,Required
2388,4307,33,Nice-to-have
2389,1977,35,Nice-to-have
2390,1977,33,Preferred
2391,125,35,Preferred
2392,125,33,Preferred
2393,1335,10,Preferred
2394,1335,11,Nice-to-have
2395,4537,13,Nice-to-have
2396,1419,34,Nice-to-have
2397,1419,24,Preferred
2398,4325,34,Preferred
2399,4325,24,Preferred
2400,1828,13,Required
2401,1944,21,Preferred
2402,4396,13,Nice-to-have
2403,640,35,Nice-to-have
2404,640,33,Preferred
2405,3517,26,Required
2406,1514,8,Required
2407,1514,25,Required
2408,506,25,Required
2409,544,31,Required
2410,4247,28,Preferred
2411,4247,34,Nice-to-have
2412,618,22,Required
2413,618,25,Required
2414,1483,35,Nice-to-have
2415,1483,33,Nice-to-have
2416,1502,20,Required
2417,582,34,Preferred
2418,582,24,Preferred
2419,1755,25,Nice-to-have
2420,336,22,Required
2421,336,25,Nice-to-have
2422,4095,16,Nice-to-have
2423,599,34,Nice-to-have
2424,599,24,Required
2425,4377,13,Preferred
2426,3458,34,Preferred
2427,3458,17,Required
2428,3383,34,Required
2429,3383,14,Nice-to-have
2430,4160,34,Nice-to-have
2431,4160,35,Nice-to-have
2432,1917,32,Preferred
2433,1993,20,Preferred
2434,266,13,Required
2435,652,35,Nice-to-have
2436,652,33,Required
2437,1273,35,Required
2438,1273,33,Required
2439,511,35,Required
2440,511,33,Nice-to-have
2441,1791,14,Nice-to-have
2442,1791,12,Preferred
2443,1791,25,Preferred
2444,1742,13,Nice-to-have
2445,625,21,Preferred
2446,751,25,Nice-to-have
2447,4290,34,Required
2448,4290,24,Preferred
2449,1564,25,Nice-to-have
2450,1564,9,Required
2451,1564,22,Nice-to-have
2452,714,32,Preferred
2453,4184,25,Preferred
2454,1768,20,Required
2455,1768,25,Nice-to-have
2456,1768,35,Nice-to-have
2457,1457,35,Required
2458,1457,33,Preferred
2459,173,2,Nice-to-have
2460,173,1,Preferred
2461,173,25,Preferred
2462,4371,34,Required
2463,4371,24,Preferred
2464,4288,34,Preferred
2465,4288,24,Required
2466,252,13,Required
2467,4033,19,Preferred
2468,4033,34,Required
2469,4498,34,Required
2470,4498,24,Required
2471,1851,20,Preferred
2472,1573,8,Preferred
2473,1573,35,Required
2474,1573,4,Required
2475,1525,28,Preferred
2476,1914,22,Preferred
2477,1914,25,Preferred
2478,4137,35,Required
2479,4137,33,Required
2480,4299,34,Nice-to-have
2481,4299,24,Preferred
2482,4380,26,Nice-to-have
2483,1589,8,Required
2484,1589,25,Preferred
2485,1589,4,Required
2486,4030,13,Preferred
2487,4502,16,Required
2488,4502,22,Required
2489,4476,35,Preferred
2490,4476,33,Preferred
2491,561,6,Preferred
2492,561,7,Preferred
2493,4442,20,Nice-to-have
2494,778,32,Nice-to-have
2495,682,35,Required
2496,682,33,Preferred
2497,665,28,Required
2498,665,34,Required
2499,4163,22,Required
2500,4163,25,Preferred
2501,4142,22,Required
2502,4142,25,Preferred
2503,4432,34,Required
2504,4432,24,Nice-to-have
2505,4305,34,Required
2506,4305,24,Nice-to-have
2507,303,35,Preferred
2508,303,34,Nice-to-have
2509,303,18,Required
2510,1769,20,Nice-to-have
2511,1769,25,Preferred
2512,1769,35,Nice-to-have
2513,3496,35,Required
2514,3496,33,Required
2515,433,34,Nice-to-have
2516,433,24,Preferred
2517,1945,35,Preferred
2518,1945,33,Preferred
2519,1321,20,Preferred
2520,397,34,Nice-to-have
2521,397,24,Required
2522,1361,13,Nice-to-have
2523,1916,16,Nice-to-have
2524,1916,26,Required
2525,1916,17,Nice-to-have
2526,4394,34,Preferred
2527,4394,24,Required
2528,208,32,Required
2529,255,26,Preferred
2530,4526,20,Required
2531,4404,23,Required
2532,292,13,Preferred
2533,4263,35,Required
2534,4263,33,Nice-to-have
2535,4515,35,Nice-to-have
2536,4515,33,Preferred
2537,1845,14,Required
2538,1845,12,Preferred
2539,1845,25,Preferred
2540,4527,13,Required
2541,4506,20,Preferred
2542,3492,20,Preferred
2543,3492,25,Preferred
2544,3492,35,Required
2545,613,35,Required
2546,613,33,Required
2547,4077,31,Required
2548,218,13,Nice-to-have
2549,3350,28,Nice-to-have
2550,3350,34,Nice-to-have
2551,4368,15,Required
2552,4368,9,Required
2553,773,25,Required
2554,727,13,Required
2555,3380,35,Nice-to-have
2556,3380,33,Nice-to-have
2557,658,34,Required
2558,658,35,Nice-to-have
2559,1855,25,Required
2560,4268,13,Required
2561,4312,23,Required
2562,3386,35,Nice-to-have
2563,3386,33,Required
2564,1826,4,Nice-to-have
2565,1826,28,Preferred
2566,4495,35,Required
2567,4495,33,Preferred
2568,1958,16,Required
2569,1958,26,Required
2570,1958,17,Preferred
2571,573,22,Preferred
2572,573,25,Preferred
2573,3424,22,Required
2574,3424,25,Required
2575,4516,20,Nice-to-have
2576,4467,20,Preferred
2577,4363,24,Required
2578,4363,34,Required
2579,317,4,Nice-to-have
2580,317,8,Nice-to-have
2581,317,33,Preferred
2582,4482,20,Nice-to-have
2583,403,35,Required
2584,403,18,Preferred
2585,403,9,Nice-to-have
2586,4455,34,Nice-to-have
2587,4455,24,Preferred
2588,4170,26,Preferred
2589,3957,16,Preferred
2590,3957,35,Nice-to-have
2591,3957,24,Required
2592,3929,35,Preferred
2593,3929,33,Nice-to-have
2594,1735,20,Nice-to-have
2595,2019,24,Preferred
2596,2019,34,Nice-to-have
2597,738,34,Preferred
2598,738,24,Nice-to-have
2599,3396,35,Required
2600,3396,33,Nice-to-have
2601,1732,34,Preferred
2602,1732,24,Nice-to-have
2603,779,31,Required
2604,779,19,Preferred
2605,4392,34,Preferred
2606,4392,24,Required
2607,654,2,Preferred
2608,654,30,Preferred
2609,654,28,Preferred
2610,4375,34,Nice-to-have
2611,4375,24,Nice-to-have
2612,4275,34,Preferred
2613,4275,24,Nice-to-have
2614,834,22,Required
2615,834,25,Nice-to-have
2616,4489,20,Required
2617,4360,34,Required
2618,4360,24,Required
2619,585,22,Preferred
2620,585,25,Required
2621,1932,35,Nice-to-have
2622,1932,33,Nice-to-have
2623,593,35,Required
2624,593,33,Nice-to-have
2625,663,35,Preferred
2626,663,33,Nice-to-have
2627,4103,26,Nice-to-have
2628,1776,22,Nice-to-have
2629,1776,25,Required
2630,357,31,Preferred
2631,357,19,Preferred
2632,185,13,Preferred
2633,4190,24,Preferred
2634,4190,34,Required
2635,4221,35,Required
2636,4221,33,Required
2637,1733,25,Nice-to-have
2638,735,22,Required
2639,735,25,Required
2640,4523,22,Required
2641,4523,25,Nice-to-have
2642,373,35,Nice-to-have
2643,373,33,Nice-to-have
2644,708,13,Nice-to-have
2645,753,35,Preferred
2646,753,33,Preferred
2647,4369,34,Nice-to-have
2648,4369,24,Nice-to-have
2649,248,35,Preferred
2650,248,33,Nice-to-have
2651,1991,20,Preferred
2652,4220,20,Nice-to-have
2653,638,35,Preferred
2654,638,33,Nice-to-have
2655,1934,20,Nice-to-have
2656,673,34,Preferred
2657,673,24,Required
2658,4487,22,Required
2659,4487,25,Nice-to-have
2660,756,31,Preferred
2661,756,19,Required
2662,4411,13,Nice-to-have
2663,2037,8,Required
2664,2037,25,Preferred
2665,759,13,Required
2666,1237,35,Nice-to-have
2667,1237,33,Nice-to-have
2668,762,20,Preferred
2669,806,35,Nice-to-have
2670,806,33,Preferred
2671,4291,34,Nice-to-have
2672,4291,24,Nice-to-have
2673,805,35,Preferred
2674,805,33,Nice-to-have
2675,4493,20,Nice-to-have
2676,4250,28,Nice-to-have
2677,4250,34,Required
2678,612,6,Required
2679,612,7,Required
2680,2082,26,Nice-to-have
2681,1962,28,Required
2682,1962,34,Nice-to-have
2683,1807,22,Required
2684,1807,25,Required
2685,1252,35,Required
2686,1252,33,Nice-to-have
2687,4211,35,Preferred
2688,4211,33,Preferred
2689,542,25,Preferred
2690,542,22,Preferred
2691,723,10,Required
2692,723,11,Nice-to-have
2693,4494,20,Required
2694,712,20,Preferred
2695,4415,34,Required
2696,4415,24,Required
2697,451,21,Nice-to-have
2698,1765,35,Nice-to-have
2699,1765,33,Required
2700,4528,35,Nice-to-have
2701,4528,33,Nice-to-have
2702,2060,19,Nice-to-have
2703,2060,34,Nice-to-have
2704,546,21,Nice-to-have
2705,1903,20,Preferred
2706,2081,35,Required
2707,2081,33,Nice-to-have
2708,121,21,Required
2709,4590,32,Preferred
2710,4333,34,Nice-to-have
2711,4333,24,Preferred
2712,1268,22,Nice-to-have
2713,1268,25,Preferred
2714,767,34,Preferred
2715,767,24,Nice-to-have
2716,1980,35,Preferred
2717,1980,33,Required
2718,3908,20,Nice-to-have
2719,603,35,Required
2720,603,33,Nice-to-have
2721,676,35,Required
2722,676,33,Nice-to-have
2723,2002,25,Required
2724,1781,34,Nice-to-have
2725,1781,24,Preferred
2726,781,13,Preferred
2727,1909,13,Nice-to-have
2728,1506,22,Nice-to-have
2729,1506,25,Required
2730,2105,16,Required
2731,2105,20,Nice-to-have
2732,2105,26,Required
2733,513,34,Preferred
2734,513,24,Required
2735,3979,20,Required
2736,746,13,Preferred
2737,4327,35,Nice-to-have
2738,4327,33,Preferred
2739,1892,16,Nice-to-have
2740,1892,26,Nice-to-have
2741,1892,17,Required
2742,4105,22,Preferred
2743,4105,25,Preferred
2744,380,35,Required
2745,380,33,Nice-to-have
2746,256,13,Required
2747,3507,20,Preferred
2748,3507,25,Nice-to-have
2749,3507,35,Required
2750,323,35,Required
2751,323,33,Preferred
2752,4386,25,Nice-to-have
2753,4358,14,Required
2754,4358,12,Nice-to-have
2755,4358,25,Required
2756,4296,35,Nice-to-have
2757,4296,33,Nice-to-have
2758,1954,34,Required
2759,1954,24,Preferred
2760,4255,35,Preferred
2761,4255,33,Required
2762,4365,35,Required
2763,4365,33,Preferred
2764,692,31,Nice-to-have
2765,692,19,Nice-to-have
2766,718,25,Preferred
2767,4283,34,Nice-to-have
2768,4283,24,Preferred
2769,1878,35,Required
2770,1878,33,Nice-to-have
2771,4070,25,Nice-to-have
2772,122,13,Preferred
2773,4106,10,Preferred
2774,4106,11,Preferred
2775,4374,26,Required
2776,1966,35,Preferred
2777,1966,33,Required
2778,2038,34,Preferred
2779,2038,35,Required
2780,4491,20,Required
2781,4078,35,Required
2782,4078,33,Required
2783,1725,20,Required
2784,1725,25,Nice-to-have
2785,1725,35,Preferred
2786,4208,34,Preferred
2787,4208,24,Required
2788,4452,19,Nice-to-have
2789,4452,34,Nice-to-have
2790,4072,17,Required
2791,1601,19,Nice-to-have
2792,1601,25,Nice-to-have
2793,1601,31,Required
2794,4264,34,Preferred
2795,4264,24,Required
2796,4488,6,Required
2797,4488,7,Nice-to-have
2798,4547,13,Required
2799,1810,13,Preferred
2800,4612,20,Preferred
2801,4308,35,Preferred
2802,4308,33,Required
2803,818,28,Required
2804,1984,34,Nice-to-have
2805,1984,24,Preferred
2806,4462,35,Required
2807,4462,33,Required
2808,4552,20,Nice-to-have
2809,4389,34,Required
2810,4389,24,Required
2811,1445,13,Nice-to-have
2812,4441,28,Preferred
2813,4441,34,Preferred
2814,296,13,Required
2815,4509,20,Required
2816,699,19,Preferred
2817,699,34,Required
2818,699,17,Required
2819,2041,20,Preferred
2820,2003,22,Required
2821,2003,25,Nice-to-have
2822,583,26,Required
2823,4395,13,Preferred
2824,4334,34,Preferred
2825,4334,24,Nice-to-have
2826,4267,13,Required
2827,4248,28,Required
2828,4248,34,Preferred
2829,4554,22,Nice-to-have
2830,653,35,Preferred
2831,653,33,Nice-to-have
2832,4564,25,Required
2833,4405,22,Required
2834,4405,25,Preferred
2835,4414,34,Nice-to-have
2836,4414,24,Nice-to-have
2837,1876,14,Preferred
2838,1876,12,Required
2839,1876,25,Preferred
2840,1975,19,Required
2841,1975,34,Nice-to-have
2842,1947,16,Nice-to-have
2843,1947,26,Nice-to-have
2844,1947,17,Nice-to-have
2845,888,35,Required
2846,888,33,Preferred
2847,1346,20,Preferred
2848,729,35,Preferred
2849,729,33,Preferred
2850,695,35,Nice-to-have
2851,695,33,Nice-to-have
2852,624,32,Nice-to-have
2853,1270,20,Required
2854,2088,20,Required
2855,1858,19,Nice-to-have
2856,1858,34,Required
2857,2036,34,Required
2858,1869,26,Required
2859,4454,34,Required
2860,4454,24,Preferred
2861,578,35,Required
2862,578,33,Preferred
2863,1803,25,Nice-to-have
2864,1271,20,Required
2865,4388,15,Preferred
2866,4388,9,Nice-to-have
2867,247,35,Required
2868,247,33,Required
2869,897,28,Preferred
2870,1996,22,Preferred
2871,1996,25,Required
2872,828,12,Required
2873,828,25,Nice-to-have
2874,828,22,Nice-to-have
2875,895,34,Preferred
2876,895,24,Required
2877,1609,35,Required
2878,1609,5,Nice-to-have
2879,1609,11,Preferred
2880,763,35,Nice-to-have
2881,763,33,Nice-to-have
2882,589,10,Required
2883,4408,34,Nice-to-have
2884,4408,24,Preferred
2885,885,34,Nice-to-have
2886,885,24,Preferred
2887,4570,25,Nice-to-have
2888,752,20,Nice-to-have
2889,1239,13,Preferred
2890,4289,20,Required
2891,1454,35,Preferred
2892,1454,33,Nice-to-have
2893,617,22,Required
2894,617,25,Preferred
2895,761,13,Preferred
2896,581,35,Nice-to-have
2897,581,33,Preferred
2898,1852,25,Preferred
2899,2039,22,Nice-to-have
2900,2039,25,Nice-to-have
2901,4424,13,Nice-to-have
2902,4565,34,Nice-to-have
2903,4565,24,Preferred
2904,873,20,Preferred
2905,787,25,Required
2906,660,34,Required
2907,660,24,Preferred
2908,4198,34,Nice-to-have
2909,4198,24,Required
2910,869,25,Nice-to-have
2911,1401,21,Required
2912,1511,35,Preferred
2913,1511,33,Preferred
2914,557,35,Required
2915,557,33,Required
2916,1875,20,Nice-to-have
2917,1875,25,Required
2918,1875,35,Required
2919,811,13,Preferred
2920,4550,13,Required
2921,4178,25,Nice-to-have
2922,2080,25,Required
2923,4626,10,Preferred
2924,4626,11,Preferred
2925,4235,35,Preferred
2926,4235,33,Required
2927,4233,28,Preferred
2928,4233,34,Required
2929,755,34,Required
2930,755,24,Nice-to-have
2931,722,23,Nice-to-have
2932,4326,34,Nice-to-have
2933,4326,24,Nice-to-have
2934,4533,24,Preferred
2935,4533,34,Nice-to-have
2936,4548,20,Preferred
2937,1973,19,Preferred
2938,1973,34,Nice-to-have
2939,4562,35,Preferred
2940,4562,33,Nice-to-have
2941,4253,35,Required
2942,4253,33,Nice-to-have
2943,1920,35,Preferred
2944,1920,33,Preferred
2945,4355,35,Preferred
2946,4355,33,Preferred
2947,4649,22,Required
2948,4649,25,Preferred
2949,1230,20,Preferred
2950,1230,25,Preferred
2951,1230,35,Preferred
2952,1982,22,Nice-to-have
2953,1982,25,Nice-to-have
2954,4444,20,Preferred
2955,391,20,Nice-to-have
2956,894,35,Preferred
2957,894,33,Required
2958,683,20,Nice-to-have
2959,364,13,Preferred
2960,1254,23,Required
2961,4366,28,Required
2962,4366,34,Required
2963,4485,24,Preferred
2964,4485,34,Nice-to-have
2965,1927,13,Nice-to-have
2966,858,35,Preferred
2967,858,33,Nice-to-have
2968,4524,20,Required
2969,4651,22,Preferred
2970,4651,25,Nice-to-have
2971,2023,8,Preferred
2972,2023,25,Nice-to-have
2973,656,20,Required
2974,656,25,Preferred
2975,656,35,Required
2976,3461,20,Nice-to-have
2977,588,28,Nice-to-have
2978,588,34,Preferred
2979,693,23,Required
2980,1356,25,Nice-to-have
2981,4672,20,Required
2982,4672,25,Required
2983,4672,35,Required
2984,1617,18,Nice-to-have
2985,1617,12,Preferred
2986,1617,25,Nice-to-have
2987,909,35,Nice-to-have
2988,909,33,Preferred
2989,690,23,Required
2990,685,20,Nice-to-have
2991,737,25,Nice-to-have
2992,4474,21,Nice-to-have
2993,2066,22,Nice-to-have
2994,3987,20,Preferred
2995,4387,21,Preferred
2996,3453,35,Preferred
2997,3453,33,Required
2998,4381,24,Preferred
2999,4381,34,Preferred
3000,1389,22,Required
3001,1389,25,Preferred
3002,2107,20,Preferred
3003,3972,22,Nice-to-have
3004,3972,25,Preferred
3005,4563,25,Preferred
3006,1474,19,Nice-to-have
3007,1474,34,Nice-to-have
3008,2067,22,Preferred
3009,2011,31,Nice-to-have
3010,816,35,Required
3011,816,33,Nice-to-have
3012,4541,27,Preferred
3013,2172,25,Required
3014,884,34,Required
3015,884,24,Required
3016,4501,13,Preferred
3017,2068,8,Required
3018,2068,25,Preferred
3019,4511,20,Required
3020,1937,35,Nice-to-have
3021,1937,33,Required
3022,157,34,Nice-to-have
3023,157,24,Required
3024,2215,20,Nice-to-have
3025,701,25,Nice-to-have
3026,872,13,Preferred
3027,4256,35,Required
3028,4256,33,Nice-to-have
3029,4586,28,Required
3030,4586,34,Required
3031,2000,20,Nice-to-have
3032,4434,13,Preferred
3033,600,6,Required
3034,600,7,Nice-to-have
3035,3469,35,Preferred
3036,3469,33,Preferred
3037,4410,34,Preferred
3038,4410,24,Nice-to-have
3039,771,35,Nice-to-have
3040,771,33,Required
3041,4674,13,Preferred
3042,2171,35,Required
3043,2171,33,Nice-to-have
3044,4603,26,Preferred
3045,889,35,Required
3046,889,18,Preferred
3047,889,9,Required
3048,4542,20,Nice-to-have
3049,2008,26,Nice-to-have
3050,4357,20,Required
3051,3971,16,Required
3052,3971,22,Preferred
3053,4313,13,Preferred
3054,1974,28,Preferred
3055,1974,29,Nice-to-have
3056,1974,30,Preferred
3057,4450,28,Nice-to-have
3058,4450,29,Required
3059,4450,30,Preferred
3060,2072,25,Preferred
3061,840,20,Required
3062,2184,23,Preferred
3063,4081,14,Required
3064,4081,12,Required
3065,4081,25,Required
3066,2077,25,Required
3067,4281,34,Nice-to-have
3068,4249,34,Required
3069,3532,35,Nice-to-have
3070,3532,33,Preferred
3071,4577,20,Nice-to-have
3072,4338,35,Required
3073,4338,33,Nice-to-have
3074,569,35,Nice-to-have
3075,569,33,Required
3076,4675,22,Preferred
3077,4675,25,Required
3078,1910,26,Required
3079,2199,13,Required
3080,4345,28,Nice-to-have
3081,4345,29,Required
3082,4345,30,Preferred
3083,2030,20,Nice-to-have
3084,891,35,Nice-to-have
3085,891,18,Preferred
3086,891,9,Nice-to-have
3087,646,6,Required
3088,646,7,Nice-to-have
3089,3985,35,Nice-to-have
3090,3985,33,Required
3091,4257,35,Nice-to-have
3092,4257,33,Required
3093,1981,19,Nice-to-have
3094,1981,34,Preferred
3095,4437,34,Nice-to-have
3096,4437,24,Preferred
3097,4673,24,Nice-to-have
3098,4673,34,Preferred
3099,750,35,Preferred
3100,750,33,Preferred
3101,1853,22,Preferred
3102,1853,25,Required
3103,1584,14,Nice-to-have
3104,1584,15,Required
3105,1584,22,Nice-to-have
3106,4616,20,Required
3107,4631,22,Required
3108,4631,25,Preferred
3109,1338,35,Nice-to-have
3110,1338,33,Preferred
3111,812,13,Required
3112,918,25,Nice-to-have
3113,4443,14,Required
3114,4443,12,Required
3115,4443,25,Required
3116,1772,35,Preferred
3117,1772,33,Preferred
3118,2141,22,Nice-to-have
3119,2141,25,Required
3120,3434,35,Nice-to-have
3121,556,35,Preferred
3122,556,33,Nice-to-have
3123,713,20,Nice-to-have
3124,4317,34,Preferred
3125,4317,24,Required
3126,4536,13,Nice-to-have
3127,2123,31,Required
3128,2167,25,Required
3129,4079,22,Nice-to-have
3130,4079,25,Required
3131,1925,22,Preferred
3132,1925,25,Nice-to-have
3133,764,13,Preferred
3134,4574,35,Nice-to-have
3135,4622,28,Nice-to-have
3136,4622,34,Preferred
3137,4607,2,Required
3138,4607,1,Preferred
3139,4607,25,Preferred
3140,4397,13,Nice-to-have
3141,877,34,Preferred
3142,877,24,Required
3143,814,13,Nice-to-have
3144,4401,14,Preferred
3145,4401,12,Nice-to-have
3146,4401,25,Preferred
3147,4393,35,Required
3148,4393,33,Nice-to-have
3149,893,24,Nice-to-have
3150,893,34,Required
3151,4236,34,Preferred
3152,4236,24,Required
3153,4600,2,Required
3154,4600,1,Preferred
3155,4600,25,Preferred
3156,903,34,Preferred
3157,903,24,Required
3158,4694,35,Nice-to-have
3159,4694,33,Required
3160,4229,35,Required
3161,4229,33,Required
3162,4339,35,Required
3163,4339,33,Required
3164,4539,20,Nice-to-have
3165,4521,22,Nice-to-have
3166,4521,25,Nice-to-have
3167,2046,20,Nice-to-have
3168,4471,13,Required
3169,3975,20,Required
3170,1741,20,Required
3171,4756,28,Nice-to-have
3172,4756,34,Preferred
3173,786,14,Nice-to-have
3174,786,12,Required
3175,786,25,Nice-to-have
3176,1930,19,Nice-to-have
3177,1930,34,Required
3178,785,13,Required
3179,4519,28,Nice-to-have
3180,4519,34,Preferred
3181,2085,34,Nice-to-have
3182,2085,35,Nice-to-have
3183,4500,13,Required
3184,2175,35,Nice-to-have
3185,2175,33,Nice-to-have
3186,862,35,Nice-to-have
3187,862,33,Nice-to-have
3188,1830,20,Required
3189,1344,24,Nice-to-have
3190,1344,34,Required
3191,4486,20,Required
3192,1990,35,Required
3193,1990,33,Preferred
3194,611,5,Preferred
3195,611,11,Nice-to-have
3196,468,34,Preferred
3197,468,24,Required
3198,915,34,Nice-to-have
3199,915,24,Required
3200,866,20,Required
3201,4712,26,Nice-to-have
3202,823,35,Required
3203,823,33,Required
3204,1792,20,Nice-to-have
3205,2110,26,Preferred
3206,1835,13,Required
3207,852,20,Preferred
3208,1283,35,Required
3209,1283,33,Required
3210,2239,35,Required
3211,2239,33,Preferred
3212,4646,20,Required
3213,4646,25,Required
3214,4646,35,Nice-to-have
3215,72,25,Preferred
3216,4440,20,Nice-to-have
3217,4520,20,Required
3218,4606,35,Required
3219,4606,33,Required
3220,643,34,Preferred
3221,643,24,Preferred
3222,4691,13,Preferred
3223,4738,28,Preferred
3224,4738,34,Required
3225,1971,34,Nice-to-have
3226,1971,24,Preferred
3227,1971,28,Required
3228,4492,14,Preferred
3229,4492,12,Required
3230,4492,25,Preferred
3231,2050,19,Nice-to-have
3232,2050,34,Required
3233,4545,34,Required
3234,4545,24,Nice-to-have
3235,2005,24,Preferred
3236,2005,34,Preferred
3237,1785,35,Required
3238,1785,33,Nice-to-have
3239,4426,34,Required
3240,4426,24,Nice-to-have
3241,4254,34,Required
3242,4254,24,Nice-to-have
3243,2121,22,Preferred
3244,2287,6,Preferred
3245,2287,7,Preferred
3246,4390,34,Nice-to-have
3247,4390,24,Nice-to-have
3248,467,35,Preferred
3249,467,33,Nice-to-have
3250,563,20,Preferred
3251,4605,34,Required
3252,4605,24,Nice-to-have
3253,4473,34,Nice-to-have
3254,4473,24,Nice-to-have
3255,1941,13,Nice-to-have
3256,824,34,Preferred
3257,824,24,Preferred
3258,936,22,Preferred
3259,936,25,Required
3260,2144,19,Nice-to-have
3261,2144,34,Preferred
3262,849,31,Preferred
3263,849,19,Preferred
3264,4569,35,Required
3265,4569,33,Nice-to-have
3266,923,35,Preferred
3267,923,18,Preferred
3268,923,9,Required
3269,4615,20,Required
3270,2021,24,Preferred
3271,2021,34,Nice-to-have
3272,4185,20,Required
3273,2151,20,Preferred
3274,880,15,Required
3275,2073,25,Required
3276,2057,24,Preferred
3277,2057,34,Nice-to-have
3278,704,25,Required
3279,659,34,Nice-to-have
3280,659,35,Required
3281,4685,20,Nice-to-have
3282,1879,22,Nice-to-have
3283,1879,25,Nice-to-have
3284,1079,22,Nice-to-have
3285,1079,25,Required
3286,2164,26,Required
3287,1456,25,Preferred
3288,4399,19,Preferred
3289,4399,34,Required
3290,1881,32,Preferred
3291,2169,25,Required
3292,4792,19,Nice-to-have
3293,4792,34,Required
3294,1894,16,Required
3295,1894,26,Nice-to-have
3296,1894,17,Nice-to-have
3297,4232,28,Nice-to-have
3298,4232,34,Nice-to-have
3299,1935,22,Nice-to-have
3300,1935,25,Nice-to-have
3301,864,12,Nice-to-have
3302,864,21,Nice-to-have
3303,864,17,Required
3304,2128,13,Preferred
3305,1267,35,Nice-to-have
3306,1267,33,Preferred
3307,1999,19,Required
3308,1999,34,Preferred
3309,4245,34,Preferred
3310,4245,24,Required
3311,1722,20,Preferred
3312,847,24,Nice-to-have
3313,847,34,Required
3314,795,32,Nice-to-have
3315,2078,34,Preferred
3316,2078,24,Preferred
3317,4803,20,Preferred
3318,796,34,Preferred
3319,796,24,Preferred
3320,926,13,Nice-to-have
3321,1942,13,Nice-to-have
3322,4783,34,Required
3323,4783,24,Nice-to-have
3324,1989,35,Nice-to-have
3325,1989,33,Preferred
3326,4464,13,Required
3327,4656,13,Required
3328,4619,20,Nice-to-have
3329,1872,35,Preferred
3330,1872,33,Required
3331,4344,23,Nice-to-have
3332,4344,27,Preferred
3333,4344,1,Required
3334,4620,20,Nice-to-have
3335,1915,22,Required
3336,1915,25,Preferred
3337,4166,20,Nice-to-have
3338,4571,35,Required
3339,4571,33,Nice-to-have
3340,4847,28,Required
3341,4847,29,Required
3342,4847,30,Preferred
3343,2269,34,Required
3344,2269,17,Preferred
3345,1861,22,Preferred
3346,1861,25,Required
3347,4678,13,Preferred
3348,1068,20,Nice-to-have
3349,2075,25,Required
3350,2079,20,Nice-to-have
3351,952,13,Required
3352,2024,20,Preferred
3353,2062,20,Required
3354,596,20,Required
3355,1919,35,Required
3356,1919,33,Required
3357,4793,19,Nice-to-have
3358,4793,34,Preferred
3359,4699,22,Preferred
3360,4699,25,Preferred
3361,672,22,Nice-to-have
3362,672,25,Preferred
3363,1038,13,Nice-to-have
3364,1418,34,Nice-to-have
3365,1418,24,Preferred
3366,803,10,Nice-to-have
3367,803,11,Preferred
3368,1957,20,Required
3369,4341,28,Nice-to-have
3370,4341,34,Preferred
3371,982,35,Nice-to-have
3372,982,33,Preferred
3373,1076,13,Nice-to-have
3374,4029,31,Required
3375,4029,19,Required
3376,2125,31,Preferred
3377,407,23,Preferred
3378,4558,13,Nice-to-have
3379,856,11,Nice-to-have
3380,4777,35,Nice-to-have
3381,4777,33,Required
3382,4610,24,Preferred
3383,2040,20,Preferred
3384,4639,28,Preferred
3385,4639,34,Preferred
3386,1832,22,Preferred
3387,1832,25,Required
3388,919,35,Nice-to-have
3389,919,18,Nice-to-have
3390,919,9,Required
3391,2119,31,Nice-to-have
3392,2026,20,Required
3393,4802,19,Preferred
3394,4802,34,Nice-to-have
3395,1552,20,Nice-to-have
3396,1813,13,Required
3397,620,22,Preferred
3398,620,25,Preferred
3399,4604,22,Preferred
3400,4604,25,Nice-to-have
3401,980,13,Nice-to-have
3402,4406,22,Preferred
3403,4406,25,Nice-to-have
3404,500,19,Nice-to-have
3405,500,31,Nice-to-have
3406,500,26,Required
3407,1790,13,Required
3408,688,34,Nice-to-have
3409,688,24,Preferred
3410,1075,13,Preferred
3411,883,35,Required
3412,883,33,Required
3413,399,34,Preferred
3414,399,24,Nice-to-have
3415,4361,34,Required
3416,4361,24,Required
3417,4671,13,Preferred
3418,1587,5,Preferred
3419,1587,11,Required
3420,1587,22,Required
3421,1804,13,Preferred
3422,4632,28,Preferred
3423,4632,29,Required
3424,4632,30,Nice-to-have
3425,981,35,Required
3426,981,33,Preferred
3427,1998,23,Preferred
3428,1998,15,Nice-to-have
3429,1998,22,Preferred
3430,4480,35,Preferred
3431,4480,33,Nice-to-have
3432,1023,13,Preferred
3433,2127,9,Preferred
3434,2127,25,Nice-to-have
3435,2127,34,Preferred
3436,2267,19,Nice-to-have
3437,2267,34,Preferred
3438,3527,13,Nice-to-have
3439,1227,22,Preferred
3440,1227,25,Required
3441,4811,19,Required
3442,4811,34,Required
3443,1053,22,Preferred
3444,1053,25,Preferred
3445,4689,13,Preferred
3446,4660,35,Preferred
3447,4660,33,Preferred
3448,2160,35,Preferred
3449,2160,33,Preferred
3450,711,20,Preferred
3451,645,14,Nice-to-have
3452,645,12,Required
3453,645,25,Required
3454,4456,34,Nice-to-have
3455,4456,24,Preferred
3456,1580,11,Nice-to-have
3457,4260,20,Required
3458,2048,22,Preferred
3459,2048,25,Required
3460,4851,25,Nice-to-have
3461,4352,34,Nice-to-have
3462,4352,24,Required
3463,4416,34,Nice-to-have
3464,4416,24,Preferred
3465,925,13,Required
3466,4578,13,Nice-to-have
3467,4522,25,Nice-to-have
3468,766,31,Required
3469,766,19,Required
3470,4225,34,Nice-to-have
3471,4225,24,Preferred
3472,417,26,Required
3473,2173,25,Nice-to-have
3474,2238,35,Preferred
3475,2238,33,Required
3476,4445,8,Nice-to-have
3477,4445,25,Nice-to-have
3478,1717,22,Nice-to-have
3479,1717,25,Preferred
3480,1911,20,Required
3481,1600,8,Nice-to-have
3482,1600,25,Nice-to-have
3483,1600,4,Required
3484,2014,13,Nice-to-have
3485,967,13,Preferred
3486,2145,25,Required
3487,4549,34,Preferred
3488,4549,35,Preferred
3489,4549,28,Preferred
3490,4373,13,Nice-to-have
3491,978,13,Required
3492,4778,28,Required
3493,4778,34,Preferred
3494,4265,35,Nice-to-have
3495,4265,33,Preferred
3496,5302,16,Nice-to-have
3497,5302,17,Required
3498,934,13,Nice-to-have
3499,5356,16,Preferred
3500,5356,17,Preferred
3501,4790,35,Preferred
3502,4790,33,Required
3503,947,13,Nice-to-have
3504,538,35,Nice-to-have
3505,4653,20,Required
3506,2132,20,Required
3507,765,34,Nice-to-have
3508,765,24,Required
3509,548,13,Preferred
3510,4356,24,Nice-to-have
3511,4356,34,Preferred
3512,4546,4,Preferred
3513,4546,28,Required
3514,4051,31,Preferred
3515,4051,19,Nice-to-have
3516,1812,20,Preferred
3517,4762,24,Preferred
3518,4762,34,Preferred
3519,4531,34,Preferred
3520,2224,22,Required
3521,2224,25,Required
3522,770,25,Nice-to-have
3523,1936,35,Nice-to-have
3524,1936,33,Preferred
3525,4645,13,Nice-to-have
3526,4446,20,Preferred
3527,2198,13,Required
3528,2285,28,Nice-to-have
3529,2285,34,Preferred
3530,4613,13,Nice-to-have
3531,3359,28,Required
3532,3359,34,Required
3533,1021,35,Preferred
3534,1021,33,Required
3535,838,25,Preferred
3536,4770,25,Preferred
3537,4770,22,Nice-to-have
3538,4800,14,Nice-to-have
3539,4800,12,Required
3540,4800,25,Nice-to-have
3541,4904,16,Nice-to-have
3542,4904,17,Nice-to-have
3543,4723,4,Required
3544,4723,28,Nice-to-have
3545,4840,19,Preferred
3546,4840,34,Required
3547,1062,13,Preferred
3548,4346,31,Required
3549,4346,19,Nice-to-have
3550,5307,16,Preferred
3551,5307,17,Required
3552,5377,20,Preferred
3553,4820,20,Nice-to-have
3554,5327,16,Required
3555,5327,17,Nice-to-have
3556,3503,13,Nice-to-have
3557,5337,16,Nice-to-have
3558,5337,17,Required
3559,4447,20,Required
3560,4805,19,Nice-to-have
3561,4805,34,Required
3562,2273,22,Preferred
3563,4856,16,Preferred
3564,4856,17,Required
3565,854,14,Preferred
3566,854,12,Nice-to-have
3567,854,25,Nice-to-have
3568,4007,13,Nice-to-have
3569,2131,26,Nice-to-have
3570,1025,13,Required
3571,4362,34,Required
3572,4362,24,Preferred
3573,4818,34,Preferred
3574,4818,24,Nice-to-have
3575,2253,34,Required
3576,2253,17,Required
3577,2090,35,Required
3578,2090,33,Nice-to-have
3579,5460,13,Preferred
3580,4775,10,Preferred
3581,4775,11,Preferred
3582,4329,35,Preferred
3583,4329,33,Preferred
3584,4385,14,Preferred
3585,4385,12,Required
3586,4385,25,Preferred
3587,4774,20,Preferred
3588,3947,13,Nice-to-have
3589,4686,22,Nice-to-have
3590,4686,25,Nice-to-have
3591,605,35,Required
3592,605,33,Nice-to-have
3593,904,35,Required
3594,904,18,Nice-to-have
3595,904,9,Nice-to-have
3596,4823,9,Nice-to-have
3597,4823,25,Preferred
3598,4823,34,Nice-to-have
3599,2122,33,Nice-to-have
3600,4727,19,Preferred
3601,4727,34,Preferred
3602,604,35,Preferred
3603,604,33,Nice-to-have
3604,4227,35,Nice-to-have
3605,4227,33,Preferred
3606,123,22,Required
3607,123,25,Nice-to-have
3608,2143,25,Nice-to-have
3609,1979,35,Preferred
3610,1979,33,Preferred
3611,902,35,Nice-to-have
3612,902,33,Nice-to-have
3613,1738,22,Preferred
3614,1738,25,Preferred
3615,725,25,Preferred
3616,2180,21,Required
3617,4903,16,Nice-to-have
3618,4903,17,Required
3619,1035,13,Required
3620,5435,13,Required
3621,971,13,Preferred
3622,4162,13,Preferred
3623,4107,22,Required
3624,4107,25,Preferred
3625,686,35,Preferred
3626,686,33,Required
3627,5340,20,Preferred
3628,5469,13,Required
3629,4429,20,Preferred
3630,4517,24,Nice-to-have
3631,4517,34,Nice-to-have
3632,1056,13,Preferred
3633,3371,35,Nice-to-have
3634,3371,33,Preferred
3635,874,34,Nice-to-have
3636,874,24,Nice-to-have
3637,1396,22,Required
3638,1396,25,Required
3639,848,34,Required
3640,848,24,Nice-to-have
3641,4824,19,Preferred
3642,4824,34,Required
3643,4379,14,Required
3644,4379,12,Nice-to-have
3645,4379,25,Preferred
3646,933,13,Required
3647,2276,34,Preferred
3648,2276,17,Nice-to-have
3649,4910,16,Nice-to-have
3650,4910,17,Required
3651,377,7,Required
3652,377,32,Nice-to-have
3653,5345,16,Preferred
3654,5345,17,Nice-to-have
3655,5385,13,Nice-to-have
3656,2098,13,Nice-to-have
3657,4582,13,Nice-to-have
3658,4916,16,Required
3659,4916,17,Required
3660,843,20,Nice-to-have
3661,5393,13,Required
3662,4872,16,Nice-to-have
3663,4872,17,Nice-to-have
3664,5459,13,Nice-to-have
3665,860,34,Required
3666,860,24,Nice-to-have
3667,1561,1,Required
3668,1561,2,Nice-to-have
3669,4337,34,Nice-to-have
3670,4337,24,Preferred
3671,2093,13,Preferred
3672,857,34,Nice-to-have
3673,857,24,Nice-to-have
3674,2010,22,Nice-to-have
3675,2225,20,Required
3676,5360,16,Nice-to-have
3677,5360,17,Preferred
3678,4269,28,Preferred
3679,4269,34,Preferred
3680,955,35,Required
3681,955,33,Required
3682,715,28,Preferred
3683,715,34,Nice-to-have
3684,950,13,Nice-to-have
3685,4809,25,Preferred
3686,4809,22,Nice-to-have
3687,261,25,Required
3688,5410,34,Nice-to-have
3689,5410,19,Nice-to-have
3690,621,34,Preferred
3691,621,24,Required
3692,74,34,Preferred
3693,74,24,Required
3694,1529,26,Nice-to-have
3695,2216,13,Required
3696,1887,35,Preferred
3697,1887,33,Required
3698,2222,20,Preferred
3699,4744,34,Required
3700,4744,24,Preferred
3701,1953,34,Required
3702,1953,24,Nice-to-have
3703,1711,14,Preferred
3704,1711,12,Required
3705,1711,25,Preferred
3706,4572,13,Required
3707,4627,20,Required
3708,4627,25,Preferred
3709,4627,35,Preferred
3710,330,13,Preferred
3711,2232,25,Preferred
3712,5352,16,Required
3713,5352,17,Preferred
3714,4354,34,Nice-to-have
3715,4354,24,Required
3716,572,31,Preferred
3717,572,19,Nice-to-have
3718,4206,34,Required
3719,4206,24,Required
3720,4636,35,Nice-to-have
3721,4636,33,Nice-to-have
3722,4642,31,Preferred
3723,4642,19,Nice-to-have
3724,3391,35,Nice-to-have
3725,3391,33,Preferred
3726,853,35,Nice-to-have
3727,853,33,Required
3728,5400,13,Preferred
3729,801,10,Nice-to-have
3730,801,11,Preferred
3731,5312,16,Nice-to-have
3732,5312,17,Nice-to-have
3733,782,13,Nice-to-have
3734,2208,34,Required
3735,2208,24,Preferred
3736,4863,16,Nice-to-have
3737,4863,17,Required
3738,5472,27,Required
3739,5472,33,Nice-to-have
3740,5472,20,Preferred
3741,3954,31,Nice-to-have
3742,3954,19,Nice-to-have
3743,678,22,Nice-to-have
3744,678,25,Preferred
3745,3431,35,Required
3746,3431,33,Required
3747,776,31,Nice-to-have
3748,776,19,Nice-to-have
3749,4624,13,Required
3750,4912,35,Nice-to-have
3751,4912,33,Required
3752,2086,20,Nice-to-have
3753,3322,19,Required
3754,3322,34,Preferred
3755,4680,14,Required
3756,4680,12,Preferred
3757,4680,25,Required
3758,4647,19,Required
3759,4647,34,Nice-to-have
3760,1032,35,Preferred
3761,1032,33,Preferred
3762,1787,20,Required
3763,1787,25,Required
3764,1787,35,Nice-to-have
3765,4835,19,Nice-to-have
3766,4835,34,Nice-to-have
3767,4423,35,Required
3768,4423,33,Nice-to-have
3769,2149,20,Preferred
3770,5406,27,Nice-to-have
3771,5406,33,Required
3772,5406,20,Preferred
3773,4873,16,Nice-to-have
3774,4873,17,Preferred
3775,4251,35,Required
3776,4251,33,Preferred
3777,1739,22,Preferred
3778,1739,25,Nice-to-have
3779,1007,35,Required
3780,1007,33,Nice-to-have
3781,1611,18,Preferred
3782,1611,12,Nice-to-have
3783,1611,25,Preferred
3784,2134,20,Required
3785,1948,25,Required
3786,2251,35,Required
3787,2251,13,Required
3788,772,35,Preferred
3789,772,33,Required
3790,5294,16,Nice-to-have
3791,5294,17,Preferred
3792,5389,24,Preferred
3793,5389,34,Preferred
3794,4573,13,Nice-to-have
3795,2117,22,Nice-to-have
3796,2117,25,Required
3797,2018,22,Nice-to-have
3798,2018,25,Required
3799,1004,13,Nice-to-have
3800,820,34,Required
3801,820,24,Preferred
3802,4350,32,Preferred
3803,748,20,Preferred
3804,4657,35,Required
3805,4657,33,Preferred
3806,2102,32,Preferred
3807,5502,20,Nice-to-have
3808,1747,22,Preferred
3809,1747,25,Required
3810,4780,20,Preferred
3811,2027,35,Preferred
3812,2027,33,Nice-to-have
3813,4228,35,Required
3814,4228,33,Preferred
3815,4850,28,Nice-to-have
3816,4850,29,Preferred
3817,4850,30,Required
3818,1802,22,Preferred
3819,1802,25,Nice-to-have
3820,5395,13,Nice-to-have
3821,810,35,Preferred
3822,810,33,Nice-to-have
3823,1052,24,Preferred
3824,1052,34,Required
3825,2311,13,Required
3826,2186,25,Required
3827,1886,20,Required
3828,2317,15,Required
3829,2317,13,Preferred
3830,4282,35,Nice-to-have
3831,4282,33,Required
3832,870,28,Required
3833,2255,19,Required
3834,2255,34,Required
3835,710,13,Preferred
3836,720,32,Preferred
3837,1779,19,Required
3838,1779,34,Required
3839,4816,20,Nice-to-have
3840,1931,26,Preferred
3841,4529,20,Required
3842,4899,16,Required
3843,4899,17,Nice-to-have
3844,4748,19,Required
3845,4748,34,Preferred
3846,2247,34,Nice-to-have
3847,2247,24,Nice-to-have
3848,2153,35,Nice-to-have
3849,2153,33,Preferred
3850,5503,34,Nice-to-have
3851,5503,24,Nice-to-have
3852,826,35,Preferred
3853,826,33,Preferred
3854,4028,34,Required
3855,4028,24,Preferred
3856,2257,34,Nice-to-have
3857,4808,19,Required
3858,4808,34,Preferred
3859,2136,20,Required
3860,2204,28,Required
3861,2204,34,Preferred
3862,1764,26,Preferred
3863,4779,28,Nice-to-have
3864,4779,34,Required
3865,2237,20,Preferred
3866,1969,32,Required
3867,4109,22,Preferred
3868,4109,25,Nice-to-have
3869,4376,34,Nice-to-have
3870,4376,24,Preferred
3871,644,6,Required
3872,644,7,Nice-to-have
3873,4883,34,Preferred
3874,4883,24,Required
3875,636,6,Required
3876,636,7,Preferred
3877,2308,35,Required
3878,2308,33,Preferred
3879,5452,22,Required
3880,5452,25,Preferred
3881,5313,16,Preferred
3882,5313,17,Nice-to-have
3883,4759,35,Preferred
3884,4759,33,Nice-to-have
3885,574,35,Nice-to-have
3886,574,33,Preferred
3887,1783,13,Required
3888,616,20,Nice-to-have
3889,1863,22,Preferred
3890,1863,25,Nice-to-have
3891,4845,19,Nice-to-have
3892,4845,34,Preferred
3893,4468,20,Required
3894,2177,20,Preferred
3895,1960,35,Required
3896,1960,33,Required
3897,965,13,Preferred
3898,642,32,Nice-to-have
3899,1612,33,Preferred
3900,1612,20,Nice-to-have
3901,4854,35,Preferred
3902,4854,33,Nice-to-have
3903,4596,26,Required
3904,4849,19,Nice-to-have
3905,4849,34,Preferred
3906,1901,23,Preferred
3907,4771,19,Preferred
3908,4771,34,Preferred
3909,4751,16,Preferred
3910,4751,19,Preferred
3911,4751,12,Nice-to-have
3912,2044,8,Required
3913,2044,25,Required
3914,4725,25,Nice-to-have
3915,4725,22,Nice-to-have
3916,2189,20,Nice-to-have
3917,4736,35,Preferred
3918,4736,33,Nice-to-have
3919,4708,9,Required
3920,4708,25,Nice-to-have
3921,4708,34,Nice-to-have
3922,2162,35,Nice-to-have
3923,2162,33,Nice-to-have
3924,835,34,Preferred
3925,835,24,Nice-to-have
3926,4733,28,Nice-to-have
3927,4733,34,Preferred
3928,5470,13,Nice-to-have
3929,4729,25,Nice-to-have
3930,4729,22,Nice-to-have
3931,4425,35,Preferred
3932,4425,33,Nice-to-have
3933,2089,20,Nice-to-have
3934,1030,26,Preferred
3935,465,21,Preferred
3936,4378,24,Nice-to-have
3937,4378,34,Nice-to-have
3938,4510,22,Nice-to-have
3939,4510,25,Required
3940,757,13,Preferred
3941,4336,34,Required
3942,4336,24,Required
3943,890,14,Required
3944,890,12,Nice-to-have
3945,890,25,Preferred
3946,1071,13,Required
3947,1833,35,Preferred
3948,1833,33,Nice-to-have
3949,4739,28,Nice-to-have
3950,4739,34,Nice-to-have
3951,2346,28,Nice-to-have
3952,2346,34,Nice-to-have
3953,1994,20,Nice-to-have
3954,5415,13,Preferred
3955,2007,31,Preferred
3956,2099,22,Required
3957,2099,25,Required
3958,383,28,Required
3959,5417,13,Required
3960,2157,31,Preferred
3961,5339,16,Nice-to-have
3962,5339,17,Preferred
3963,1509,34,Nice-to-have
3964,1509,24,Preferred
3965,4595,35,Preferred
3966,4595,33,Preferred
3967,4433,34,Required
3968,4433,24,Nice-to-have
3969,4242,34,Nice-to-have
3970,4242,24,Nice-to-have
3971,2343,34,Required
3972,2343,24,Nice-to-have
3973,1002,13,Preferred
3974,855,20,Required
3975,4846,19,Nice-to-have
3976,4846,34,Nice-to-have
3977,4919,16,Required
3978,4919,17,Nice-to-have
3979,2202,28,Nice-to-have
3980,2202,34,Required
3981,5336,16,Required
3982,5336,17,Required
3983,4258,32,Required
3984,348,21,Required
3985,5398,13,Preferred
3986,5397,13,Required
3987,4753,19,Preferred
3988,4753,34,Nice-to-have
3989,1809,13,Preferred
3990,4834,25,Required
3991,4834,22,Required
3992,4314,34,Preferred
3993,4314,24,Nice-to-have
3994,5437,13,Required
3995,4457,34,Preferred
3996,4457,24,Required
3997,4008,20,Nice-to-have
3998,5458,13,Required
3999,4884,35,Nice-to-have
4000,4884,33,Preferred
4001,5381,13,Nice-to-have
4002,1784,13,Nice-to-have
4003,4304,35,Required
4004,4304,33,Preferred
4005,4587,34,Preferred
4006,4587,24,Nice-to-have
4007,1092,25,Required
4008,5471,16,Preferred
4009,5471,33,Preferred
4010,5471,17,Preferred
4011,1119,22,Nice-to-have
4012,1119,25,Preferred
4013,4000,20,Preferred
4014,4879,16,Preferred
4015,4879,17,Nice-to-have
4016,2156,31,Required
4017,4865,16,Required
4018,4865,17,Required
4019,5333,16,Required
4020,5333,17,Nice-to-have
4021,4576,17,Required
4022,5399,13,Preferred
4023,4737,32,Preferred
4024,1908,22,Preferred
4025,1908,25,Nice-to-have
4026,2268,34,Preferred
4027,2268,17,Preferred
4028,5418,13,Nice-to-have
4029,3504,13,Required
4030,5384,13,Nice-to-have
4031,2324,32,Preferred
4032,2226,28,Nice-to-have
4033,2226,34,Nice-to-have
4034,4303,35,Nice-to-have
4035,4303,33,Required
4036,510,25,Nice-to-have
4037,670,20,Nice-to-have
4038,100,19,Required
4039,100,34,Required
4040,4901,16,Required
4041,4901,17,Preferred
4042,4665,20,Required
4043,878,35,Nice-to-have
4044,878,33,Required
4045,476,23,Preferred
4046,664,35,Preferred
4047,664,33,Preferred
4048,709,13,Required
4049,1547,34,Preferred
4050,865,34,Required
4051,865,24,Preferred
4052,728,13,Nice-to-have
4053,1362,20,Preferred
4054,1099,25,Required
4055,5392,13,Required
4056,2223,26,Nice-to-have
4057,2294,13,Nice-to-have
4058,2294,31,Preferred
4059,900,34,Preferred
4060,900,24,Preferred
4061,2301,26,Required
4062,2301,13,Required
4063,4796,35,Nice-to-have
4064,4796,33,Preferred
4065,997,35,Nice-to-have
4066,997,33,Nice-to-have
4067,2250,13,Nice-to-have
4068,5363,20,Required
4069,4463,13,Nice-to-have
4070,5523,35,Required
4071,5523,33,Nice-to-have
4072,4874,16,Nice-to-have
4073,4874,17,Nice-to-have
4074,4825,19,Required
4075,4825,34,Preferred
4076,963,13,Nice-to-have
4077,5539,13,Nice-to-have
4078,733,25,Nice-to-have
4079,4640,13,Preferred
4080,2218,22,Preferred
4081,2218,25,Nice-to-have
4082,4862,16,Preferred
4083,4862,17,Required
4084,815,10,Preferred
4085,815,11,Required
4086,4367,25,Nice-to-have
4087,4652,20,Preferred
4088,850,20,Required
4089,962,13,Required
4090,4700,22,Required
4091,4700,25,Required
4092,2341,35,Nice-to-have
4093,2341,33,Nice-to-have
4094,2337,22,Required
4095,2337,25,Nice-to-have
4096,4703,19,Required
4097,4703,34,Preferred
4098,1101,22,Preferred
4099,1101,25,Preferred
4100,4035,19,Nice-to-have
4101,4035,34,Required
4102,5409,22,Nice-to-have
4103,5409,25,Preferred
4104,5482,25,Preferred
4105,382,34,Nice-to-have
4106,4906,16,Required
4107,4906,17,Nice-to-have
4108,4839,19,Nice-to-have
4109,4839,34,Nice-to-have
4110,1014,35,Required
4111,1014,33,Required
4112,4822,19,Required
4113,4822,34,Required
4114,2423,35,Nice-to-have
4115,2423,33,Required
4116,2373,20,Nice-to-have
4117,4276,28,Required
4118,4276,34,Preferred
4119,5513,34,Required
4120,5513,24,Required
4121,1543,35,Preferred
4122,1543,33,Nice-to-have
4123,5334,16,Nice-to-have
4124,5334,17,Nice-to-have
4125,907,20,Preferred
4126,5430,27,Required
4127,5430,33,Preferred
4128,5430,20,Preferred
4129,1841,16,Required
4130,5354,16,Nice-to-have
4131,5354,17,Nice-to-have
4132,1109,19,Nice-to-have
4133,1109,34,Required
4134,1156,22,Preferred
4135,1156,25,Required
4136,4559,25,Nice-to-have
4137,2274,25,Nice-to-have
4138,2059,28,Required
4139,2059,34,Preferred
4140,5372,13,Nice-to-have
4141,4807,25,Required
4142,4764,19,Nice-to-have
4143,4764,34,Nice-to-have
4144,5344,16,Preferred
4145,5344,17,Preferred
4146,4881,16,Preferred
4147,4881,17,Required
4148,1594,33,Nice-to-have
4149,1594,20,Required
4150,5518,35,Required
4151,5518,33,Preferred
4152,2383,22,Required
4153,2383,25,Preferred
4154,1103,25,Nice-to-have
4155,4819,19,Required
4156,4819,34,Nice-to-have
4157,3490,20,Required
4158,1050,26,Required
4159,1013,35,Preferred
4160,1013,33,Required
4161,4418,20,Nice-to-have
4162,4867,16,Required
4163,4867,17,Nice-to-have
4164,5371,13,Required
4165,1094,22,Required
4166,754,19,Nice-to-have
4167,754,34,Nice-to-have
4168,4787,25,Required
4169,4787,22,Nice-to-have
4170,5396,13,Nice-to-have
4171,4461,34,Preferred
4172,4461,24,Nice-to-have
4173,2374,35,Preferred
4174,2374,33,Preferred
4175,629,34,Preferred
4176,629,24,Nice-to-have
4177,5305,16,Nice-to-have
4178,5305,17,Preferred
4179,1902,13,Required
4180,1060,13,Preferred
4181,5296,16,Required
4182,5296,17,Nice-to-have
4183,4791,25,Required
4184,3445,35,Nice-to-have
4185,3445,33,Nice-to-have
4186,4532,20,Nice-to-have
4187,4459,13,Required
4188,937,35,Preferred
4189,937,33,Required
4190,783,13,Preferred
4191,5498,25,Nice-to-have
4192,4750,19,Nice-to-have
4193,4750,34,Nice-to-have
4194,4760,20,Required
4195,797,25,Nice-to-have
4196,2191,20,Required
4197,5504,13,Preferred
4198,5432,25,Nice-to-have
4199,734,35,Nice-to-have
4200,734,33,Preferred
4201,5316,16,Preferred
4202,5316,17,Required
4203,4592,22,Nice-to-have
4204,1728,22,Nice-to-have
4205,1728,25,Preferred
4206,4513,16,Nice-to-have
4207,4513,22,Preferred
4208,2058,31,Preferred
4209,2058,19,Nice-to-have
4210,2129,20,Preferred
4211,1933,26,Required
4212,5309,16,Required
4213,5309,17,Preferred
4214,2053,14,Nice-to-have
4215,2053,12,Nice-to-have
4216,2053,25,Nice-to-have
4217,804,23,Required
4218,5346,16,Nice-to-have
4219,5346,17,Nice-to-have
4220,2263,22,Preferred
4221,4798,28,Required
4222,4798,34,Nice-to-have
4223,1152,35,Required
4224,1152,33,Preferred
4225,2120,8,Required
4226,2120,25,Preferred
4227,5540,13,Required
4228,5298,16,Preferred
4229,5298,17,Required
4230,5427,13,Required
4231,4431,34,Required
4232,4431,24,Nice-to-have
4233,912,31,Required
4234,912,19,Preferred
4235,4773,16,Required
4236,4773,19,Preferred
4237,4773,12,Nice-to-have
4238,2211,22,Nice-to-have
4239,2097,25,Nice-to-have
4240,4726,21,Nice-to-have
4241,4518,20,Nice-to-have
4242,1125,20,Required
4243,5402,13,Required
4244,2083,16,Nice-to-have
4245,2083,20,Preferred
4246,2083,26,Preferred
4247,4902,16,Nice-to-have
4248,4902,17,Nice-to-have
4249,2412,20,Nice-to-have
4250,2439,35,Preferred
4251,2439,33,Preferred
4252,5499,31,Nice-to-have
4253,5499,19,Nice-to-have
4254,5380,13,Preferred
4255,568,8,Nice-to-have
4256,568,19,Preferred
4257,568,22,Nice-to-have
4258,1967,20,Required
4259,2292,7,Required
4260,2292,13,Nice-to-have
4261,4838,19,Required
4262,4838,34,Required
4263,601,6,Preferred
4264,601,7,Nice-to-have
4265,4087,19,Preferred
4266,4087,34,Nice-to-have
4267,4551,13,Required
4268,3402,35,Nice-to-have
4269,3402,33,Required
4270,2135,22,Required
4271,2135,25,Nice-to-have
4272,5365,13,Nice-to-have
4273,5394,13,Preferred
4274,4460,34,Preferred
4275,4460,24,Nice-to-have
4276,4829,22,Preferred
4277,2106,24,Required
4278,5349,16,Required
4279,5349,17,Required
4280,4831,24,Nice-to-have
4281,4831,34,Required
4282,2006,22,Required
4283,2367,20,Preferred
4284,5404,13,Nice-to-have
4285,4514,16,Nice-to-have
4286,4514,22,Nice-to-have
4287,140,25,Required
4288,1067,13,Preferred
4289,5420,13,Nice-to-have
4290,4668,13,Required
4291,4466,24,Nice-to-have
4292,4466,34,Preferred
4293,4116,22,Nice-to-have
4294,4116,25,Nice-to-have
4295,5408,35,Preferred
4296,5408,33,Nice-to-have
4297,990,25,Required
4298,910,35,Preferred
4299,910,33,Required
4300,590,20,Required
4301,590,25,Required
4302,590,35,Required
4303,2270,34,Preferred
4304,2270,17,Required
4305,2409,1,Nice-to-have
4306,2409,2,Nice-to-have
4307,817,26,Preferred
4308,1117,35,Nice-to-have
4309,1117,33,Required
4310,2348,28,Nice-to-have
4311,2348,29,Required
4312,2348,30,Preferred
4313,4900,16,Nice-to-have
4314,4900,17,Nice-to-have
4315,4328,34,Preferred
4316,4328,17,Nice-to-have
4317,4709,25,Required
4318,4709,22,Nice-to-have
4319,740,34,Preferred
4320,740,24,Required
4321,4852,35,Preferred
4322,4852,33,Preferred
4323,5433,35,Nice-to-have
4324,5433,33,Nice-to-have
4325,4654,35,Nice-to-have
4326,4654,33,Nice-to-have
4327,2381,35,Required
4328,2381,33,Preferred
4329,5560,20,Preferred
4330,4795,20,Required
4331,867,22,Nice-to-have
4332,867,25,Preferred
4333,5429,13,Nice-to-have
4334,769,35,Preferred
4335,769,33,Required
4336,4507,28,Preferred
4337,4507,29,Preferred
4338,4507,30,Preferred
4339,4430,24,Preferred
4340,4430,34,Nice-to-have
4341,1158,25,Required
4342,736,28,Preferred
4343,736,34,Nice-to-have
4344,4561,6,Preferred
4345,4561,7,Preferred
4346,2279,34,Preferred
4347,1539,27,Preferred
4348,4259,34,Nice-to-have
4349,4259,24,Preferred
4350,4241,34,Required
4351,4241,24,Nice-to-have
4352,1051,35,Preferred
4353,1051,33,Preferred
4354,2084,16,Nice-to-have
4355,2084,20,Preferred
4356,2084,26,Nice-to-have
4357,608,25,Preferred
4358,724,20,Nice-to-have
4359,1939,22,Required
4360,1939,25,Required
4361,2047,8,Required
4362,2047,25,Preferred
4363,4575,34,Nice-to-have
4364,4575,35,Preferred
4365,502,14,Preferred
4366,502,12,Nice-to-have
4367,502,25,Nice-to-have
4368,2206,34,Nice-to-have
4369,2206,24,Required
4370,4280,34,Nice-to-have
4371,4597,14,Nice-to-have
4372,4597,12,Required
4373,4597,25,Required
4374,4706,19,Required
4375,4706,34,Required
4376,4084,20,Preferred
4377,739,34,Required
4378,739,24,Nice-to-have
4379,4481,24,Preferred
4380,4481,34,Required
4381,4585,13,Nice-to-have
4382,5450,6,Required
4383,5450,7,Preferred
4384,5367,13,Required
4385,4383,20,Nice-to-have
4386,4747,34,Required
4387,4747,24,Required
4388,5440,16,Required
4389,5440,17,Nice-to-have
4390,5440,20,Nice-to-have
4391,4042,14,Preferred
4392,4042,12,Nice-to-have
4393,4042,25,Preferred
4394,4252,35,Required
4395,4252,33,Preferred
4396,4757,35,Required
4397,4757,33,Required
4398,1829,13,Nice-to-have
4399,4496,25,Nice-to-have
4400,2295,13,Nice-to-have
4401,1968,2,Nice-to-have
4402,1968,1,Preferred
4403,1968,25,Nice-to-have
4404,4644,2,Required
4405,4644,1,Preferred
4406,4644,25,Nice-to-have
4407,906,25,Nice-to-have
4408,2069,19,Preferred
4409,2069,34,Nice-to-have
4410,5467,13,Required
4411,2192,26,Required
4412,924,21,Required
4413,4767,25,Preferred
4414,1597,18,Required
4415,1597,12,Nice-to-have
4416,1597,25,Preferred
4417,2282,26,Preferred
4418,2282,13,Required
4419,793,35,Preferred
4420,793,33,Nice-to-have
4421,798,34,Preferred
4422,798,24,Preferred
4423,879,35,Preferred
4424,879,33,Nice-to-have
4425,938,22,Preferred
4426,938,25,Nice-to-have
4427,2304,35,Nice-to-have
4428,2304,13,Nice-to-have
4429,543,14,Preferred
4430,543,12,Required
4431,543,25,Required
4432,1604,14,Preferred
4433,881,20,Nice-to-have
4434,4422,20,Nice-to-have
4435,5431,20,Nice-to-have
4436,5431,33,Required
4437,5431,22,Required
4438,1337,35,Nice-to-have
4439,1337,33,Required
4440,4833,19,Preferred
4441,4833,34,Required
4442,2170,25,Required
4443,2249,13,Preferred
4444,5338,16,Preferred
4445,5338,17,Nice-to-have
4446,1100,19,Nice-to-have
4447,1100,34,Preferred
4448,4766,21,Nice-to-have
4449,1167,20,Required
4450,1167,25,Preferred
4451,1167,35,Preferred
4452,4905,16,Required
4453,4905,17,Preferred
4454,4810,19,Nice-to-have
4455,4810,34,Preferred
4456,2076,25,Preferred
4457,5464,13,Required
4458,4918,16,Required
4459,4918,17,Nice-to-have
4460,957,25,Preferred
4461,1532,35,Required
4462,1532,33,Nice-to-have
4463,5362,16,Preferred
4464,5362,17,Preferred
4465,4340,25,Nice-to-have
4466,2327,22,Required
4467,2327,25,Nice-to-have
4468,1036,13,Required
4469,5506,13,Nice-to-have
4470,719,31,Nice-to-have
4471,719,19,Required
4472,2161,9,Nice-to-have
4473,2161,25,Required
4474,2161,34,Preferred
4475,4724,13,Required
4476,2245,34,Preferred
4477,2245,17,Preferred
4478,2194,26,Required
4479,4830,34,Required
4480,4830,24,Required
4481,2022,22,Required
4482,2022,25,Nice-to-have
4483,1724,32,Nice-to-have
4484,4483,34,Preferred
4485,4483,24,Required
4486,1253,25,Preferred
4487,443,22,Nice-to-have
4488,979,13,Nice-to-have
4489,1034,13,Nice-to-have
4490,2219,20,Nice-to-have
4491,5510,23,Required
4492,2408,16,Preferred
4493,2408,20,Nice-to-have
4494,2408,13,Required
4495,5306,16,Nice-to-have
4496,5306,17,Nice-to-have
4497,1065,13,Preferred
4498,2201,28,Nice-to-have
4499,2201,34,Preferred
4500,4701,34,Nice-to-have
4501,4701,24,Required
4502,717,2,Nice-to-have
4503,717,1,Required
4504,717,25,Preferred
4505,5424,35,Nice-to-have
4506,5424,33,Required
4507,2188,20,Preferred
4508,2070,13,Required
4509,5525,13,Preferred
4510,5442,35,Preferred
4511,5442,33,Nice-to-have
4512,512,34,Nice-to-have
4513,512,24,Nice-to-have
4514,5378,23,Preferred
4515,4623,8,Required
4516,4623,25,Nice-to-have
4517,2447,25,Nice-to-have
4518,5449,34,Nice-to-have
4519,5449,35,Preferred
4520,5449,17,Preferred
4521,4637,28,Nice-to-have
4522,4637,34,Nice-to-have
4523,5434,13,Required
4524,4584,34,Required
4525,4584,24,Required
4526,2055,16,Preferred
4527,2055,20,Nice-to-have
4528,2055,24,Required
4529,5453,34,Required
4530,5453,24,Nice-to-have
4531,4609,20,Required
4532,984,13,Preferred
4533,4734,26,Preferred
4534,1097,20,Preferred
4535,744,20,Preferred
4536,687,35,Preferred
4537,687,33,Nice-to-have
4538,833,22,Nice-to-have
4539,833,25,Preferred
4540,689,35,Preferred
4541,689,33,Required
4542,4006,28,Nice-to-have
4543,4006,34,Nice-to-have
4544,4695,32,Required
4545,5491,13,Preferred
4546,2359,22,Required
4547,2359,25,Required
4548,2033,8,Preferred
4549,2033,25,Nice-to-have
4550,4202,22,Preferred
4551,5494,35,Required
4552,5494,33,Required
4553,5512,35,Required
4554,5512,33,Preferred
4555,2415,6,Required
4556,5419,13,Nice-to-have
4557,5326,16,Nice-to-have
4558,5326,17,Required
4559,2325,16,Preferred
4560,2325,20,Required
4561,2325,13,Nice-to-have
4562,5359,16,Preferred
4563,5359,17,Preferred
4564,1088,35,Nice-to-have
4565,1088,33,Preferred
4566,951,13,Preferred
4567,4679,26,Preferred
4568,2235,20,Required
4569,2155,8,Nice-to-have
4570,2155,25,Preferred
4571,2183,19,Preferred
4572,2183,34,Preferred
4573,5413,13,Preferred
4574,2407,35,Preferred
4575,2407,33,Required
4576,1074,35,Required
4577,1074,33,Required
4578,2228,34,Nice-to-have
4579,2228,24,Nice-to-have
4580,4710,19,Preferred
4581,4710,34,Required
4582,4400,24,Required
4583,4400,34,Preferred
4584,4086,20,Preferred
4585,2430,32,Required
4586,1433,28,Required
4587,4789,35,Preferred
4588,4789,33,Required
4589,703,34,Required
4590,703,24,Required
4591,4123,24,Preferred
4592,4123,34,Required
4593,886,34,Nice-to-have
4594,886,24,Preferred
4595,914,34,Required
4596,914,24,Nice-to-have
4597,2342,35,Required
4598,2342,33,Nice-to-have
4599,2380,34,Preferred
4600,2380,16,Preferred
4601,2380,17,Nice-to-have
4602,1000,13,Nice-to-have
4603,4598,2,Preferred
4604,4598,1,Preferred
4605,4598,25,Required
4606,1178,19,Preferred
4607,1178,34,Preferred
4608,2045,8,Nice-to-have
4609,2045,25,Nice-to-have
4610,2095,13,Preferred
4611,4875,16,Required
4612,4875,17,Required
4613,2443,25,Nice-to-have
4614,2443,22,Preferred
4615,2431,32,Required
4616,5457,13,Nice-to-have
4617,4661,35,Preferred
4618,4661,33,Preferred
4619,1132,20,Preferred
4620,1132,25,Required
4621,1132,35,Nice-to-have
4622,2262,10,Required
4623,2262,11,Nice-to-have
4624,4617,34,Required
4625,4617,35,Preferred
4626,310,14,Nice-to-have
4627,310,15,Nice-to-have
4628,310,22,Preferred
4629,2428,6,Required
4630,2063,20,Preferred
4631,839,20,Required
4632,1120,34,Preferred
4633,1120,24,Required
4634,5454,23,Preferred
4635,2333,13,Preferred
4636,4320,35,Preferred
4637,4320,33,Preferred
4638,5490,13,Required
4639,986,26,Nice-to-have
4640,1043,35,Required
4641,1043,33,Preferred
4642,2139,25,Required
4643,4806,19,Preferred
4644,4806,34,Nice-to-have
4645,2331,15,Nice-to-have
4646,2331,13,Preferred
4647,4794,19,Preferred
4648,4794,34,Required
4649,983,13,Required
4650,5530,8,Preferred
4651,5530,25,Preferred
4652,4503,6,Preferred
4653,4503,7,Nice-to-have
4654,2163,13,Required
4655,1766,25,Nice-to-have
4656,2444,8,Required
4657,2444,25,Preferred
4658,1134,34,Nice-to-have
4659,1134,24,Preferred
4660,1028,13,Required
4661,1992,35,Required
4662,1992,33,Nice-to-have
4663,2421,34,Nice-to-have
4664,2421,24,Required
4665,4763,25,Preferred
4666,4763,22,Required
4667,5329,16,Preferred
4668,5329,17,Required
4669,4836,21,Preferred
4670,1020,13,Nice-to-have
4671,4074,31,Preferred
4672,4074,19,Nice-to-have
4673,4074,18,Required
4674,2108,35,Preferred
4675,2108,33,Nice-to-have
4676,851,35,Nice-to-have
4677,851,18,Preferred
4678,851,9,Preferred
4679,741,34,Required
4680,741,24,Required
4681,4589,34,Nice-to-have
4682,4589,35,Preferred
4683,5489,34,Preferred
4684,5489,28,Required
4685,5489,17,Required
4686,5341,16,Required
4687,5341,17,Nice-to-have
4688,2111,35,Nice-to-have
4689,2111,33,Required
4690,1044,13,Required
4691,1928,26,Nice-to-have
4692,1145,34,Required
4693,1145,24,Preferred
4694,2275,13,Preferred
4695,2109,8,Preferred
4696,2109,25,Preferred
4697,4684,28,Nice-to-have
4698,4684,34,Nice-to-have
4699,2361,35,Nice-to-have
4700,2361,33,Preferred
4701,434,31,Required
4702,434,19,Nice-to-have
4703,4713,25,Nice-to-have
4704,1970,20,Preferred
4705,3506,24,Required
4706,3506,34,Preferred
4707,628,35,Nice-to-have
4708,628,33,Preferred
4709,1138,6,Nice-to-have
4710,1138,7,Required
4711,117,28,Preferred
4712,117,34,Nice-to-have
4713,117,29,Required
4714,4287,34,Nice-to-have
4715,4287,24,Required
4716,2339,20,Nice-to-have
4717,4917,16,Nice-to-have
4718,4917,17,Nice-to-have
4719,1126,19,Required
4720,1126,34,Preferred
4721,4413,26,Preferred
4722,4772,19,Required
4723,4772,34,Nice-to-have
4724,1997,20,Nice-to-have
4725,2321,27,Nice-to-have
4726,2012,31,Required
4727,2230,28,Required
4728,2230,34,Required
4729,846,35,Nice-to-have
4730,846,33,Preferred
4731,5321,16,Preferred
4732,5321,17,Preferred
4733,1922,35,Nice-to-have
4734,1922,33,Nice-to-have
4735,2418,6,Preferred
4736,2418,7,Nice-to-have
4737,1147,31,Nice-to-have
4738,1147,26,Nice-to-have
4739,5522,13,Nice-to-have
4740,2042,20,Preferred
4741,694,13,Required
4742,4718,28,Nice-to-have
4743,4718,34,Nice-to-have
4744,1848,13,Required
4745,2391,34,Nice-to-have
4746,2391,24,Nice-to-have
4747,2074,20,Nice-to-have
4748,1713,8,Preferred
4749,1713,25,Nice-to-have
4750,2427,20,Nice-to-have
4751,4877,16,Preferred
4752,4877,17,Preferred
4753,4294,34,Nice-to-have
4754,4294,24,Required
4755,2065,19,Preferred
4756,5487,35,Nice-to-have
4757,5487,33,Preferred
4758,2303,26,Required
4759,2303,13,Required
4760,972,13,Required
4761,4650,13,Nice-to-have
4762,2379,6,Preferred
4763,4754,35,Preferred
4764,4754,33,Nice-to-have
4765,892,22,Nice-to-have
4766,1084,34,Required
4767,1084,24,Preferred
4768,1180,25,Preferred
4769,4681,28,Required
4770,4681,34,Nice-to-have
4771,657,35,Preferred
4772,657,33,Nice-to-have
4773,5497,35,Preferred
4774,5497,33,Required
4775,4412,35,Preferred
4776,4412,33,Nice-to-have
4777,4898,19,Nice-to-have
4778,4898,34,Required
4779,871,35,Preferred
4780,871,33,Nice-to-have
4781,5474,34,Required
4782,5474,24,Nice-to-have
4783,4306,2,Nice-to-have
4784,4306,1,Required
4785,4306,25,Nice-to-have
4786,993,13,Nice-to-have
4787,5405,27,Required
4788,5405,20,Nice-to-have
4789,4505,20,Required
4790,5488,20,Preferred
4791,1885,13,Preferred
4792,2296,35,Required
4793,2296,13,Preferred
4794,2353,16,Nice-to-have
4795,2353,20,Required
4796,2353,13,Nice-to-have
4797,1789,34,Required
4798,1789,24,Required
4799,1720,14,Required
4800,1720,12,Nice-to-have
4801,1720,25,Preferred
4802,1041,13,Required
4803,5390,13,Preferred
4804,2364,6,Preferred
4805,5376,9,Preferred
4806,5376,25,Nice-to-have
4807,5376,34,Required
4808,4470,24,Required
4809,4470,34,Required
4810,1898,35,Nice-to-have
4811,1898,33,Nice-to-have
4812,1024,13,Preferred
4813,1070,26,Preferred
4814,911,34,Nice-to-have
4815,911,24,Nice-to-have
4816,2510,4,Preferred
4817,2510,28,Preferred
4818,1001,20,Nice-to-have
4819,4512,32,Preferred
4820,2389,35,Required
4821,2389,33,Preferred
4822,927,13,Nice-to-have
4823,2052,20,Preferred
4824,655,6,Nice-to-have
4825,655,7,Nice-to-have
4826,1085,35,Nice-to-have
4827,1085,33,Preferred
4828,5428,13,Required
4829,2477,33,Required
4830,2477,20,Preferred
4831,977,13,Required
4832,2137,13,Preferred
4833,935,35,Required
4834,935,18,Preferred
4835,935,9,Nice-to-have
4836,4692,35,Preferred
4837,4692,33,Nice-to-have
4838,5330,16,Required
4839,5330,17,Nice-to-have
4840,2437,31,Required
4841,2437,19,Nice-to-have
4842,5369,13,Nice-to-have
4843,4784,34,Required
4844,4784,24,Required
4845,4231,35,Preferred
4846,4231,33,Required
4847,2496,8,Nice-to-have
4848,2496,25,Preferred
4849,1534,35,Nice-to-have
4850,1534,33,Nice-to-have
4851,2181,8,Nice-to-have
4852,2181,25,Required
4853,4556,2,Preferred
4854,4556,1,Required
4855,4556,25,Preferred
4856,1137,6,Preferred
4857,1137,7,Nice-to-have
4858,2478,28,Nice-to-have
4859,2478,34,Nice-to-have
4860,2471,20,Required
4861,5465,13,Preferred
4862,2429,35,Preferred
4863,2429,33,Preferred
4864,4785,22,Required
4865,4785,25,Required
4866,1959,22,Required
4867,1959,25,Preferred
4868,4693,35,Required
4869,4693,33,Preferred
4870,3395,35,Preferred
4871,3395,33,Nice-to-have
4872,705,25,Required
4873,2432,22,Nice-to-have
4874,2432,25,Preferred
4875,4490,22,Preferred
4876,4490,25,Preferred
4877,4722,34,Required
4878,4722,24,Nice-to-have
4879,4530,24,Nice-to-have
4880,4530,34,Required
4881,788,20,Required
4882,4894,16,Preferred
4883,4894,17,Nice-to-have
4884,2358,25,Preferred
4885,760,13,Preferred
4886,1823,22,Nice-to-have
4887,1823,25,Required
4888,2197,26,Required
4889,4915,16,Preferred
4890,4915,17,Nice-to-have
4891,1808,35,Preferred
4892,1808,33,Preferred
4893,4896,16,Preferred
4894,4896,17,Preferred
4895,4342,34,Required
4896,4342,24,Preferred
4897,960,26,Preferred
4898,2386,34,Preferred
4899,2386,24,Nice-to-have
4900,2445,24,Preferred
4901,2445,34,Preferred
4902,396,20,Preferred
4903,666,35,Required
4904,666,33,Required
4905,4176,22,Nice-to-have
4906,4176,25,Required
4907,442,22,Required
4908,809,35,Required
4909,809,33,Required
4910,5461,13,Preferred
4911,969,20,Nice-to-have
4912,1162,6,Nice-to-have
4913,1162,7,Required
4914,680,31,Nice-to-have
4915,680,19,Preferred
4916,2468,25,Required
4917,1161,26,Nice-to-have
4918,2347,22,Required
4919,2347,25,Required
4920,974,13,Preferred
4921,5483,34,Required
4922,5483,24,Nice-to-have
4923,4827,35,Required
4924,4827,33,Preferred
4925,4472,34,Required
4926,4472,24,Preferred
4927,876,35,Preferred
4928,876,33,Nice-to-have
4929,4580,20,Preferred
4930,1042,13,Nice-to-have
4931,5308,16,Nice-to-have
4932,5308,17,Nice-to-have
4933,4741,13,Preferred
4934,2497,4,Nice-to-have
4935,2497,28,Preferred
4936,1938,22,Preferred
4937,1938,25,Preferred
4938,2307,13,Nice-to-have
4939,5534,13,Nice-to-have
4940,2032,31,Preferred
4941,4458,13,Preferred
4942,4848,25,Preferred
4943,905,25,Required
4944,2272,35,Preferred
4945,2272,33,Preferred
4946,4197,34,Required
4947,4197,24,Nice-to-have
4948,1091,35,Required
4949,1091,33,Preferred
4950,1130,2,Required
4951,661,25,Preferred
4952,5387,6,Required
4953,5387,7,Nice-to-have
4954,941,13,Nice-to-have
4955,4262,20,Preferred
4956,5451,16,Required
4957,5451,17,Nice-to-have
4958,1895,19,Required
4959,1895,34,Required
4960,4890,16,Nice-to-have
4961,4890,17,Nice-to-have
4962,946,13,Required
4963,2349,22,Nice-to-have
4964,2349,25,Preferred
4965,5315,16,Nice-to-have
4966,5315,17,Preferred
4967,4315,31,Preferred
4968,4315,19,Nice-to-have
4969,792,20,Nice-to-have
4970,634,22,Preferred
4971,634,25,Required
4972,2252,28,Preferred
4973,2252,34,Preferred
4974,1017,13,Nice-to-have
4975,5311,16,Required
4976,5311,17,Preferred
4977,4469,20,Required
4978,2210,2,Nice-to-have
4979,2210,1,Nice-to-have
4980,2210,25,Preferred
4981,790,34,Nice-to-have
4982,790,24,Preferred
4983,702,34,Nice-to-have
4984,702,24,Required
4985,2485,28,Required
4986,2485,34,Required
4987,1168,20,Preferred
4988,2288,13,Nice-to-have
4989,1008,25,Required
4990,1278,35,Required
4991,1278,33,Required
4992,791,20,Preferred
4993,1009,19,Required
4994,1009,34,Required
4995,4016,20,Preferred
4996,1169,20,Required
4997,726,13,Nice-to-have
4998,2376,28,Required
4999,2376,34,Required
5000,4436,13,Nice-to-have
5001,707,32,Preferred
5002,2221,22,Required
5003,2221,25,Nice-to-have
5004,2456,28,Required
5005,2456,34,Preferred
5006,4195,35,Preferred
5007,4195,33,Preferred
5008,1122,6,Nice-to-have
5009,1122,7,Preferred
5010,2146,22,Nice-to-have
5011,2146,25,Required
5012,1027,26,Required
5013,2259,34,Required
5014,2259,24,Nice-to-have
5015,2166,32,Required
5016,830,35,Preferred
5017,830,33,Required
5018,4435,13,Nice-to-have
5019,1048,13,Preferred
5020,1972,22,Nice-to-have
5021,1972,25,Nice-to-have
5022,991,13,Nice-to-have
5023,5473,16,Preferred
5024,5473,33,Required
5025,5473,17,Nice-to-have
5026,2182,28,Required
5027,1123,2,Preferred
5028,1943,13,Preferred
5029,700,2,Nice-to-have
5030,700,1,Preferred
5031,700,25,Preferred
5032,4194,34,Required
5033,4194,24,Nice-to-have
5034,1905,20,Nice-to-have
5035,1135,6,Nice-to-have
5036,1135,7,Preferred
5037,5351,16,Preferred
5038,5351,17,Required
5039,2453,13,Preferred
5040,4860,16,Required
5041,4860,17,Preferred
5042,2214,20,Nice-to-have
5043,5550,13,Preferred
5044,4535,13,Required
5045,3475,26,Preferred
5046,1185,25,Required
5047,949,13,Nice-to-have
5048,4285,28,Preferred
5049,4285,34,Preferred
5050,4702,24,Required
5051,4702,34,Nice-to-have
5052,250,22,Nice-to-have
5053,250,25,Preferred
5054,5533,34,Required
5055,5533,24,Preferred
5056,1116,28,Preferred
5057,1116,29,Preferred
5058,1116,30,Preferred
5059,566,31,Required
5060,1086,8,Preferred
5061,1086,25,Nice-to-have
5062,2382,22,Nice-to-have
5063,2382,25,Preferred
5064,2503,4,Nice-to-have
5065,2503,28,Nice-to-have
5066,4843,19,Preferred
5067,4843,34,Preferred
5068,5366,13,Required
5069,4752,25,Nice-to-have
5070,5368,13,Preferred
5071,2240,20,Required
5072,4804,19,Required
5073,4804,34,Required
5074,1111,6,Required
5075,1111,7,Required
5076,2417,17,Preferred
5077,2417,4,Required
5078,4635,34,Required
5079,4635,24,Preferred
5080,1541,8,Nice-to-have
5081,2305,25,Nice-to-have
5082,2305,13,Nice-to-have
5083,1005,26,Preferred
5084,4864,16,Nice-to-have
5085,4864,17,Nice-to-have
5086,2448,8,Required
5087,2448,25,Nice-to-have
5088,2278,20,Required
5089,2278,25,Required
5090,2278,35,Required
5091,777,35,Required
5092,777,33,Nice-to-have
5093,5529,13,Preferred
5094,1140,19,Preferred
5095,1140,34,Nice-to-have
5096,2205,34,Nice-to-have
5097,2205,24,Preferred
5098,4801,34,Required
5099,4801,24,Required
5100,4566,20,Nice-to-have
5101,4475,34,Preferred
5102,4475,24,Nice-to-have
5103,1143,22,Required
5104,1143,25,Nice-to-have
5105,2442,14,Required
5106,2442,12,Required
5107,2442,25,Preferred
5108,742,25,Preferred
5109,2462,20,Required
5110,5485,34,Preferred
5111,5485,24,Preferred
5112,2459,19,Nice-to-have
5113,2459,34,Required
5114,1059,13,Required
5115,4659,20,Nice-to-have
5116,5456,32,Nice-to-have
5117,1166,19,Preferred
5118,1166,34,Nice-to-have
5119,2413,13,Preferred
5120,5535,35,Preferred
5121,5535,33,Preferred
5122,4421,20,Nice-to-have
5123,2385,14,Nice-to-have
5124,2385,12,Nice-to-have
5125,2385,25,Required
5126,944,35,Preferred
5127,944,33,Preferred
5128,5295,16,Nice-to-have
5129,5295,17,Preferred
5130,2243,25,Required
5131,1019,13,Required
5132,1862,20,Required
5133,1096,25,Nice-to-have
5134,2316,20,Preferred
5135,959,6,Required
5136,959,7,Nice-to-have
5137,419,35,Preferred
5138,419,33,Required
5139,1838,20,Nice-to-have
5140,1055,35,Preferred
5141,1055,33,Required
5142,899,35,Nice-to-have
5143,899,33,Nice-to-have
5144,4244,35,Preferred
5145,4244,33,Required
5146,964,13,Nice-to-have
5147,2028,20,Preferred
5148,231,32,Preferred
5149,2196,25,Preferred
5150,5374,13,Preferred
5151,2400,32,Preferred
5152,5447,35,Preferred
5153,5447,33,Nice-to-have
5154,2320,35,Nice-to-have
5155,2320,33,Preferred
5156,1058,13,Preferred
5157,4782,20,Preferred
5158,2217,25,Preferred
5159,4688,26,Required
5160,1082,26,Preferred
5161,2449,16,Required
5162,2449,20,Required
5163,2449,13,Required
5164,5347,16,Nice-to-have
5165,5347,17,Preferred
5166,4658,34,Preferred
5167,4658,24,Required
5168,5324,34,Required
5169,5324,24,Required
5170,917,35,Required
5171,917,18,Nice-to-have
5172,917,9,Required
5173,4907,16,Required
5174,4907,17,Required
5175,1189,21,Required
5176,2271,34,Required
5177,2271,24,Preferred
5178,1031,13,Preferred
5179,4866,16,Nice-to-have
5180,4866,17,Nice-to-have
5181,2309,20,Nice-to-have
5182,2465,22,Preferred
5183,2465,25,Preferred
5184,2392,35,Preferred
5185,2392,33,Required
5186,2200,35,Required
5187,2200,33,Preferred
5188,4697,35,Nice-to-have
5189,4697,33,Required
5190,802,34,Preferred
5191,802,24,Nice-to-have
5192,970,13,Nice-to-have
5193,4614,14,Nice-to-have
5194,4614,12,Nice-to-have
5195,4614,25,Nice-to-have
5196,2405,16,Nice-to-have
5197,2405,18,Required
5198,2405,9,Required
5199,2054,14,Nice-to-have
5200,2054,12,Required
5201,2054,25,Preferred
5202,2124,34,Nice-to-have
5203,2124,24,Preferred
5204,2258,32,Nice-to-have
5205,1866,22,Required
5206,1866,25,Nice-to-have
5207,4878,16,Preferred
5208,4878,17,Preferred
5209,896,28,Nice-to-have
5210,2476,19,Required
5211,2476,34,Required
5212,5514,13,Preferred
5213,2179,23,Nice-to-have
5214,973,13,Nice-to-have
5215,2370,22,Nice-to-have
5216,2370,25,Preferred
5217,2450,35,Nice-to-have
5218,2450,33,Preferred
5219,800,34,Nice-to-have
5220,800,24,Nice-to-have
5221,5357,16,Required
5222,5357,17,Nice-to-have
5223,922,32,Nice-to-have
5224,2290,13,Nice-to-have
5225,1225,35,Nice-to-have
5226,1225,33,Nice-to-have
5227,976,13,Nice-to-have
5228,4876,16,Required
5229,4876,17,Preferred
5230,4364,34,Nice-to-have
5231,4364,24,Required
5232,1029,13,Required
5233,1907,26,Preferred
5234,2126,19,Nice-to-have
5235,2126,34,Preferred
5236,2508,21,Preferred
5237,928,13,Preferred
5238,1018,13,Nice-to-have
5239,4769,19,Required
5240,4769,34,Nice-to-have
5241,1586,1,Required
5242,4870,20,Nice-to-have
5243,4638,34,Preferred
5244,4638,24,Required
5245,4761,34,Required
5246,4761,35,Required
5247,1022,22,Preferred
5248,1022,25,Preferred
5249,2017,21,Required
5250,2112,31,Preferred
5251,2414,35,Preferred
5252,2414,33,Preferred
5253,5531,35,Nice-to-have
5254,5531,33,Preferred
5255,4885,25,Required
5256,4799,20,Preferred
5257,2101,20,Required
5258,827,34,Nice-to-have
5259,827,24,Required
5260,4359,35,Nice-to-have
5261,4359,33,Preferred
5262,1003,26,Required
5263,1063,13,Preferred
5264,2435,35,Nice-to-have
5265,2435,33,Nice-to-have
5266,2420,22,Nice-to-have
5267,2420,25,Required
5268,2213,26,Required
5269,4664,22,Required
5270,4664,25,Nice-to-have
5271,945,13,Required
5272,2426,32,Preferred
5273,2492,28,Preferred
5274,2492,34,Nice-to-have
5275,2113,31,Preferred
5276,2035,33,Nice-to-have
5277,1131,28,Required
5278,1131,34,Preferred
5279,4895,16,Nice-to-have
5280,4895,17,Nice-to-have
5281,4868,16,Required
5282,4868,17,Required
5283,4749,20,Preferred
5284,5448,35,Required
5285,5448,33,Preferred
5286,2351,20,Nice-to-have
5287,2351,25,Preferred
5288,2351,35,Preferred
5289,5304,16,Preferred
5290,5304,17,Preferred
5291,4887,16,Preferred
5292,4887,17,Required
5293,1106,25,Nice-to-have
5294,2436,20,Nice-to-have
5295,5541,28,Required
5296,5541,29,Required
5297,5541,30,Required
5298,4889,16,Required
5299,4889,17,Nice-to-have
5300,1336,35,Preferred
5301,1336,33,Nice-to-have
5302,2404,25,Required
5303,4634,20,Required
5304,4199,34,Preferred
5305,4698,34,Preferred
5306,4698,24,Nice-to-have
5307,1102,35,Nice-to-have
5308,1102,33,Preferred
5309,2264,34,Nice-to-have
5310,4453,35,Required
5311,4453,33,Nice-to-have
5312,5317,16,Required
5313,5317,17,Preferred
5314,4837,20,Preferred
5315,4730,19,Nice-to-have
5316,4730,34,Nice-to-have
5317,2283,13,Preferred
5318,1226,35,Nice-to-have
5319,1226,33,Required
5320,1095,25,Preferred
5321,1095,19,Required
5322,1882,35,Required
5323,1882,33,Nice-to-have
5324,2319,32,Preferred
5325,5479,25,Preferred
5326,2049,25,Required
5327,2056,6,Preferred
5328,2056,7,Nice-to-have
5329,4601,35,Required
5330,4601,33,Nice-to-have
5331,4914,16,Preferred
5332,4914,17,Nice-to-have
5333,5441,2,Preferred
5334,5441,1,Preferred
5335,5441,25,Preferred
5336,4913,24,Preferred
5337,4913,34,Nice-to-have
5338,2366,13,Nice-to-have
5339,916,20,Required
5340,2352,35,Required
5341,2352,33,Nice-to-have
5342,4812,19,Preferred
5343,4812,34,Preferred
5344,631,6,Nice-to-have
5345,631,7,Preferred
5346,2498,19,Required
5347,2498,34,Preferred
5348,5507,14,Required
5349,5507,12,Preferred
5350,5507,25,Nice-to-have
5351,794,34,Preferred
5352,794,24,Nice-to-have
5353,1183,35,Nice-to-have
5354,1183,33,Required
5355,4676,20,Preferred
5356,2354,35,Preferred
5357,2354,33,Nice-to-have
5358,4108,7,Nice-to-have
5359,4108,35,Required
5360,4108,17,Nice-to-have
5361,1121,6,Required
5362,1121,7,Required
5363,4633,14,Required
5364,4633,12,Required
5365,4633,25,Nice-to-have
5366,943,13,Preferred
5367,1159,34,Nice-to-have
5368,1159,24,Nice-to-have
5369,807,34,Nice-to-have
5370,807,24,Required
5371,2315,22,Preferred
5372,2315,25,Preferred
5373,2425,35,Nice-to-have
5374,2425,33,Preferred
5375,2484,35,Preferred
5376,2484,33,Preferred
5377,4579,20,Required
5378,1530,28,Nice-to-have
5379,5468,13,Preferred
5380,5303,16,Required
5381,5303,17,Preferred
5382,2501,28,Nice-to-have
5383,2501,34,Preferred
5384,2378,6,Preferred
5385,4891,16,Preferred
5386,4891,17,Nice-to-have
5387,2330,26,Nice-to-have
5388,4557,13,Preferred
5389,4721,22,Required
5390,4721,25,Required
5391,4448,20,Preferred
5392,4857,16,Required
5393,4857,17,Required
5394,5386,27,Nice-to-have
5395,5386,33,Nice-to-have
5396,5386,20,Required
5397,861,34,Nice-to-have
5398,861,24,Preferred
5399,4745,34,Required
5400,4745,24,Required
5401,1046,13,Nice-to-have
5402,743,22,Preferred
5403,743,25,Required
5404,2094,25,Preferred
5405,975,26,Preferred
5406,2424,35,Preferred
5407,2424,33,Required
5408,920,32,Nice-to-have
5409,4758,28,Nice-to-have
5410,4758,34,Required
5411,2483,23,Nice-to-have
5412,2483,27,Nice-to-have
5413,2483,20,Required
5414,4284,34,Nice-to-have
5415,4284,24,Preferred
5416,564,8,Nice-to-have
5417,4815,28,Required
5418,4815,29,Nice-to-have
5419,4815,30,Nice-to-have
5420,1144,26,Nice-to-have
5421,622,6,Required
5422,622,7,Nice-to-have
5423,2280,34,Required
5424,2130,20,Preferred
5425,5475,34,Preferred
5426,5475,24,Nice-to-have
5427,4230,16,Nice-to-have
5428,2220,13,Required
5429,4853,26,Preferred
5430,4853,10,Nice-to-have
5431,4853,12,Required
5432,4625,14,Required
5433,4625,12,Nice-to-have
5434,4625,25,Required
5435,4732,35,Required
5436,4732,33,Nice-to-have
5437,1964,34,Preferred
5438,1964,24,Preferred
5439,4832,13,Preferred
5440,677,28,Nice-to-have
5441,677,29,Nice-to-have
5442,677,30,Nice-to-have
5443,3519,32,Nice-to-have
5444,4880,16,Nice-to-have
5445,4880,17,Required
5446,4696,28,Nice-to-have
5447,4696,34,Nice-to-have
5448,775,34,Nice-to-have
5449,775,24,Preferred
5450,551,20,Required
5451,1057,13,Nice-to-have
5452,2306,25,Required
5453,4402,28,Nice-to-have
5454,4402,29,Required
5455,4402,30,Nice-to-have
5456,5325,16,Nice-to-have
5457,5325,17,Required
5458,758,13,Nice-to-have
5459,2020,21,Required
5460,4667,13,Preferred
5461,4677,13,Required
5462,4921,13,Required
5463,5438,13,Nice-to-have
5464,1128,25,Nice-to-have
5465,4888,16,Required
5466,4888,17,Preferred
5467,4781,20,Required
5468,921,13,Preferred
5469,5370,13,Preferred
5470,5542,19,Required
5471,5542,34,Nice-to-have
5472,4765,20,Preferred
5473,196,31,Preferred
5474,5320,16,Required
5475,5320,17,Preferred
5476,1181,34,Nice-to-have
5477,1181,24,Nice-to-have
5478,1195,13,Preferred
5479,5446,27,Nice-to-have
5480,5446,20,Preferred
5481,4602,34,Required
5482,4602,24,Nice-to-have
5483,837,35,Preferred
5484,837,33,Required
5485,4861,16,Nice-to-have
5486,4861,17,Required
5487,2314,35,Preferred
5488,2314,33,Nice-to-have
5489,4398,16,Required
5490,4398,22,Preferred
5491,2300,22,Preferred
5492,2300,25,Nice-to-have
5493,2284,28,Preferred
5494,2284,34,Nice-to-have
5495,681,20,Nice-to-have
5496,4088,35,Preferred
5497,4088,33,Required
5498,1949,19,Required
5499,1949,34,Preferred
5500,2236,25,Nice-to-have
5501,2487,2,Preferred
5502,2487,1,Required
5503,2487,25,Nice-to-have
5504,2176,35,Preferred
5505,2176,33,Nice-to-have
5506,4292,32,Required
5507,5358,16,Nice-to-have
5508,5358,17,Preferred
5509,1912,13,Preferred
5510,5439,13,Preferred
5511,2193,25,Required
5512,2231,22,Preferred
5513,4826,19,Preferred
5514,4826,34,Preferred
5515,2265,13,Preferred
5516,822,20,Nice-to-have
5517,5500,34,Preferred
5518,5500,24,Preferred
5519,2368,34,Required
5520,2368,24,Nice-to-have
5521,2336,20,Preferred
5522,2335,16,Preferred
5523,2335,20,Nice-to-have
5524,2335,13,Nice-to-have
5525,4682,34,Required
5526,4682,24,Required
5527,4715,20,Preferred
5528,1141,19,Preferred
5529,1141,34,Preferred
5530,4555,2,Nice-to-have
5531,4555,1,Nice-to-have
5532,4555,25,Preferred
5533,2313,13,Preferred
5534,2474,4,Required
5535,2474,28,Required
5536,2489,20,Preferred
5537,1083,28,Nice-to-have
5538,5355,16,Preferred
5539,5355,17,Required
5540,992,26,Nice-to-have
5541,966,13,Required
5542,647,20,Preferred
5543,647,25,Required
5544,647,35,Required
5545,4560,28,Required
5546,4560,29,Preferred
5547,4560,30,Preferred
5548,2013,25,Required
5549,4687,25,Preferred
5550,2015,6,Nice-to-have
5551,2015,7,Required
5552,2345,20,Nice-to-have
5553,4599,35,Preferred
5554,4599,33,Preferred
5555,4222,28,Required
5556,4222,34,Preferred
5557,1104,34,Preferred
5558,5520,25,Nice-to-have
5559,2513,34,Required
5560,2513,24,Nice-to-have
5561,2326,35,Required
5562,4643,35,Preferred
5563,4643,33,Required
5564,2116,31,Preferred
5565,5300,10,Nice-to-have
5566,5300,18,Required
5567,5300,12,Nice-to-have
5568,985,13,Required
5569,989,35,Required
5570,989,33,Required
5571,908,13,Preferred
5572,4911,16,Nice-to-have
5573,4911,17,Nice-to-have
5574,868,24,Required
5575,868,34,Required
5576,4704,19,Preferred
5577,4704,34,Nice-to-have
5578,4543,25,Nice-to-have
5579,2394,8,Required
5580,2394,25,Required
5581,2298,26,Required
5582,2298,13,Preferred
5583,4154,35,Nice-to-have
5584,4154,33,Required
5585,808,35,Preferred
5586,808,33,Required
5587,5559,2,Nice-to-have
5588,5559,1,Required
5589,5559,25,Nice-to-have
5590,679,35,Nice-to-have
5591,679,33,Preferred
5592,2495,19,Nice-to-have
5593,2495,34,Preferred
5594,368,35,Required
5595,368,33,Preferred
5596,5463,13,Nice-to-have
5597,1110,25,Preferred
5598,2334,35,Preferred
5599,2334,33,Required
5600,2357,24,Required
5601,2357,34,Nice-to-have
5602,5412,13,Required
5603,5373,13,Required
5604,2051,25,Required
5605,5318,16,Required
5606,5318,17,Preferred
5607,931,13,Required
5608,2440,13,Preferred
5609,956,13,Required
5610,562,22,Preferred
5611,562,25,Preferred
5612,4716,20,Preferred
5613,2481,25,Preferred
5614,2371,22,Nice-to-have
5615,2371,25,Nice-to-have
5616,2480,34,Required
5617,2480,24,Required
5618,5293,19,Required
5619,5293,34,Preferred
5620,379,31,Required
5621,379,26,Required
5622,4508,20,Preferred
5623,5379,13,Preferred
5624,5342,16,Required
5625,5342,17,Nice-to-have
5626,4720,35,Required
5627,4720,33,Required
5628,2458,28,Required
5629,2458,34,Required
5630,844,20,Required
5631,5353,16,Preferred
5632,5353,17,Required
5633,1155,6,Nice-to-have
5634,1155,7,Preferred
5635,5511,13,Nice-to-have
5636,2104,31,Nice-to-have
5637,2104,19,Nice-to-have
5638,4478,13,Required
5639,4553,20,Required
5640,5486,34,Required
5641,5486,24,Preferred
5642,845,35,Preferred
5643,845,33,Required
5644,1192,35,Preferred
5645,1192,33,Preferred
5646,1988,20,Nice-to-have
5647,4180,34,Nice-to-have
5648,4180,24,Nice-to-have
5649,4663,22,Preferred
5650,4663,25,Preferred
5651,1184,32,Required
5652,1139,20,Required
5653,1139,25,Required
5654,1139,35,Nice-to-have
5655,2464,4,Preferred
5656,2464,28,Required
5657,4428,20,Nice-to-have
5658,2299,13,Required
5659,5348,26,Nice-to-have
5660,1164,35,Preferred
5661,1164,33,Nice-to-have
5662,987,26,Required
5663,2312,35,Preferred
5664,2312,33,Preferred
5665,4742,22,Preferred
5666,4742,25,Required
5667,2363,20,Preferred
5668,2165,35,Preferred
5669,2165,33,Required
5670,2350,35,Nice-to-have
5671,2350,33,Required
5672,2148,8,Nice-to-have
5673,2148,25,Nice-to-have
5674,4420,20,Nice-to-have
5675,1157,20,Nice-to-have
5676,1157,25,Preferred
5677,1157,35,Nice-to-have
5678,1186,13,Preferred
5679,3939,32,Nice-to-have
5680,998,13,Nice-to-have
5681,4707,25,Required
5682,2470,20,Preferred
5683,2470,25,Nice-to-have
5684,2470,35,Required
5685,1006,35,Preferred
5686,1006,33,Nice-to-have
5687,1175,25,Nice-to-have
5688,2396,13,Preferred
5689,4844,19,Nice-to-have
5690,4844,34,Preferred
5691,2242,22,Nice-to-have
5692,2242,25,Nice-to-have
5693,768,20,Preferred
5694,2372,26,Required
5695,2506,24,Nice-to-have
5696,2506,34,Nice-to-have
5697,3970,13,Preferred
5698,5426,13,Nice-to-have
5699,836,25,Preferred
5700,1160,6,Nice-to-have
5701,1160,7,Preferred
5702,3326,24,Nice-to-have
5703,3326,34,Preferred
5704,1987,35,Nice-to-have
5705,1987,33,Required
5706,2031,35,Required
5707,2031,33,Preferred
5708,2115,35,Required
5709,2115,33,Preferred
5710,2329,31,Required
5711,2329,19,Nice-to-have
5712,4382,25,Nice-to-have
5713,1011,21,Nice-to-have
5714,691,35,Preferred
5715,691,33,Preferred
5716,4797,28,Nice-to-have
5717,4797,34,Required
5718,4593,33,Preferred
5719,2092,25,Required
5720,2360,35,Preferred
5721,2360,33,Preferred
5722,2260,26,Nice-to-have
5723,2260,13,Preferred
5724,5331,16,Required
5725,5331,17,Required
5726,1484,21,Required
5727,4690,14,Preferred
5728,4690,12,Required
5729,4690,25,Nice-to-have
5730,4407,34,Nice-to-have
5731,4407,24,Preferred
5732,1193,25,Required
5733,1191,20,Required
5734,799,24,Required
5735,799,34,Required
5736,4618,21,Preferred
5737,2365,34,Nice-to-have
5738,2365,24,Nice-to-have
5739,4608,28,Preferred
5740,4608,34,Nice-to-have
5741,4419,20,Preferred
5742,2207,28,Required
5743,2207,34,Preferred
5744,4859,16,Required
5745,4859,17,Nice-to-have
5746,1124,2,Nice-to-have
5747,1952,35,Nice-to-have
5748,1952,33,Required
5749,2138,35,Preferred
5750,2138,33,Preferred
5751,1107,19,Preferred
5752,1107,31,Preferred
5753,4568,35,Nice-to-have
5754,4568,33,Nice-to-have
5755,5364,35,Preferred
5756,5364,33,Preferred
5757,1154,6,Nice-to-have
5758,1154,7,Required
5759,4391,34,Nice-to-have
5760,4391,24,Nice-to-have
5761,4215,34,Preferred
5762,4215,24,Nice-to-have
5763,2467,32,Nice-to-have
5764,2064,31,Preferred
5765,2178,25,Required
5766,5501,35,Preferred
5767,5501,33,Preferred
5768,1194,13,Nice-to-have
5769,4266,32,Nice-to-have
5770,2410,34,Preferred
5771,2410,17,Required
5772,1729,24,Required
5773,1729,34,Required
5774,5421,34,Preferred
5775,5421,24,Required
5776,953,13,Required
5777,4023,20,Required
5778,2150,20,Nice-to-have
5779,5301,16,Preferred
5780,5301,17,Required
5781,5466,13,Nice-to-have
5782,942,13,Preferred
5783,2446,25,Required
5784,2016,34,Required
5785,2507,28,Required
5786,2507,34,Required
5787,2323,35,Required
5788,2323,33,Required
5789,2455,13,Preferred
5790,2411,34,Required
5791,2411,24,Required
5792,2254,20,Preferred
5793,2254,25,Nice-to-have
5794,2254,35,Preferred
5795,1566,11,Required
5796,4372,19,Preferred
5797,4372,34,Preferred
5798,825,13,Preferred
5799,684,14,Required
5800,684,12,Preferred
5801,684,25,Required
5802,1113,19,Preferred
5803,831,25,Required
5804,1129,26,Required
5805,2154,35,Preferred
5806,2154,33,Required
5807,2328,22,Preferred
5808,2328,25,Nice-to-have
5809,4427,35,Required
5810,4427,33,Required
5811,2158,33,Nice-to-have
5812,1985,22,Required
5813,1985,25,Required
5814,5480,28,Nice-to-have
5815,5480,29,Nice-to-have
5816,5480,30,Required
5817,5455,13,Nice-to-have
5818,2293,13,Nice-to-have
5819,948,35,Preferred
5820,948,33,Preferred
5821,5493,35,Nice-to-have
5822,5493,33,Required
5823,5297,16,Preferred
5824,5297,17,Nice-to-have
5825,335,35,Preferred
5826,335,33,Preferred
5827,4648,22,Required
5828,4648,25,Required
5829,2025,22,Required
5830,2025,25,Preferred
5831,5445,13,Nice-to-have
5832,4101,34,Nice-to-have
5833,4101,24,Required
5834,5414,13,Nice-to-have
5835,369,35,Nice-to-have
5836,369,33,Nice-to-have
5837,745,13,Required
5838,5476,11,Required
5839,5476,26,Required
5840,2398,34,Nice-to-have
5841,2398,17,Required
5842,2133,20,Nice-to-have
5843,2061,20,Required
5844,1995,31,Nice-to-have
5845,1995,19,Required
5846,5508,13,Required
5847,1179,20,Required
5848,4630,35,Required
5849,4630,33,Required
5850,4347,34,Required
5851,4347,24,Preferred
5852,5407,20,Preferred
5853,1061,20,Required
5854,1173,23,Nice-to-have
5855,281,20,Nice-to-have
5856,1127,19,Preferred
5857,1127,34,Nice-to-have
5858,4209,20,Nice-to-have
5859,4841,19,Preferred
5860,4841,34,Preferred
5861,1182,8,Preferred
5862,1182,25,Required
5863,5536,24,Preferred
5864,5536,34,Nice-to-have
5865,4497,34,Required
5866,4497,24,Required
5867,747,20,Preferred
5868,1114,25,Preferred
5869,648,32,Nice-to-have
5870,1796,25,Nice-to-have
5871,4705,20,Required
5872,4621,10,Nice-to-have
5873,253,13,Required
5874,2473,19,Nice-to-have
5875,2473,34,Nice-to-have
5876,2388,34,Preferred
5877,2388,24,Nice-to-have
5878,882,35,Nice-to-have
5879,882,33,Required
5880,1893,19,Preferred
5881,1893,34,Required
5882,2466,2,Required
5883,2466,1,Preferred
5884,2466,25,Preferred
5885,2395,22,Required
5886,2395,25,Preferred
5887,2362,35,Preferred
5888,2362,33,Nice-to-have
5889,5517,13,Preferred
5890,5478,35,Nice-to-have
5891,5478,33,Nice-to-have
5892,698,21,Required
5893,1033,13,Preferred
5894,2356,22,Nice-to-have
5895,2356,25,Nice-to-have
5896,4544,4,Nice-to-have
5897,4544,28,Preferred
5898,5524,24,Required
5899,5524,34,Nice-to-have
5900,4246,19,Preferred
5901,4246,34,Required
5902,1510,25,Nice-to-have
5903,4384,24,Required
5904,4384,34,Preferred
5905,558,35,Required
5906,558,33,Nice-to-have
5907,1163,25,Nice-to-have
5908,1078,13,Preferred
5909,1108,34,Required
5910,1108,24,Required
5911,2369,25,Required
5912,2369,22,Required
5913,2401,20,Nice-to-have
5914,3528,35,Required
5915,3528,33,Preferred
5916,2071,19,Preferred
5917,2071,34,Required
5918,2390,16,Preferred
5919,2390,20,Nice-to-have
5920,2390,13,Preferred
5921,276,20,Required
5922,5335,16,Nice-to-have
5923,5335,17,Nice-to-have
5924,4813,20,Nice-to-have
5925,5496,32,Preferred
5926,4892,16,Preferred
5927,4892,17,Required
5928,1203,35,Preferred
5929,1203,33,Nice-to-have
5930,2344,16,Preferred
5931,2344,20,Nice-to-have
5932,2344,13,Preferred
5933,1757,22,Preferred
5934,1757,25,Nice-to-have
5935,1176,25,Preferred
5936,4319,20,Preferred
5937,4683,28,Required
5938,4683,34,Preferred
5939,5403,13,Nice-to-have
5940,5383,13,Nice-to-have
5941,2096,20,Required
5942,5332,16,Nice-to-have
5943,5332,17,Preferred
5944,2469,20,Preferred
5945,1040,13,Nice-to-have
5946,789,34,Preferred
5947,789,24,Nice-to-have
5948,5388,13,Nice-to-have
5949,1010,27,Nice-to-have
5950,1010,35,Preferred
5951,2091,35,Required
5952,2091,33,Preferred
5953,4719,34,Required
5954,4719,35,Preferred
5955,5495,34,Preferred
5956,5495,24,Preferred
5957,2087,20,Nice-to-have
5958,1150,19,Required
5959,1150,34,Preferred
5960,5516,13,Nice-to-have
5961,2310,15,Required
5962,2310,13,Required
5963,2338,8,Preferred
5964,2338,25,Required
5965,819,20,Preferred
5966,5526,23,Preferred
5967,5526,33,Required
5968,5526,21,Required
5969,1172,34,Preferred
5970,1172,17,Nice-to-have
5971,4451,13,Nice-to-have
5972,5391,13,Required
5973,4370,34,Nice-to-have
5974,4370,24,Nice-to-have
5975,2399,14,Required
5976,2399,20,Required
5977,2399,25,Nice-to-have
5978,2029,20,Required
5979,4403,20,Nice-to-have
5980,2457,34,Preferred
5981,2457,24,Required
5982,2457,25,Nice-to-have
5983,4310,20,Preferred
5984,1199,35,Required
5985,1199,33,Preferred
5986,4788,19,Required
5987,4788,34,Nice-to-have
5988,1098,25,Nice-to-have
5989,2472,2,Nice-to-have
5990,2472,1,Required
5991,2472,25,Nice-to-have
5992,675,35,Nice-to-have
5993,675,33,Preferred
5994,1854,35,Preferred
5995,1854,33,Required
5996,3920,20,Nice-to-have
5997,940,13,Preferred
5998,4484,23,Nice-to-have
5999,1712,20,Preferred
6000,1874,22,Nice-to-have
6001,1874,25,Nice-to-have
6002,4594,16,Nice-to-have
6003,2118,22,Preferred
6004,2185,26,Preferred
6005,841,13,Preferred
6006,2387,4,Nice-to-have
6007,2387,28,Required
6008,490,35,Preferred
6009,490,33,Preferred
6010,780,13,Preferred
6011,1918,35,Nice-to-have
6012,1918,33,Nice-to-have
6013,4731,19,Required
6014,4731,34,Required
6015,2001,13,Preferred
6016,1737,22,Required
6017,1737,25,Preferred
6018,5505,13,Preferred
6019,2286,13,Nice-to-have
6020,2419,34,Required
6021,2419,17,Preferred
6022,4897,35,Required
6023,4897,33,Preferred
6024,2512,2,Required
6025,2512,1,Required
6026,2512,25,Preferred
6027,4855,16,Preferred
6028,4855,17,Required
6029,4063,22,Nice-to-have
6030,4063,25,Preferred
6031,2103,20,Nice-to-have
6032,4786,9,Required
6033,4786,25,Nice-to-have
6034,4786,34,Nice-to-have
6035,5328,16,Required
6036,5328,17,Nice-to-have
6037,1115,19,Preferred
6038,1115,34,Preferred
6039,5444,13,Required
6040,721,10,Required
6041,721,11,Preferred
6042,4842,19,Required
6043,4842,34,Required
6044,821,34,Required
6045,821,24,Preferred
6046,2266,26,Required
6047,2266,13,Preferred
6048,4438,23,Nice-to-have
6049,4324,34,Preferred
6050,4324,24,Nice-to-have
6051,2229,34,Required
6052,2229,24,Nice-to-have
6053,996,13,Preferred
6054,4629,22,Required
6055,4629,25,Nice-to-have
6056,4670,20,Preferred
6057,2302,13,Preferred
6058,5314,16,Preferred
6059,5314,17,Preferred
6060,4525,24,Preferred
6061,4525,34,Nice-to-have
6062,932,13,Preferred
6063,1177,19,Nice-to-have
6064,1177,34,Preferred
6065,4349,13,Required
6066,4882,16,Nice-to-have
6067,4882,17,Nice-to-have
6068,2488,8,Required
6069,2488,25,Nice-to-have
6070,913,20,Required
6071,2209,22,Preferred
6072,2209,25,Required
6073,4817,20,Nice-to-have
6074,2140,20,Required
6075,2514,14,Preferred
6076,2514,12,Preferred
6077,2514,25,Nice-to-have
6078,2499,4,Preferred
6079,2499,28,Preferred
6080,4449,24,Preferred
6081,4449,34,Required
6082,2227,28,Required
6083,2227,34,Required
6084,1146,6,Nice-to-have
6085,1146,7,Preferred
6086,2493,20,Preferred
6087,2493,25,Nice-to-have
6088,2493,35,Required
6089,1899,6,Nice-to-have
6090,1899,7,Preferred
6091,667,35,Required
6092,667,33,Nice-to-have
6093,1888,22,Nice-to-have
6094,1888,25,Nice-to-have
6095,1072,13,Preferred
6096,842,13,Required
6097,4755,28,Nice-to-have
6098,4755,34,Nice-to-have
6099,1037,13,Required
6100,1906,22,Nice-to-have
6101,1906,25,Preferred
6102,531,13,Required
6103,1897,16,Preferred
6104,1897,26,Required
6105,1897,17,Preferred
6106,1039,13,Preferred
6107,1049,13,Required
6108,1090,4,Required
6109,2142,25,Nice-to-have
6110,3417,35,Nice-to-have
6111,3417,33,Required
6112,863,34,Nice-to-have
6113,863,24,Preferred
6114,2460,28,Nice-to-have
6115,2460,34,Required
6116,1983,16,Required
6117,1983,26,Nice-to-have
6118,1983,17,Preferred
6119,4588,28,Nice-to-have
6120,4588,29,Required
6121,4588,30,Nice-to-have
6122,2114,19,Preferred
6123,4858,16,Preferred
6124,4858,17,Preferred
6125,1151,19,Nice-to-have
6126,1151,34,Required
6127,2490,8,Nice-to-have
6128,2490,25,Required
6129,447,35,Required
6130,447,33,Preferred
6131,5462,13,Preferred
6132,4886,31,Preferred
6133,4886,12,Nice-to-have
6134,4886,19,Preferred
6135,2152,31,Required
6136,4714,35,Required
6137,4714,33,Nice-to-have
6138,2147,22,Preferred
6139,2147,25,Required
6140,4611,35,Preferred
6141,4611,33,Preferred
6142,2475,19,Nice-to-have
6143,2475,34,Nice-to-have
6144,2159,35,Preferred
6145,2159,33,Nice-to-have
6146,988,13,Nice-to-have
6147,2433,35,Nice-to-have
6148,2433,33,Preferred
6149,1077,13,Nice-to-have
6150,478,34,Required
6151,478,24,Preferred
6152,1200,13,Preferred
6153,2438,34,Nice-to-have
6154,2438,24,Nice-to-have
6155,875,34,Nice-to-have
6156,875,24,Nice-to-have
6157,2277,34,Nice-to-have
6158,2277,17,Preferred
6159,2502,19,Preferred
6160,2502,34,Required
6161,4335,34,Required
6162,4335,24,Required
6163,2403,35,Nice-to-have
6164,2403,33,Nice-to-have
6165,3933,20,Preferred
6166,2261,26,Nice-to-have
6167,2261,13,Required
6168,2402,13,Nice-to-have
6169,5416,13,Required
6170,4439,22,Nice-to-have
6171,4439,25,Preferred
6172,1763,26,Preferred
6173,5401,13,Nice-to-have
6174,1837,13,Required
6175,954,13,Required
6176,4477,35,Required
6177,4477,33,Preferred
6178,2203,28,Preferred
6179,2203,34,Preferred
6180,1976,9,Preferred
6181,1976,25,Nice-to-have
6182,1976,34,Nice-to-have
6183,2244,34,Required
6184,2244,24,Nice-to-have
6185,4583,14,Nice-to-have
6186,4583,12,Nice-to-have
6187,4583,25,Preferred
6188,5343,16,Required
6189,5343,17,Preferred
6190,483,32,Required
6191,483,26,Nice-to-have
6192,4330,35,Preferred
6193,4330,33,Nice-to-have
6194,4869,16,Preferred
6195,4869,17,Nice-to-have
6196,4768,19,Nice-to-have
6197,4768,34,Nice-to-have
6198,671,26,Required
6199,1873,19,Required
6200,1873,34,Preferred
6201,2009,31,Nice-to-have
6202,2009,19,Required
6203,1012,13,Preferred
6204,1840,13,Preferred
6205,4893,16,Preferred
6206,4893,17,Required
6207,1153,6,Preferred
6208,1153,7,Required
6209,2281,13,Preferred
6210,1054,13,Preferred
6211,651,35,Preferred
6212,651,33,Required
6213,591,21,Nice-to-have
6214,1965,35,Nice-to-have
6215,1965,33,Required
6216,4540,34,Nice-to-have
6217,4540,24,Preferred
6218,832,34,Nice-to-have
6219,832,24,Required
6220,111,31,Required
6221,1081,26,Preferred
6222,2454,28,Preferred
6223,2454,34,Preferred
6224,2256,25,Required
6225,4538,26,Required
6226,2384,22,Required
6227,2384,25,Required
6228,4655,4,Preferred
6229,4655,28,Preferred
6230,669,35,Required
6231,669,33,Nice-to-have
6232,279,13,Required
6233,2241,22,Preferred
6234,2241,25,Preferred
6235,898,35,Preferred
6236,898,33,Nice-to-have
6237,1026,20,Preferred
6238,4828,34,Nice-to-have
6239,4828,24,Preferred
6240,1016,13,Required
6241,1045,13,Nice-to-have
6242,602,31,Required
6243,602,19,Nice-to-have
6244,2289,13,Nice-to-have
6245,4662,25,Preferred
6246,1073,35,Nice-to-have
6247,1073,33,Preferred
6248,1149,19,Required
6249,1149,34,Preferred
6250,2377,13,Preferred
6251,2434,19,Preferred
6252,2434,34,Nice-to-have
6253,5299,34,Preferred
6254,5299,24,Required
6255,1118,34,Required
6256,1118,24,Nice-to-have
6257,4871,16,Required
6258,4871,17,Nice-to-have
6259,1133,20,Nice-to-have
6260,5322,16,Nice-to-have
6261,5322,17,Preferred
6262,5551,28,Required
6263,5551,34,Nice-to-have
6264,930,13,Required
6265,1170,34,Required
6266,1170,24,Nice-to-have
6267,2100,22,Preferred
6268,2100,25,Preferred
6269,4717,34,Nice-to-have
6270,4717,24,Nice-to-have
6271,4908,16,Preferred
6272,4908,17,Preferred
6273,696,28,Preferred
6274,696,34,Required
6275,2246,34,Nice-to-have
6276,2246,24,Preferred
6277,1105,28,Nice-to-have
6278,1105,34,Nice-to-have
6279,4909,16,Required
6280,4909,17,Required
6281,2043,19,Preferred
6282,2043,34,Nice-to-have
6283,859,34,Nice-to-have
6284,859,24,Required
6285,5323,13,Required
6286,1064,13,Preferred
6287,2195,19,Preferred
6288,2195,34,Preferred
6289,1197,13,Preferred
6290,1187,13,Required
6291,4465,23,Preferred
6292,732,19,Preferred
6293,732,34,Nice-to-have
6294,732,17,Preferred
6295,1950,35,Nice-to-have
6296,1950,33,Nice-to-have
6297,5361,8,Nice-to-have
6298,5361,25,Preferred
6299,1015,13,Required
6300,2509,19,Required
6301,2509,34,Required
6302,1066,26,Preferred
6303,2004,19,Nice-to-have
6304,2004,34,Required
6305,2174,24,Nice-to-have
6306,2174,34,Preferred
6307,2375,25,Nice-to-have
6308,2486,14,Preferred
6309,2486,12,Nice-to-have
6310,2486,25,Nice-to-have
6311,1196,35,Nice-to-have
6312,1196,33,Nice-to-have
6313,2393,25,Required
6314,2393,22,Preferred
6315,5436,13,Nice-to-have
6316,5443,6,Nice-to-have
6317,5443,7,Nice-to-have
6318,1358,22,Preferred
6319,1358,25,Required
6320,829,35,Preferred
6321,829,18,Nice-to-have
6322,829,9,Preferred
6323,2451,34,Nice-to-have
6324,2451,24,Nice-to-have
6325,929,13,Required
6326,5425,20,Preferred
6327,2463,19,Preferred
6328,2463,34,Nice-to-have
6329,2248,13,Required
6330,901,35,Required
6331,901,33,Required
6332,2297,20,Nice-to-have
6333,1750,25,Preferred
6334,4417,28,Required
6335,4417,34,Preferred
6336,1174,13,Nice-to-have
6337,706,22,Nice-to-have
6338,706,25,Required
6339,1740,22,Nice-to-have
6340,1740,25,Required
6341,4821,19,Preferred
6342,4821,34,Preferred
6343,995,20,Nice-to-have
6344,2332,13,Preferred
6345,4581,22,Required
6346,4581,25,Preferred
6347,2482,34,Required
6348,2482,24,Required
6349,1940,22,Nice-to-have
6350,1940,25,Nice-to-have
6351,2416,22,Required
6352,2416,25,Preferred
6353,2461,13,Nice-to-have
6354,5375,20,Nice-to-have
6355,5375,25,Preferred
6356,5375,35,Required
6357,2500,20,Required
6358,5532,35,Nice-to-have
6359,5532,33,Preferred
6360,1069,13,Nice-to-have
6361,2168,19,Nice-to-have
6362,2168,34,Nice-to-have
6363,887,35,Required
6364,887,33,Preferred
6365,5319,16,Required
6366,5319,17,Preferred
6367,4321,35,Nice-to-have
6368,4321,33,Preferred
6369,1207,20,Nice-to-have
6370,4628,22,Nice-to-have
6371,4628,25,Nice-to-have
6372,994,13,Nice-to-have
6373,3439,35,Nice-to-have
6374,3439,33,Nice-to-have
6375,1632,35,Nice-to-have
6376,1632,33,Nice-to-have
6377,2212,34,Preferred
6378,939,13,Preferred
6379,1202,35,Required
6380,1202,33,Preferred
6381,2422,35,Nice-to-have
6382,2422,33,Required
6383,5515,13,Required
6384,1212,20,Nice-to-have
6385,4591,22,Required
6386,4591,25,Preferred
6387,4504,20,Required
6388,5477,35,Nice-to-have
6389,5477,20,Preferred
6390,5477,17,Required
6391,4666,20,Required
6392,4091,23,Nice-to-have
6393,2234,25,Required
6394,774,35,Nice-to-have
6395,774,33,Nice-to-have
6396,4776,28,Preferred
6397,4776,34,Required
6398,2494,34,Required
6399,2494,24,Nice-to-have
6400,5350,16,Preferred
6401,5350,17,Nice-to-have
6402,2406,35,Required
6403,2406,33,Nice-to-have
6404,2291,26,Nice-to-have
6405,2291,13,Preferred
6406,1641,22,Preferred
6407,1641,25,Preferred
6408,5411,25,Preferred
6409,592,34,Preferred
6410,592,24,Preferred
6411,1148,19,Required
6412,1148,34,Preferred
6413,4567,35,Required
6414,4567,33,Preferred
6415,813,13,Nice-to-have
6416,1142,34,Nice-to-have
6417,1142,24,Required
6418,258,16,Nice-to-have
6419,1986,35,Required
6420,1986,33,Required
6421,2233,34,Nice-to-have
6422,2233,24,Required
6423,1621,22,Required
6424,1621,25,Nice-to-have
6425,5481,34,Preferred
6426,5481,26,Nice-to-have
6427,5481,22,Nice-to-have
6428,1089,25,Preferred
6429,1204,22,Required
6430,1204,25,Required
6431,4740,35,Required
6432,4740,33,Preferred
6433,1198,19,Preferred
6434,1198,34,Nice-to-have
6435,1047,13,Required
6436,1190,13,Preferred
6437,4278,4,Preferred
6438,4278,28,Preferred
6439,1209,35,Nice-to-have
6440,1209,33,Required
6441,1774,22,Nice-to-have
6442,1774,25,Preferred
6443,2034,35,Preferred
6444,2034,33,Required
6445,2504,19,Nice-to-have
6446,2504,34,Preferred
6447,1136,6,Nice-to-have
6448,1136,7,Nice-to-have
6449,958,24,Preferred
6450,958,34,Preferred
6451,1208,22,Nice-to-have
6452,1208,25,Preferred
6453,5382,13,Preferred
6454,4728,28,Nice-to-have
6455,4728,29,Required
6456,4728,30,Required
6457,1188,25,Required
6458,5310,16,Required
6459,5310,17,Preferred
6460,968,13,Nice-to-have
6461,2190,22,Required
6462,2190,25,Preferred
6463,579,34,Preferred
6464,579,24,Nice-to-have
6465,2322,22,Preferred
6466,2322,25,Nice-to-have
6467,4735,28,Nice-to-have
6468,4735,34,Required
6469,999,13,Nice-to-have
6470,4746,35,Preferred
6471,4746,33,Required
6472,1080,14,Preferred
6473,1080,12,Required
6474,1080,25,Nice-to-have
6475,2187,35,Nice-to-have
6476,2187,33,Nice-to-have
6477,1206,22,Preferred
6478,1206,25,Preferred
6479,2397,35,Required
6480,2397,33,Nice-to-have
6481,4669,23,Required
6482,961,13,Required
6483,2505,20,Required
6484,1743,13,Preferred
6485,4175,25,Nice-to-have
6486,4641,14,Nice-to-have
6487,4641,12,Required
6488,4641,25,Required
6489,4814,13,Nice-to-have
6490,1762,22,Nice-to-have
6491,1762,25,Required
6492,4711,19,Required
6493,4711,34,Required
6494,4743,20,Required
6495,3991,19,Preferred
6496,5519,34,Required
6497,5519,24,Preferred
6498,4920,16,Preferred
6499,4920,17,Nice-to-have
6500,1205,34,Required
6501,2479,20,Nice-to-have
6502,1627,22,Preferred
6503,1627,25,Nice-to-have
6504,1201,23,Preferred
6505,1622,23,Required
6506,1797,22,Required
6507,1797,25,Required
6508,2318,13,Preferred
6509,1210,32,Required
6510,2340,16,Preferred
6511,2340,20,Nice-to-have
6512,2340,13,Preferred
6513,4309,35,Nice-to-have
6514,4309,33,Required
6515,784,13,Preferred
6516,1211,25,Preferred
6517,1623,13,Required
6518,1628,13,Nice-to-have
6519,1666,13,Preferred
6520,1213,13,Required
6521,1654,13,Preferred
6522,1633,20,Nice-to-have
6523,1650,13,Preferred
6524,1667,13,Nice-to-have
6525,1214,25,Preferred
6526,1658,13,Required
6527,1637,13,Preferred
6528,1625,25,Required
6529,1668,13,Nice-to-have
6530,1215,25,Nice-to-have
6531,1634,13,Preferred
6532,1624,13,Preferred
6533,1629,13,Preferred
6534,1669,13,Preferred
6535,1651,25,Required
6536,1656,13,Preferred
6537,1642,13,Nice-to-have
6538,1635,14,Preferred
6539,1635,12,Required
6540,1635,25,Preferred
6541,1626,25,Preferred
6542,1657,13,Required
6543,1638,25,Required
6544,1655,13,Required
6545,1636,13,Nice-to-have
6546,1216,20,Required
6547,5527,25,Nice-to-have
6548,2,26,Preferred
6549,25,20,Nice-to-have
6550,5561,13,Required
6551,2355,20,Nice-to-have
6552,1087,35,Preferred
6553,1087,33,Required
6554,5543,6,Preferred
6555,5543,7,Nice-to-have
6556,5521,13,Preferred
6557,5509,20,Required
6558,1112,19,Preferred
6559,1112,34,Preferred
6560,1093,19,Nice-to-have
6561,1093,34,Required
6562,5565,19,Preferred
6563,5565,34,Required
6564,2511,19,Required
6565,2511,34,Required
6566,2491,24,Nice-to-have
6567,2491,34,Required
6568,5562,27,Required
6569,2515,35,Preferred
6570,2515,33,Nice-to-have
6571,1643,8,Required
6572,5422,34,Preferred
6573,5422,24,Nice-to-have
6574,5563,27,Preferred
6575,5423,34,Required
6576,5423,24,Nice-to-have
6577,5528,22,Required
6578,5528,25,Preferred
6579,5552,27,Nice-to-have
6580,5537,27,Required
6581,5492,34,Required
6582,5492,24,Nice-to-have
6583,5484,34,Preferred
6584,5484,24,Required
6585,1670,35,Required
6586,1670,33,Preferred
6587,1677,31,Required
6588,1677,19,Required
6589,1671,31,Required
6590,2441,20,Preferred
6591,1630,31,Nice-to-have
6592,1630,19,Nice-to-have
6593,1659,31,Nice-to-have
6594,1645,31,Nice-to-have
6595,1645,19,Nice-to-have
6596,1645,8,Nice-to-have
6597,1171,28,Preferred
6598,1171,29,Preferred
6599,1171,30,Nice-to-have
6600,1644,31,Preferred
6601,1165,20,Nice-to-have
6602,1661,31,Preferred
6603,1660,31,Nice-to-have
6604,2452,13,Nice-to-have
6605,1649,8,Nice-to-have
6606,1631,31,Nice-to-have
6607,1647,31,Preferred
6608,1646,31,Required
6609,1672,31,Nice-to-have
6610,1662,31,Preferred
6611,1673,31,Preferred
6612,1673,19,Required
6613,1652,31,Nice-to-have
6614,1663,31,Required
6615,1648,31,Preferred
6616,1653,31,Required
6617,1674,31,Nice-to-have
6618,1674,19,Required
6619,1639,31,Preferred
6620,5538,21,Nice-to-have
6621,5554,28,Required
6622,5554,29,Nice-to-have
6623,5554,30,Preferred
6624,5553,17,Preferred
6625,5566,22,Nice-to-have
6626,5566,25,Nice-to-have
6627,1678,31,Required
6628,2516,31,Required
6629,2516,33,Nice-to-have
6630,1687,31,Nice-to-have
6631,1675,31,Preferred
6632,1664,31,Preferred
6633,1665,31,Preferred
6634,1640,23,Preferred
6635,1688,31,Required
6636,1680,31,Required
6637,1679,31,Nice-to-have
6638,5549,20,Required
6639,5579,20,Required
6640,5546,20,Required
6641,5556,20,Nice-to-have
6642,5602,20,Nice-to-have
6643,5555,20,Required
6644,5568,20,Nice-to-have
6645,5564,20,Preferred
6646,5571,20,Preferred
6647,5604,20,Required
6648,5544,20,Required
6649,5592,20,Nice-to-have
6650,5603,20,Preferred
6651,5594,20,Nice-to-have
6652,5593,20,Preferred
6653,5569,20,Nice-to-have
6654,5605,20,Required
6655,5570,20,Preferred
6656,5557,20,Required
6657,5567,20,Required
6658,5547,20,Preferred
6659,5545,20,Preferred
6660,5572,20,Nice-to-have
6661,5558,20,Nice-to-have
6662,5595,20,Nice-to-have
6663,5548,20,Preferred
6664,2528,22,Nice-to-have
6665,5620,20,Nice-to-have
6666,5620,26,Nice-to-have
6667,1705,19,Preferred
6668,1705,34,Nice-to-have
6669,2525,22,Preferred
6670,2525,25,Required
6671,2525,15,Nice-to-have
6672,1676,11,Nice-to-have
6673,2519,22,Required
6674,1702,31,Required
6675,1702,17,Nice-to-have
6676,1702,33,Nice-to-have
6677,1693,22,Nice-to-have
6678,2518,20,Preferred
6679,5582,31,Nice-to-have
6680,1681,25,Nice-to-have
6681,1681,12,Preferred
6682,1681,19,Required
6683,5580,13,Nice-to-have
6684,2520,22,Preferred
6685,5621,13,Required
6686,5581,11,Nice-to-have
6687,5629,35,Required
6688,5629,33,Preferred
6689,5596,31,Preferred
6690,5615,23,Preferred
6691,1696,19,Preferred
6692,1696,31,Required
6693,1696,12,Nice-to-have
6694,1682,31,Required
6695,1697,31,Preferred
6696,1697,9,Preferred
6697,5583,23,Preferred
6698,5583,5,Preferred
6699,5574,6,Required
6700,5574,7,Nice-to-have
6701,2517,33,Required
6702,2517,20,Preferred
6703,5630,17,Preferred
6704,1689,19,Required
6705,1689,34,Preferred
6706,2536,27,Nice-to-have
6707,5584,19,Required
6708,2521,25,Preferred
6709,2533,20,Required
6710,2530,19,Nice-to-have
6711,2527,27,Required
6712,2534,19,Preferred
6713,2531,19,Preferred
6714,2540,19,Nice-to-have
6715,2524,20,Nice-to-have
6716,2522,19,Nice-to-have
6717,2529,20,Required
6718,2526,19,Preferred
6719,2535,25,Nice-to-have
6720,5585,20,Nice-to-have
6721,5616,20,Nice-to-have
6722,1698,24,Nice-to-have
6723,2523,8,Required
6724,2523,25,Preferred
6725,1683,25,Nice-to-have
6726,1691,17,Preferred
6727,5606,20,Preferred
6728,5634,20,Nice-to-have
6729,5587,20,Required
6730,5623,20,Preferred
6731,5607,20,Required
6732,5575,20,Nice-to-have
6733,5588,20,Preferred
6734,5633,34,Preferred
6735,5633,24,Required
6736,1684,31,Nice-to-have
6737,2537,21,Preferred
6738,5597,25,Required
6739,5617,25,Nice-to-have
6740,5609,25,Preferred
6741,5598,22,Nice-to-have
6742,5598,25,Preferred
6743,5622,22,Preferred
6744,5622,25,Nice-to-have
6745,5610,22,Required
6746,5610,25,Preferred
6747,5632,25,Preferred
6748,5586,22,Nice-to-have
6749,5586,25,Required
6750,5631,14,Required
6751,5631,12,Required
6752,5631,25,Nice-to-have
6753,5599,32,Nice-to-have
6754,1703,26,Nice-to-have
6755,5576,20,Preferred
6756,1694,21,Required
6757,1694,26,Nice-to-have
6758,5578,35,Preferred
6759,5578,33,Nice-to-have
6760,2532,33,Preferred
6761,5600,25,Preferred
6762,5577,27,Nice-to-have
6763,5591,27,Required
6764,5601,27,Required
6765,1707,35,Preferred
6766,5608,27,Required
6767,5589,27,Required
6768,5625,27,Required
6769,5611,35,Required
6770,5611,33,Preferred
6771,5612,34,Preferred
6772,5612,17,Required
6773,5590,35,Nice-to-have
6774,5590,33,Preferred
6775,5624,27,Preferred
6776,1692,21,Preferred
6777,1704,35,Required
6778,1704,33,Required
6779,1695,28,Required
6780,1695,29,Preferred
6781,1695,30,Required
6782,5613,25,Preferred
6783,1699,34,Preferred
6784,2539,34,Preferred
6785,2539,24,Nice-to-have
6786,5573,35,Preferred
6787,5573,33,Nice-to-have
6788,1700,8,Required
6789,5635,19,Required
6790,5635,34,Required
6791,1686,32,Preferred
6792,1686,31,Required
6793,1690,25,Nice-to-have
6794,2538,22,Preferred
6795,2538,25,Preferred
6796,1701,34,Preferred
6797,1706,17,Preferred
6798,1706,34,Required
6799,5627,25,Required
6800,5636,26,Nice-to-have
6801,5628,22,Required
6802,5628,25,Required
6803,5638,22,Preferred
6804,5638,25,Preferred
6805,5614,28,Nice-to-have
6806,5614,29,Preferred
6807,5614,30,Preferred
6808,5626,8,Required
6809,5626,25,Required
6810,5619,2,Preferred
6811,5619,1,Required
6812,5619,25,Nice-to-have
6813,5637,23,Preferred
6814,2579,28,Required
6815,2579,29,Required
6816,2579,30,Preferred
6817,2560,34,Preferred
6818,2560,24,Required
6819,2610,34,Nice-to-have
6820,2610,24,Required
6821,2545,32,Nice-to-have
6822,2602,34,Required
6823,2602,24,Required
6824,2571,20,Nice-to-have
6825,2619,20,Preferred
6826,2612,34,Required
6827,2612,24,Preferred
6828,2549,35,Nice-to-have
6829,2549,33,Required
6830,2544,20,Required
6831,2611,35,Nice-to-have
6832,2611,33,Preferred
6833,2573,34,Required
6834,2573,24,Preferred
6835,2558,20,Required
6836,5882,35,Nice-to-have
6837,5882,33,Nice-to-have
6838,2570,13,Nice-to-have
6839,2586,34,Preferred
6840,2586,24,Required
6841,2553,20,Required
6842,2568,35,Nice-to-have
6843,2568,33,Required
6844,5832,20,Preferred
6845,2543,20,Nice-to-have
6846,2636,13,Preferred
6847,2606,34,Required
6848,2606,24,Preferred
6849,5845,34,Preferred
6850,5845,24,Required
6851,2565,20,Required
6852,2598,35,Required
6853,2598,33,Required
6854,2590,34,Required
6855,2590,24,Preferred
6856,2646,35,Required
6857,2646,33,Preferred
6858,2608,20,Required
6859,5866,5,Nice-to-have
6860,5866,33,Required
6861,5866,4,Nice-to-have
6862,2581,34,Preferred
6863,2581,24,Nice-to-have
6864,2562,34,Required
6865,2562,24,Required
6866,2567,34,Required
6867,2567,24,Nice-to-have
6868,5826,35,Preferred
6869,5826,33,Nice-to-have
6870,2620,13,Preferred
6871,5827,14,Preferred
6872,5827,12,Nice-to-have
6873,5827,25,Required
6874,2599,13,Nice-to-have
6875,2618,20,Nice-to-have
6876,2592,34,Preferred
6877,2592,24,Preferred
6878,2574,20,Required
6879,2575,34,Required
6880,2575,24,Preferred
6881,2597,20,Nice-to-have
6882,2582,34,Preferred
6883,2582,24,Required
6884,5885,14,Preferred
6885,5885,12,Required
6886,5885,25,Required
6887,2632,34,Required
6888,2632,24,Required
6889,2584,34,Required
6890,2584,24,Nice-to-have
6891,2577,20,Required
6892,5842,2,Preferred
6893,5842,1,Nice-to-have
6894,5842,25,Required
6895,2609,35,Required
6896,2609,33,Required
6897,5850,5,Nice-to-have
6898,5850,33,Required
6899,5850,4,Preferred
6900,3628,22,Preferred
6901,2591,20,Nice-to-have
6902,2631,20,Required
6903,2546,13,Required
6904,5864,26,Nice-to-have
6905,5839,14,Preferred
6906,5839,12,Preferred
6907,5839,25,Nice-to-have
6908,2647,20,Nice-to-have
6909,5834,13,Nice-to-have
6910,5843,14,Required
6911,5843,12,Required
6912,5843,25,Required
6913,2589,34,Required
6914,2589,24,Preferred
6915,2634,16,Nice-to-have
6916,2634,35,Preferred
6917,2634,24,Nice-to-have
6918,3551,22,Nice-to-have
6919,5886,26,Required
6920,2552,34,Required
6921,2552,24,Preferred
6922,2623,34,Required
6923,2623,24,Nice-to-have
6924,2556,34,Nice-to-have
6925,2556,24,Nice-to-have
6926,5859,34,Required
6927,5859,24,Nice-to-have
6928,2551,35,Preferred
6929,2551,33,Nice-to-have
6930,5833,25,Nice-to-have
6931,5831,5,Preferred
6932,5831,33,Nice-to-have
6933,5831,4,Preferred
6934,5851,7,Nice-to-have
6935,5851,34,Required
6936,5851,17,Required
6937,2595,32,Preferred
6938,5863,25,Nice-to-have
6939,2585,34,Preferred
6940,2585,24,Preferred
6941,3574,19,Required
6942,3574,34,Required
6943,5846,5,Required
6944,5846,33,Required
6945,5846,4,Nice-to-have
6946,5868,5,Nice-to-have
6947,5868,33,Required
6948,5868,4,Preferred
6949,2563,20,Required
6950,3629,19,Required
6951,3629,34,Preferred
6952,2572,34,Required
6953,2572,24,Nice-to-have
6954,5854,13,Preferred
6955,2587,34,Required
6956,2587,24,Required
6957,5853,8,Nice-to-have
6958,5853,25,Preferred
6959,2561,34,Required
6960,2561,24,Required
6961,2557,20,Preferred
6962,2603,25,Required
6963,5916,22,Preferred
6964,5916,25,Nice-to-have
6965,2594,20,Preferred
6966,5837,19,Required
6967,5837,34,Preferred
6968,5835,13,Required
6969,2559,20,Preferred
6970,2635,34,Nice-to-have
6971,2635,24,Nice-to-have
6972,5848,13,Preferred
6973,3658,22,Nice-to-have
6974,5883,22,Required
6975,5883,25,Nice-to-have
6976,2604,34,Required
6977,2604,24,Required
6978,2622,35,Nice-to-have
6979,2622,33,Nice-to-have
6980,2580,16,Preferred
6981,2580,35,Nice-to-have
6982,2580,24,Nice-to-have
6983,2554,35,Preferred
6984,2554,33,Nice-to-have
6985,2614,34,Preferred
6986,2614,24,Preferred
6987,3576,7,Nice-to-have
6988,3576,35,Required
6989,3576,17,Required
6990,2566,34,Nice-to-have
6991,2566,24,Nice-to-have
6992,3660,19,Required
6993,3660,34,Preferred
6994,2624,8,Preferred
6995,2624,25,Nice-to-have
6996,2615,34,Required
6997,2615,24,Nice-to-have
6998,3573,8,Nice-to-have
6999,3573,25,Preferred
7000,5872,34,Preferred
7001,5872,24,Required
7002,3575,22,Preferred
7003,3575,25,Nice-to-have
7004,5860,34,Preferred
7005,5860,24,Preferred
7006,3589,25,Preferred
7007,5989,34,Nice-to-have
7008,5989,24,Preferred
7009,5838,13,Nice-to-have
7010,5856,13,Nice-to-have
7011,5840,5,Required
7012,5840,33,Nice-to-have
7013,5840,4,Nice-to-have
7014,3583,32,Preferred
7015,2621,34,Required
7016,2621,24,Preferred
7017,2583,34,Nice-to-have
7018,2583,24,Preferred
7019,3550,8,Preferred
7020,3550,25,Required
7021,2541,34,Required
7022,2541,24,Required
7023,3549,35,Nice-to-have
7024,3549,33,Preferred
7025,3634,25,Required
7026,3678,25,Nice-to-have
7027,3586,35,Nice-to-have
7028,3586,33,Nice-to-have
7029,3605,35,Nice-to-have
7030,3605,33,Required
7031,2654,4,Preferred
7032,2654,28,Preferred
7033,5855,35,Nice-to-have
7034,5855,33,Preferred
7035,5932,35,Preferred
7036,5932,33,Nice-to-have
7037,5887,34,Required
7038,5887,24,Required
7039,5865,14,Preferred
7040,5865,12,Required
7041,5865,25,Required
7042,2605,22,Required
7043,2605,25,Required
7044,3610,8,Required
7045,3610,25,Required
7046,3690,35,Nice-to-have
7047,3690,33,Nice-to-have
7048,5917,34,Preferred
7049,5917,24,Preferred
7050,5869,13,Required
7051,5947,34,Required
7052,5947,24,Required
7053,5873,34,Preferred
7054,5873,24,Nice-to-have
7055,3627,27,Preferred
7056,5968,21,Required
7057,3710,25,Required
7058,5862,34,Required
7059,5862,24,Required
7060,5857,5,Required
7061,5857,33,Nice-to-have
7062,5857,4,Required
7063,3572,35,Required
7064,3572,33,Preferred
7065,3748,25,Required
7066,3712,22,Nice-to-have
7067,3712,25,Preferred
7068,3630,34,Preferred
7069,3630,17,Required
7070,3547,22,Nice-to-have
7071,3547,25,Required
7072,3693,34,Nice-to-have
7073,3626,35,Nice-to-have
7074,3626,33,Preferred
7075,5874,24,Required
7076,5874,34,Preferred
7077,3723,19,Preferred
7078,3723,34,Preferred
7079,3706,19,Required
7080,3706,34,Nice-to-have
7081,5966,34,Required
7082,5966,24,Preferred
7083,3708,25,Required
7084,5825,24,Preferred
7085,5825,34,Nice-to-have
7086,3588,25,Preferred
7087,3608,20,Required
7088,3752,34,Required
7089,3752,24,Required
7090,5844,32,Preferred
7091,5992,34,Required
7092,5992,24,Preferred
7093,5955,35,Nice-to-have
7094,5955,33,Required
7095,3613,35,Preferred
7096,3613,33,Preferred
7097,3716,13,Nice-to-have
7098,3594,8,Preferred
7099,3594,25,Nice-to-have
7100,5934,34,Required
7101,5934,24,Nice-to-have
7102,3714,26,Nice-to-have
7103,5852,5,Nice-to-have
7104,5852,33,Required
7105,5852,4,Nice-to-have
7106,5858,5,Preferred
7107,5858,33,Nice-to-have
7108,5858,4,Required
7109,3677,25,Required
7110,3698,22,Nice-to-have
7111,3698,25,Preferred
7112,2649,20,Required
7113,5836,13,Required
7114,3591,22,Nice-to-have
7115,3591,25,Preferred
7116,3540,13,Required
7117,5861,14,Preferred
7118,5861,12,Required
7119,5861,25,Nice-to-have
7120,3601,35,Nice-to-have
7121,3601,33,Required
7122,2638,34,Preferred
7123,2638,24,Required
7124,3751,35,Nice-to-have
7125,3751,33,Preferred
7126,5975,25,Nice-to-have
7127,3665,8,Nice-to-have
7128,3665,25,Preferred
7129,5867,29,Nice-to-have
7130,5867,17,Required
7131,5949,25,Preferred
7132,2564,34,Required
7133,2564,24,Required
7134,5946,34,Required
7135,5946,24,Nice-to-have
7136,2547,34,Required
7137,2547,24,Nice-to-have
7138,5933,13,Required
7139,3603,19,Preferred
7140,3603,34,Nice-to-have
7141,5898,34,Preferred
7142,5898,24,Nice-to-have
7143,5828,24,Preferred
7144,5828,34,Nice-to-have
7145,3721,22,Required
7146,3721,25,Required
7147,2569,34,Nice-to-have
7148,2569,24,Preferred
7149,5849,13,Required
7150,3682,13,Nice-to-have
7151,3579,34,Nice-to-have
7152,3579,17,Required
7153,3647,13,Required
7154,2588,13,Required
7155,3559,24,Preferred
7156,3559,34,Nice-to-have
7157,5997,23,Nice-to-have
7158,3739,22,Preferred
7159,3739,25,Required
7160,3545,35,Required
7161,3545,33,Nice-to-have
7162,3725,35,Preferred
7163,3725,33,Required
7164,5973,13,Nice-to-have
7165,3607,25,Nice-to-have
7166,3617,28,Preferred
7167,3617,34,Nice-to-have
7168,3717,34,Nice-to-have
7169,3717,24,Preferred
7170,3671,25,Nice-to-have
7171,3679,19,Required
7172,3679,34,Preferred
7173,3585,34,Preferred
7174,3585,24,Required
7175,2601,34,Nice-to-have
7176,2601,24,Required
7177,3590,19,Preferred
7178,3590,34,Required
7179,3632,8,Required
7180,3632,25,Required
7181,3543,35,Required
7182,3543,33,Required
7183,3673,13,Nice-to-have
7184,3722,24,Preferred
7185,3722,34,Required
7186,2596,35,Preferred
7187,2596,33,Required
7188,3640,13,Preferred
7189,3637,13,Required
7190,5995,13,Preferred
7191,5903,28,Nice-to-have
7192,5903,34,Preferred
7193,3711,25,Preferred
7194,3727,34,Required
7195,3727,24,Nice-to-have
7196,2686,14,Nice-to-have
7197,2686,12,Preferred
7198,2686,25,Nice-to-have
7199,5888,34,Preferred
7200,5888,24,Required
7201,2626,20,Nice-to-have
7202,3593,22,Required
7203,3593,25,Nice-to-have
7204,3686,26,Required
7205,3541,35,Required
7206,3541,33,Preferred
7207,5954,25,Required
7208,3587,34,Preferred
7209,3587,24,Nice-to-have
7210,5965,34,Nice-to-have
7211,5965,24,Preferred
7212,3602,35,Preferred
7213,3602,33,Nice-to-have
7214,3618,13,Nice-to-have
7215,3620,13,Nice-to-have
7216,5901,22,Required
7217,5901,25,Preferred
7218,3639,13,Preferred
7219,3781,13,Required
7220,3683,13,Preferred
7221,3580,24,Required
7222,3580,34,Nice-to-have
7223,3718,13,Required
7224,6007,20,Preferred
7225,6015,20,Preferred
7226,5974,25,Nice-to-have
7227,3606,19,Preferred
7228,3606,34,Nice-to-have
7229,2593,34,Nice-to-have
7230,2593,24,Nice-to-have
7231,3767,34,Preferred
7232,3767,17,Nice-to-have
7233,6001,35,Preferred
7234,6001,33,Required
7235,5889,20,Preferred
7236,5938,34,Preferred
7237,5938,35,Nice-to-have
7238,5998,25,Preferred
7239,3563,22,Nice-to-have
7240,3563,25,Required
7241,3747,25,Preferred
7242,2701,20,Preferred
7243,3740,22,Preferred
7244,3740,25,Nice-to-have
7245,5962,19,Nice-to-have
7246,5962,34,Nice-to-have
7247,3750,25,Required
7248,3709,22,Required
7249,3709,25,Nice-to-have
7250,3786,6,Preferred
7251,3786,7,Preferred
7252,5937,35,Required
7253,5937,33,Required
7254,5909,35,Preferred
7255,5909,33,Preferred
7256,5935,19,Required
7257,5935,34,Required
7258,3688,19,Nice-to-have
7259,3688,34,Preferred
7260,6002,20,Preferred
7261,5893,35,Required
7262,5893,33,Preferred
7263,5986,20,Required
7264,3769,34,Preferred
7265,3769,17,Nice-to-have
7266,3700,25,Required
7267,2702,21,Nice-to-have
7268,3790,22,Preferred
7269,3790,25,Nice-to-have
7270,3621,13,Preferred
7271,3780,34,Required
7272,3780,24,Nice-to-have
7273,3642,20,Preferred
7274,3789,34,Nice-to-have
7275,3789,17,Nice-to-have
7276,3619,13,Preferred
7277,3548,8,Preferred
7278,3548,25,Nice-to-have
7279,5960,34,Required
7280,5960,24,Required
7281,3806,13,Preferred
7282,3636,34,Nice-to-have
7283,3636,24,Preferred
7284,2653,34,Preferred
7285,2653,24,Preferred
7286,3699,35,Required
7287,3699,33,Required
7288,3562,25,Nice-to-have
7289,2550,34,Preferred
7290,2550,24,Nice-to-have
7291,5884,13,Required
7292,5915,20,Preferred
7293,3556,35,Required
7294,3556,33,Preferred
7295,3791,34,Nice-to-have
7296,3791,24,Preferred
7297,5941,17,Preferred
7298,5971,22,Nice-to-have
7299,5971,25,Required
7300,6011,19,Nice-to-have
7301,6011,34,Preferred
7302,2706,32,Nice-to-have
7303,6064,25,Preferred
7304,6064,22,Preferred
7305,2637,19,Required
7306,2637,34,Nice-to-have
7307,5987,20,Nice-to-have
7308,2720,35,Nice-to-have
7309,2720,33,Required
7310,3612,25,Nice-to-have
7311,6004,28,Nice-to-have
7312,6004,34,Preferred
7313,6019,35,Preferred
7314,6019,33,Preferred
7315,6066,19,Required
7316,6066,34,Nice-to-have
7317,6042,19,Preferred
7318,6042,34,Preferred
7319,3695,35,Required
7320,3695,33,Nice-to-have
7321,5952,35,Nice-to-have
7322,5952,33,Nice-to-have
7323,6051,19,Preferred
7324,6051,34,Required
7325,3553,22,Nice-to-have
7326,3753,13,Preferred
7327,6034,25,Nice-to-have
7328,5983,22,Nice-to-have
7329,5983,25,Required
7330,5931,17,Preferred
7331,6005,22,Required
7332,6005,25,Required
7333,6000,22,Preferred
7334,6000,25,Preferred
7335,3584,20,Nice-to-have
7336,3792,34,Nice-to-have
7337,3792,24,Preferred
7338,6037,28,Required
7339,6037,29,Required
7340,6037,30,Nice-to-have
7341,2733,35,Nice-to-have
7342,2733,33,Nice-to-have
7343,6043,19,Required
7344,6043,34,Required
7345,2679,13,Preferred
7346,3754,13,Nice-to-have
7347,2693,26,Required
7348,2616,34,Nice-to-have
7349,2616,24,Nice-to-have
7350,6065,19,Nice-to-have
7351,6065,34,Required
7352,3666,22,Preferred
7353,3666,25,Nice-to-have
7354,6045,20,Nice-to-have
7355,3557,35,Preferred
7356,3557,33,Preferred
7357,2662,22,Required
7358,2662,25,Required
7359,3704,35,Preferred
7360,5948,22,Nice-to-have
7361,5948,25,Preferred
7362,3703,13,Required
7363,5961,2,Required
7364,5961,1,Required
7365,5961,25,Required
7366,2696,23,Required
7367,5972,20,Preferred
7368,5918,34,Nice-to-have
7369,5918,24,Required
7370,3582,35,Preferred
7371,3582,33,Preferred
7372,5829,5,Required
7373,5829,33,Required
7374,5829,4,Nice-to-have
7375,2555,35,Preferred
7376,2555,33,Preferred
7377,5904,20,Nice-to-have
7378,5904,25,Nice-to-have
7379,5904,35,Preferred
7380,6039,25,Required
7381,6039,22,Required
7382,3701,34,Required
7383,3701,24,Preferred
7384,5841,5,Nice-to-have
7385,5841,33,Nice-to-have
7386,5841,4,Nice-to-have
7387,6052,19,Nice-to-have
7388,6052,34,Nice-to-have
7389,2735,26,Required
7390,3635,35,Required
7391,3635,33,Nice-to-have
7392,6056,20,Nice-to-have
7393,3787,7,Nice-to-have
7394,3787,35,Required
7395,3787,17,Preferred
7396,3570,35,Preferred
7397,3570,33,Required
7398,3726,34,Nice-to-have
7399,3726,24,Nice-to-have
7400,3631,26,Nice-to-have
7401,6024,4,Preferred
7402,6024,28,Preferred
7403,5984,9,Required
7404,5984,25,Required
7405,5984,34,Nice-to-have
7406,6025,19,Preferred
7407,6025,34,Preferred
7408,5980,28,Nice-to-have
7409,5980,34,Nice-to-have
7410,3770,34,Preferred
7411,3770,17,Nice-to-have
7412,6077,25,Nice-to-have
7413,5976,13,Preferred
7414,3667,26,Required
7415,2687,27,Required
7416,2687,35,Nice-to-have
7417,3564,35,Nice-to-have
7418,3564,33,Nice-to-have
7419,5929,25,Required
7420,2677,13,Preferred
7421,3595,25,Preferred
7422,6003,35,Preferred
7423,6003,33,Required
7424,5963,20,Required
7425,2655,13,Preferred
7426,5991,20,Nice-to-have
7427,3592,13,Nice-to-have
7428,6017,17,Preferred
7429,3715,22,Required
7430,3715,25,Preferred
7431,3599,22,Preferred
7432,3597,34,Nice-to-have
7433,3597,24,Required
7434,3681,13,Preferred
7435,6035,35,Preferred
7436,6035,33,Nice-to-have
7437,2628,13,Nice-to-have
7438,5964,20,Preferred
7439,3684,34,Preferred
7440,3684,17,Preferred
7441,3771,28,Preferred
7442,3771,34,Nice-to-have
7443,3705,19,Preferred
7444,3705,34,Nice-to-have
7445,3745,24,Required
7446,3745,34,Required
7447,3604,19,Preferred
7448,3604,34,Nice-to-have
7449,5919,24,Required
7450,5919,34,Nice-to-have
7451,5945,2,Preferred
7452,5945,1,Nice-to-have
7453,5945,25,Nice-to-have
7454,3733,34,Required
7455,3733,24,Required
7456,6074,35,Required
7457,6074,33,Preferred
7458,2617,13,Required
7459,2712,26,Preferred
7460,5926,22,Preferred
7461,5926,25,Preferred
7462,5847,13,Required
7463,6026,19,Nice-to-have
7464,6026,34,Preferred
7465,5921,22,Nice-to-have
7466,5921,25,Nice-to-have
7467,3611,25,Nice-to-have
7468,2660,13,Required
7469,2711,13,Nice-to-have
7470,6060,28,Nice-to-have
7471,6060,29,Nice-to-have
7472,6060,30,Required
7473,5890,22,Preferred
7474,5890,25,Preferred
7475,3696,34,Preferred
7476,3696,17,Required
7477,6020,20,Nice-to-have
7478,2600,8,Preferred
7479,2600,25,Required
7480,5978,13,Required
7481,3816,34,Preferred
7482,3816,24,Nice-to-have
7483,5996,25,Nice-to-have
7484,6072,19,Nice-to-have
7485,6072,34,Nice-to-have
7486,6033,6,Preferred
7487,6033,7,Required
7488,5906,8,Nice-to-have
7489,5906,18,Preferred
7490,5906,22,Required
7491,3650,13,Required
7492,3565,25,Preferred
7493,5830,7,Nice-to-have
7494,5830,34,Required
7495,5830,17,Preferred
7496,3609,25,Required
7497,3646,34,Preferred
7498,3646,17,Preferred
7499,3782,13,Nice-to-have
7500,6010,19,Required
7501,6010,34,Required
7502,5892,26,Required
7503,6078,34,Preferred
7504,6078,24,Nice-to-have
7505,3623,25,Preferred
7506,2749,25,Required
7507,5939,34,Nice-to-have
7508,3649,2,Required
7509,3649,22,Nice-to-have
7510,2548,35,Required
7511,2548,33,Preferred
7512,3736,28,Required
7513,5957,28,Preferred
7514,5957,34,Preferred
7515,6197,16,Required
7516,6197,12,Preferred
7517,6197,17,Preferred
7518,5982,22,Nice-to-have
7519,5982,25,Preferred
7520,3768,34,Nice-to-have
7521,3768,17,Nice-to-have
7522,6109,16,Nice-to-have
7523,6109,17,Nice-to-have
7524,5981,4,Preferred
7525,5981,28,Required
7526,5911,20,Nice-to-have
7527,6092,16,Nice-to-have
7528,6092,17,Nice-to-have
7529,5959,35,Preferred
7530,5959,33,Required
7531,2625,34,Preferred
7532,2625,24,Nice-to-have
7533,2633,34,Required
7534,2633,24,Nice-to-have
7535,2642,2,Preferred
7536,2642,1,Nice-to-have
7537,2642,25,Nice-to-have
7538,6125,5,Preferred
7539,6125,11,Preferred
7540,3737,28,Nice-to-have
7541,3817,34,Preferred
7542,3817,24,Required
7543,3815,34,Nice-to-have
7544,3815,24,Preferred
7545,6202,16,Required
7546,6202,12,Nice-to-have
7547,3774,35,Required
7548,3774,33,Preferred
7549,3644,34,Nice-to-have
7550,3644,17,Required
7551,6155,16,Preferred
7552,6155,17,Nice-to-have
7553,2650,25,Nice-to-have
7554,2650,12,Preferred
7555,2650,20,Required
7556,6069,20,Required
7557,3689,34,Required
7558,5922,32,Preferred
7559,3773,22,Required
7560,3773,25,Preferred
7561,2750,9,Required
7562,2750,25,Nice-to-have
7563,2750,34,Nice-to-have
7564,3569,24,Nice-to-have
7565,3569,34,Nice-to-have
7566,3724,25,Nice-to-have
7567,3552,22,Required
7568,6030,26,Nice-to-have
7569,6075,20,Required
7570,6119,16,Nice-to-have
7571,6119,17,Required
7572,6091,16,Required
7573,6091,17,Nice-to-have
7574,6113,2,Nice-to-have
7575,6113,1,Required
7576,6113,25,Required
7577,6154,31,Nice-to-have
7578,6154,19,Preferred
7579,3719,8,Preferred
7580,3719,25,Nice-to-have
7581,2766,6,Required
7582,2766,7,Nice-to-have
7583,6191,35,Required
7584,6191,33,Nice-to-have
7585,3702,13,Preferred
7586,2627,28,Nice-to-have
7587,2627,29,Preferred
7588,2627,30,Nice-to-have
7589,6241,16,Required
7590,6241,12,Preferred
7591,3772,34,Preferred
7592,3772,24,Preferred
7593,5950,13,Preferred
7594,5994,34,Preferred
7595,5994,24,Nice-to-have
7596,3664,25,Preferred
7597,3654,22,Nice-to-have
7598,3685,34,Required
7599,3685,17,Required
7600,6149,16,Preferred
7601,6149,17,Required
7602,2722,35,Preferred
7603,2722,33,Required
7604,6187,25,Preferred
7605,6144,16,Required
7606,6144,17,Nice-to-have
7607,6211,8,Preferred
7608,6211,25,Required
7609,6145,16,Nice-to-have
7610,6145,17,Required
7611,5970,8,Nice-to-have
7612,5970,25,Required
7613,6194,19,Preferred
7614,6194,34,Nice-to-have
7615,6085,16,Nice-to-have
7616,6085,17,Required
7617,6088,16,Preferred
7618,6088,17,Nice-to-have
7619,3615,13,Nice-to-have
7620,2755,19,Required
7621,2755,34,Required
7622,3670,20,Nice-to-have
7623,5936,13,Nice-to-have
7624,6108,16,Required
7625,6108,17,Preferred
7626,6257,26,Preferred
7627,6139,16,Preferred
7628,6139,17,Preferred
7629,6258,26,Nice-to-have
7630,6157,16,Preferred
7631,6157,17,Preferred
7632,3675,25,Required
7633,3762,26,Nice-to-have
7634,3762,13,Preferred
7635,6063,20,Nice-to-have
7636,6140,16,Nice-to-have
7637,6140,17,Nice-to-have
7638,5940,34,Nice-to-have
7639,5940,24,Required
7640,6160,16,Required
7641,6160,17,Preferred
7642,6089,16,Preferred
7643,6089,17,Nice-to-have
7644,2727,19,Required
7645,2727,34,Required
7646,3655,22,Nice-to-have
7647,3655,25,Nice-to-have
7648,6169,16,Preferred
7649,6169,17,Required
7650,6204,12,Preferred
7651,6009,35,Nice-to-have
7652,6009,33,Required
7653,3735,34,Preferred
7654,6059,19,Nice-to-have
7655,6059,34,Nice-to-have
7656,3794,25,Nice-to-have
7657,3638,13,Preferred
7658,3542,35,Nice-to-have
7659,3542,33,Preferred
7660,5900,25,Preferred
7661,6252,25,Preferred
7662,3855,13,Required
7663,3844,8,Preferred
7664,3844,25,Nice-to-have
7665,6134,16,Required
7666,6134,17,Nice-to-have
7667,6186,25,Preferred
7668,3581,35,Required
7669,3581,33,Preferred
7670,6062,35,Required
7671,6062,33,Nice-to-have
7672,6098,16,Preferred
7673,6098,17,Required
7674,6120,16,Preferred
7675,6120,17,Nice-to-have
7676,2745,27,Nice-to-have
7677,2745,35,Preferred
7678,6256,34,Preferred
7679,6256,24,Required
7680,6023,34,Preferred
7681,6023,24,Preferred
7682,6086,16,Nice-to-have
7683,6086,17,Required
7684,3742,25,Preferred
7685,6205,31,Nice-to-have
7686,6205,19,Required
7687,6027,19,Preferred
7688,6027,34,Nice-to-have
7689,3847,20,Preferred
7690,2783,24,Nice-to-have
7691,3840,26,Preferred
7692,3840,13,Required
7693,6203,34,Required
7694,6203,24,Nice-to-have
7695,6044,19,Preferred
7696,6044,34,Required
7697,3668,35,Required
7698,3668,33,Nice-to-have
7699,6229,25,Required
7700,6229,22,Nice-to-have
7701,6176,16,Nice-to-have
7702,6176,17,Required
7703,6112,20,Nice-to-have
7704,3578,34,Required
7705,3578,17,Nice-to-have
7706,3818,13,Preferred
7707,6103,5,Preferred
7708,6103,11,Nice-to-have
7709,6127,16,Nice-to-have
7710,6127,17,Required
7711,3836,13,Required
7712,2774,27,Preferred
7713,2774,33,Nice-to-have
7714,2774,20,Preferred
7715,5993,34,Required
7716,5993,24,Required
7717,6250,20,Required
7718,3852,22,Required
7719,6217,32,Preferred
7720,2757,34,Nice-to-have
7721,2757,35,Preferred
7722,5956,34,Preferred
7723,5956,35,Nice-to-have
7724,6122,5,Preferred
7725,6122,11,Nice-to-have
7726,6133,16,Required
7727,6133,17,Preferred
7728,5878,22,Required
7729,5878,25,Required
7730,3659,22,Preferred
7731,6093,16,Preferred
7732,6093,17,Nice-to-have
7733,6276,13,Required
7734,3809,26,Nice-to-have
7735,3809,13,Required
7736,6274,13,Preferred
7737,5969,20,Nice-to-have
7738,3842,13,Required
7739,3877,22,Preferred
7740,6183,16,Nice-to-have
7741,6183,17,Required
7742,6163,16,Required
7743,6163,17,Nice-to-have
7744,6253,35,Required
7745,6253,33,Required
7746,6159,16,Nice-to-have
7747,6159,17,Nice-to-have
7748,5899,20,Required
7749,6111,5,Preferred
7750,6111,11,Nice-to-have
7751,2576,22,Nice-to-have
7752,2576,25,Nice-to-have
7753,6181,35,Nice-to-have
7754,6181,33,Required
7755,3831,13,Required
7756,3651,25,Required
7757,3796,25,Nice-to-have
7758,3746,25,Nice-to-have
7759,2779,25,Nice-to-have
7760,6223,21,Preferred
7761,6223,19,Required
7762,6223,31,Preferred
7763,5907,28,Nice-to-have
7764,5907,34,Preferred
7765,6251,34,Nice-to-have
7766,6251,24,Required
7767,6049,20,Preferred
7768,2648,34,Nice-to-have
7769,2648,24,Preferred
7770,3871,22,Preferred
7771,6171,16,Required
7772,6171,17,Required
7773,3652,34,Required
7774,3867,22,Nice-to-have
7775,5928,22,Required
7776,5928,25,Required
7777,6214,34,Preferred
7778,6214,24,Required
7779,2853,25,Required
7780,2863,20,Preferred
7781,2805,19,Nice-to-have
7782,2805,31,Required
7783,6173,16,Required
7784,6173,17,Required
7785,6142,20,Nice-to-have
7786,6132,16,Preferred
7787,6132,17,Nice-to-have
7788,3795,34,Required
7789,3795,24,Required
7790,2784,19,Nice-to-have
7791,2784,34,Preferred
7792,6082,16,Required
7793,6082,17,Required
7794,6363,20,Required
7795,6055,8,Nice-to-have
7796,6055,25,Preferred
7797,6441,13,Required
7798,2697,35,Nice-to-have
7799,2697,33,Nice-to-have
7800,2778,14,Preferred
7801,2778,12,Required
7802,2778,25,Nice-to-have
7803,2719,31,Preferred
7804,2719,19,Nice-to-have
7805,6453,35,Required
7806,6453,17,Required
7807,6358,34,Preferred
7808,6358,24,Required
7809,5891,8,Preferred
7810,5891,25,Nice-to-have
7811,5894,34,Required
7812,5894,24,Preferred
7813,2797,26,Nice-to-have
7814,6322,14,Nice-to-have
7815,6322,12,Nice-to-have
7816,6322,25,Required
7817,2683,26,Required
7818,2838,25,Nice-to-have
7819,5988,25,Required
7820,2744,26,Required
7821,5905,25,Required
7822,6129,16,Required
7823,6129,17,Nice-to-have
7824,2800,25,Preferred
7825,2843,21,Preferred
7826,2792,22,Required
7827,2792,25,Preferred
7828,6018,20,Nice-to-have
7829,2809,35,Nice-to-have
7830,2809,33,Nice-to-have
7831,3870,8,Required
7832,3691,8,Nice-to-have
7833,3691,25,Preferred
7834,6174,16,Nice-to-have
7835,6174,17,Nice-to-have
7836,2834,35,Preferred
7837,2834,33,Preferred
7838,3624,34,Preferred
7839,3833,13,Nice-to-have
7840,6041,16,Preferred
7841,6041,19,Preferred
7842,6041,12,Preferred
7843,6012,19,Required
7844,6012,34,Preferred
7845,3788,34,Nice-to-have
7846,3788,17,Required
7847,3764,7,Nice-to-have
7848,3764,13,Preferred
7849,6189,20,Preferred
7850,3887,11,Preferred
7851,3879,22,Nice-to-have
7852,2739,21,Nice-to-have
7853,5876,26,Required
7854,6110,16,Required
7855,6110,17,Preferred
7856,3805,35,Required
7857,3805,13,Required
7858,6128,16,Required
7859,6128,17,Nice-to-have
7860,2859,25,Preferred
7861,2703,26,Required
7862,6388,35,Nice-to-have
7863,6388,17,Nice-to-have
7864,4962,34,Required
7865,6201,16,Required
7866,6201,12,Nice-to-have
7867,2877,34,Preferred
7868,2877,24,Required
7869,6301,35,Nice-to-have
7870,6301,33,Preferred
7871,6452,2,Preferred
7872,6374,25,Preferred
7873,6440,14,Required
7874,6440,12,Preferred
7875,6440,25,Required
7876,2780,35,Required
7877,2780,33,Nice-to-have
7878,3672,25,Nice-to-have
7879,6429,17,Required
7880,2760,22,Preferred
7881,6444,17,Preferred
7882,6016,20,Nice-to-have
7883,6260,34,Preferred
7884,6260,24,Required
7885,6200,34,Preferred
7886,6200,24,Nice-to-have
7887,2747,25,Nice-to-have
7888,6384,35,Nice-to-have
7889,6384,33,Nice-to-have
7890,6237,25,Nice-to-have
7891,5924,35,Required
7892,5924,33,Preferred
7893,2818,34,Nice-to-have
7894,2818,24,Nice-to-have
7895,3697,34,Required
7896,3697,17,Required
7897,6396,17,Required
7898,3743,35,Required
7899,3743,33,Nice-to-have
7900,6166,16,Preferred
7901,6166,17,Nice-to-have
7902,6208,34,Preferred
7903,6208,24,Required
7904,2659,26,Nice-to-have
7905,6473,35,Preferred
7906,6473,17,Preferred
7907,6312,35,Required
7908,6312,33,Required
7909,3656,28,Preferred
7910,2852,19,Required
7911,2852,34,Nice-to-have
7912,3738,17,Required
7913,3738,31,Required
7914,6054,34,Preferred
7915,6054,24,Preferred
7916,6462,35,Preferred
7917,6462,17,Preferred
7918,6126,35,Preferred
7919,6126,33,Required
7920,2785,19,Preferred
7921,2785,34,Required
7922,3546,26,Nice-to-have
7923,6446,28,Preferred
7924,6446,34,Preferred
7925,4958,2,Nice-to-have
7926,4958,1,Nice-to-have
7927,4958,25,Required
7928,2714,26,Preferred
7929,6265,34,Nice-to-have
7930,6265,24,Required
7931,4932,20,Required
7932,5897,35,Required
7933,5897,33,Nice-to-have
7934,4936,2,Nice-to-have
7935,4936,1,Nice-to-have
7936,4936,25,Required
7937,6114,34,Preferred
7938,2814,25,Nice-to-have
7939,2821,34,Preferred
7940,2821,24,Nice-to-have
7941,6021,19,Required
7942,6021,34,Preferred
7943,6230,12,Required
7944,6230,13,Required
7945,6117,16,Required
7946,6117,17,Required
7947,3568,25,Nice-to-have
7948,6479,17,Nice-to-have
7949,2763,22,Nice-to-have
7950,2763,25,Required
7951,2823,25,Required
7952,3798,28,Nice-to-have
7953,6261,25,Preferred
7954,6353,28,Required
7955,6353,34,Required
7956,2850,19,Preferred
7957,2850,34,Nice-to-have
7958,6355,35,Preferred
7959,6355,33,Nice-to-have
7960,6283,26,Nice-to-have
7961,2746,34,Nice-to-have
7962,2746,24,Preferred
7963,2772,24,Nice-to-have
7964,2772,34,Required
7965,3876,13,Nice-to-have
7966,2798,19,Preferred
7967,2798,34,Required
7968,4930,35,Nice-to-have
7969,4930,33,Preferred
7970,3880,22,Preferred
7971,2790,19,Preferred
7972,2790,31,Nice-to-have
7973,6254,34,Required
7974,6254,24,Nice-to-have
7975,5896,34,Nice-to-have
7976,5896,24,Preferred
7977,6292,34,Required
7978,6292,24,Preferred
7979,2869,24,Required
7980,2869,34,Preferred
7981,4925,35,Required
7982,4925,33,Required
7983,4964,24,Nice-to-have
7984,4964,34,Required
7985,2731,26,Required
7986,6357,20,Required
7987,6161,16,Nice-to-have
7988,6161,17,Required
7989,2663,26,Required
7990,6422,35,Required
7991,6422,17,Preferred
7992,6517,23,Required
7993,6482,17,Nice-to-have
7994,6327,35,Preferred
7995,6327,33,Nice-to-have
7996,6524,6,Required
7997,6524,7,Nice-to-have
7998,6329,19,Preferred
7999,6329,34,Required
8000,2708,26,Nice-to-have
8001,3889,35,Preferred
8002,3889,33,Preferred
8003,6528,13,Required
8004,6365,8,Preferred
8005,6365,9,Required
8006,6365,22,Nice-to-have
8007,6390,35,Required
8008,6390,17,Preferred
8009,3554,27,Required
8010,3571,22,Preferred
8011,3571,25,Preferred
8012,2849,19,Preferred
8013,2849,34,Nice-to-have
8014,6280,35,Preferred
8015,6280,33,Nice-to-have
8016,5979,25,Preferred
8017,6206,6,Required
8018,6206,7,Preferred
8019,6185,16,Preferred
8020,6185,17,Required
8021,2770,26,Required
8022,6221,34,Nice-to-have
8023,6221,24,Required
8024,2678,22,Required
8025,2678,25,Preferred
8026,6226,34,Required
8027,6226,24,Nice-to-have
8028,2664,26,Preferred
8029,5999,20,Required
8030,6509,2,Preferred
8031,6509,1,Nice-to-have
8032,6509,25,Nice-to-have
8033,6496,14,Preferred
8034,6496,12,Required
8035,6496,25,Nice-to-have
8036,2695,26,Preferred
8037,2806,26,Preferred
8038,5914,25,Nice-to-have
8039,6360,35,Required
8040,6360,33,Nice-to-have
8041,3797,28,Nice-to-have
8042,3783,13,Nice-to-have
8043,4972,13,Preferred
8044,6398,17,Preferred
8045,3827,26,Required
8046,3827,13,Required
8047,6350,20,Nice-to-have
8048,6539,10,Required
8049,6539,11,Required
8050,3784,13,Nice-to-have
8051,3885,35,Nice-to-have
8052,3885,33,Nice-to-have
8053,3555,25,Preferred
8054,3633,8,Nice-to-have
8055,3633,25,Nice-to-have
8056,6354,19,Preferred
8057,6354,34,Nice-to-have
8058,6298,34,Required
8059,6298,24,Preferred
8060,6227,34,Required
8061,6227,24,Required
8062,6172,16,Preferred
8063,6172,17,Preferred
8064,3760,13,Preferred
8065,6068,35,Required
8066,6068,33,Preferred
8067,6067,19,Required
8068,6067,34,Preferred
8069,3872,22,Nice-to-have
8070,6275,13,Preferred
8071,4924,20,Nice-to-have
8072,6184,16,Nice-to-have
8073,6184,17,Required
8074,6220,34,Preferred
8075,6220,24,Required
8076,2669,22,Nice-to-have
8077,2669,25,Preferred
8078,6443,13,Required
8079,6324,4,Required
8080,6324,28,Nice-to-have
8081,2705,26,Required
8082,6277,34,Preferred
8083,6277,24,Nice-to-have
8084,3861,22,Preferred
8085,3878,22,Required
8086,6378,35,Preferred
8087,6378,17,Required
8088,6284,16,Preferred
8089,6284,17,Required
8090,6284,20,Nice-to-have
8091,3845,35,Preferred
8092,3845,33,Nice-to-have
8093,6136,16,Required
8094,6136,17,Required
8095,6180,34,Required
8096,6180,24,Required
8097,2857,28,Preferred
8098,2857,34,Preferred
8099,6507,20,Nice-to-have
8100,6156,16,Nice-to-have
8101,6156,17,Required
8102,2830,34,Required
8103,6087,16,Nice-to-have
8104,6087,17,Nice-to-have
8105,6547,22,Nice-to-have
8106,6547,25,Preferred
8107,2629,26,Required
8108,3661,34,Nice-to-have
8109,3661,17,Preferred
8110,6510,22,Nice-to-have
8111,6036,34,Preferred
8112,6036,24,Required
8113,3801,26,Required
8114,3801,13,Required
8115,3843,7,Nice-to-have
8116,3843,13,Nice-to-have
8117,2699,26,Nice-to-have
8118,3819,26,Nice-to-have
8119,3819,13,Required
8120,3837,34,Preferred
8121,3837,24,Nice-to-have
8122,6432,35,Nice-to-have
8123,6432,33,Required
8124,6168,16,Nice-to-have
8125,6168,17,Nice-to-have
8126,2688,26,Preferred
8127,6379,35,Required
8128,6379,17,Required
8129,6527,23,Nice-to-have
8130,3674,35,Required
8131,3674,33,Required
8132,6492,35,Preferred
8133,6492,33,Nice-to-have
8134,6403,25,Nice-to-have
8135,6540,26,Nice-to-have
8136,6305,20,Nice-to-have
8137,6339,20,Nice-to-have
8138,6451,19,Preferred
8139,6451,31,Nice-to-have
8140,6356,25,Preferred
8141,6102,16,Nice-to-have
8142,6102,17,Preferred
8143,6076,35,Nice-to-have
8144,6076,33,Preferred
8145,6471,35,Preferred
8146,6471,17,Required
8147,2698,26,Preferred
8148,2808,26,Required
8149,6448,23,Preferred
8150,3869,35,Nice-to-have
8151,3869,33,Preferred
8152,6178,35,Required
8153,6178,33,Preferred
8154,4950,35,Preferred
8155,4950,33,Preferred
8156,6269,34,Preferred
8157,6269,24,Nice-to-have
8158,3645,34,Required
8159,3645,17,Preferred
8160,6399,13,Nice-to-have
8161,3766,13,Required
8162,2776,26,Nice-to-have
8163,5870,8,Required
8164,5870,25,Nice-to-have
8165,2879,34,Nice-to-have
8166,2879,24,Preferred
8167,5902,22,Preferred
8168,5902,25,Preferred
8169,6478,25,Nice-to-have
8170,6309,35,Preferred
8171,6309,33,Required
8172,2883,19,Preferred
8173,2883,34,Nice-to-have
8174,6306,16,Preferred
8175,6306,17,Nice-to-have
8176,6306,20,Nice-to-have
8177,2692,13,Nice-to-have
8178,6375,35,Required
8179,6375,33,Preferred
8180,3761,26,Preferred
8181,3761,13,Required
8182,6338,31,Nice-to-have
8183,6338,19,Required
8184,6083,16,Required
8185,6083,17,Required
8186,3729,13,Nice-to-have
8187,6405,35,Required
8188,6405,17,Preferred
8189,4945,9,Required
8190,4945,25,Required
8191,4945,34,Required
8192,5942,20,Nice-to-have
8193,2768,19,Required
8194,2768,34,Nice-to-have
8195,2796,24,Nice-to-have
8196,2796,34,Preferred
8197,3669,25,Nice-to-have
8198,4978,35,Required
8199,4978,33,Preferred
8200,6233,34,Preferred
8201,6233,24,Preferred
8202,5990,20,Preferred
8203,6500,24,Preferred
8204,6500,15,Preferred
8205,6500,28,Nice-to-have
8206,6182,19,Preferred
8207,6182,31,Preferred
8208,3732,7,Nice-to-have
8209,3732,35,Preferred
8210,3732,17,Preferred
8211,4976,34,Nice-to-have
8212,4976,24,Preferred
8213,2842,25,Preferred
8214,3648,19,Required
8215,3648,34,Preferred
8216,3866,5,Nice-to-have
8217,3866,11,Preferred
8218,3866,33,Preferred
8219,6460,2,Nice-to-have
8220,2781,19,Nice-to-have
8221,2781,34,Required
8222,6150,16,Required
8223,6150,17,Nice-to-have
8224,4927,35,Preferred
8225,4927,33,Required
8226,2801,13,Nice-to-have
8227,3890,35,Nice-to-have
8228,3890,33,Nice-to-have
8229,6190,20,Required
8230,2651,26,Nice-to-have
8231,2613,34,Preferred
8232,2613,24,Preferred
8233,6538,35,Required
8234,6538,33,Required
8235,6216,23,Preferred
8236,3832,34,Required
8237,3832,24,Nice-to-have
8238,3720,25,Nice-to-have
8239,6310,35,Preferred
8240,6310,33,Required
8241,6522,20,Preferred
8242,6192,22,Required
8243,2717,28,Required
8244,2717,34,Required
8245,2643,26,Nice-to-have
8246,6177,19,Required
8247,6177,34,Nice-to-have
8248,6121,16,Required
8249,6121,17,Required
8250,6032,35,Nice-to-have
8251,6032,33,Preferred
8252,6244,21,Preferred
8253,4973,35,Preferred
8254,4973,33,Nice-to-have
8255,6491,17,Preferred
8256,2764,22,Nice-to-have
8257,2764,25,Preferred
8258,3848,22,Required
8259,6255,34,Required
8260,6255,24,Required
8261,6352,34,Nice-to-have
8262,6352,24,Nice-to-have
8263,3808,26,Preferred
8264,3808,13,Required
8265,5977,22,Preferred
8266,5977,25,Nice-to-have
8267,6395,20,Preferred
8268,4935,34,Required
8269,4935,24,Nice-to-have
8270,6411,20,Required
8271,6158,16,Nice-to-have
8272,6158,17,Nice-to-have
8273,6031,20,Preferred
8274,6503,20,Preferred
8275,6351,19,Nice-to-have
8276,6351,34,Nice-to-have
8277,5881,34,Nice-to-have
8278,5881,24,Preferred
8279,2743,17,Required
8280,6344,8,Preferred
8281,6344,25,Nice-to-have
8282,2724,19,Required
8283,2724,34,Required
8284,6364,20,Nice-to-have
8285,6090,16,Nice-to-have
8286,6090,17,Required
8287,4967,20,Preferred
8288,6196,19,Preferred
8289,6196,34,Nice-to-have
8290,4947,35,Required
8291,4947,33,Required
8292,3785,13,Nice-to-have
8293,6381,35,Required
8294,6381,17,Nice-to-have
8295,6249,34,Preferred
8296,6249,24,Preferred
8297,4949,35,Preferred
8298,4949,33,Preferred
8299,4987,35,Required
8300,4987,33,Nice-to-have
8301,6170,16,Preferred
8302,6170,17,Required
8303,3894,35,Required
8304,3894,33,Preferred
8305,6499,25,Required
8306,2854,25,Required
8307,3713,25,Required
8308,3596,34,Preferred
8309,3596,24,Required
8310,6466,26,Preferred
8311,6071,20,Required
8312,5007,34,Nice-to-have
8313,5007,24,Preferred
8314,2725,26,Preferred
8315,3728,34,Required
8316,3728,24,Nice-to-have
8317,6316,34,Required
8318,6316,28,Required
8319,6316,17,Required
8320,5943,22,Preferred
8321,5943,25,Required
8322,2726,26,Required
8323,3860,22,Preferred
8324,3810,13,Required
8325,6449,2,Preferred
8326,6449,1,Preferred
8327,6449,25,Nice-to-have
8328,4971,2,Required
8329,4971,1,Nice-to-have
8330,4971,25,Preferred
8331,6445,13,Required
8332,3850,35,Preferred
8333,3850,33,Required
8334,5006,34,Nice-to-have
8335,5006,24,Nice-to-have
8336,4946,16,Nice-to-have
8337,4946,35,Required
8338,4946,18,Required
8339,2858,25,Required
8340,6341,20,Preferred
8341,6286,35,Preferred
8342,6286,33,Required
8343,4988,35,Required
8344,4988,33,Required
8345,3680,13,Preferred
8346,2765,19,Preferred
8347,2765,34,Preferred
8348,6458,13,Nice-to-have
8349,3657,35,Required
8350,3657,33,Nice-to-have
8351,6454,20,Required
8352,6454,25,Nice-to-have
8353,6454,35,Nice-to-have
8354,3757,25,Preferred
8355,2667,26,Required
8356,2794,25,Preferred
8357,6287,34,Nice-to-have
8358,6287,24,Nice-to-have
8359,6165,16,Preferred
8360,6165,17,Preferred
8361,6141,16,Required
8362,6141,17,Preferred
8363,3859,22,Nice-to-have
8364,5036,35,Preferred
8365,5036,33,Preferred
8366,2661,26,Required
8367,6137,35,Nice-to-have
8368,6137,33,Nice-to-have
8369,6340,25,Preferred
8370,2670,25,Nice-to-have
8371,6124,16,Nice-to-have
8372,6124,17,Required
8373,3881,15,Nice-to-have
8374,3881,13,Preferred
8375,6235,4,Required
8376,6235,28,Nice-to-have
8377,6459,35,Required
8378,6459,33,Required
8379,2812,25,Preferred
8380,6317,19,Preferred
8381,6317,34,Nice-to-have
8382,6543,24,Preferred
8383,6543,34,Nice-to-have
8384,6397,4,Preferred
8385,6376,35,Nice-to-have
8386,6376,33,Nice-to-have
8387,2682,26,Required
8388,4963,13,Preferred
8389,5011,25,Required
8390,6330,34,Preferred
8391,6330,24,Required
8392,2787,13,Nice-to-have
8393,6097,16,Preferred
8394,6097,17,Required
8395,6572,20,Required
8396,6439,23,Required
8397,5953,34,Nice-to-have
8398,5953,24,Preferred
8399,6512,24,Required
8400,6512,15,Nice-to-have
8401,6512,28,Required
8402,6544,25,Required
8403,6544,22,Nice-to-have
8404,4990,19,Nice-to-have
8405,4990,34,Preferred
8406,2810,34,Required
8407,2810,24,Required
8408,6518,34,Required
8409,6518,24,Required
8410,3560,25,Preferred
8411,6123,16,Preferred
8412,6123,17,Required
8413,5908,35,Preferred
8414,5908,33,Preferred
8415,3616,9,Nice-to-have
8416,3616,25,Nice-to-have
8417,3616,34,Preferred
8418,2832,19,Nice-to-have
8419,2832,31,Nice-to-have
8420,2867,34,Preferred
8421,2867,24,Nice-to-have
8422,6240,14,Preferred
8423,6240,15,Required
8424,6240,9,Preferred
8425,2767,21,Preferred
8426,2680,35,Required
8427,2680,33,Required
8428,2786,25,Nice-to-have
8429,6438,13,Required
8430,6584,24,Nice-to-have
8431,6584,34,Required
8432,3826,13,Required
8433,6164,16,Required
8434,6164,17,Nice-to-have
8435,3558,35,Required
8436,3558,33,Required
8437,6268,34,Preferred
8438,6268,24,Nice-to-have
8439,5018,35,Required
8440,5018,33,Preferred
8441,2793,35,Nice-to-have
8442,2793,33,Nice-to-have
8443,6349,8,Preferred
8444,6349,25,Nice-to-have
8445,6442,13,Required
8446,6224,22,Nice-to-have
8447,2864,19,Preferred
8448,2864,34,Preferred
8449,6555,19,Preferred
8450,6555,34,Preferred
8451,2721,26,Preferred
8452,2866,1,Required
8453,6465,32,Required
8454,6162,16,Nice-to-have
8455,6162,17,Preferred
8456,4952,21,Preferred
8457,2542,34,Nice-to-have
8458,2542,24,Required
8459,6266,34,Nice-to-have
8460,6266,24,Required
8461,6493,21,Preferred
8462,6493,24,Nice-to-have
8463,6493,9,Required
8464,5032,14,Nice-to-have
8465,5032,12,Required
8466,5032,25,Required
8467,6058,19,Required
8468,6058,34,Required
8469,4992,34,Preferred
8470,4992,24,Required
8471,6431,35,Preferred
8472,6431,33,Required
8473,3662,35,Preferred
8474,3662,33,Preferred
8475,6299,35,Nice-to-have
8476,6299,33,Nice-to-have
8477,2895,14,Required
8478,2895,12,Required
8479,2895,25,Required
8480,6564,19,Preferred
8481,6564,34,Preferred
8482,4969,23,Required
8483,3835,13,Required
8484,3694,35,Required
8485,3694,33,Required
8486,6400,25,Preferred
8487,2756,26,Nice-to-have
8488,6554,18,Nice-to-have
8489,6554,25,Required
8490,6505,34,Preferred
8491,6505,18,Required
8492,6505,28,Required
8493,6377,35,Required
8494,6377,17,Required
8495,6490,24,Nice-to-have
8496,6490,26,Nice-to-have
8497,2848,19,Required
8498,2848,34,Nice-to-have
8499,6143,16,Preferred
8500,6143,17,Preferred
8501,6557,26,Required
8502,6464,13,Nice-to-have
8503,6285,35,Preferred
8504,6285,33,Required
8505,6343,25,Preferred
8506,2737,25,Preferred
8507,5022,19,Preferred
8508,5022,34,Preferred
8509,4922,2,Preferred
8510,4922,1,Preferred
8511,4922,25,Required
8512,6563,20,Preferred
8513,5895,35,Preferred
8514,5895,33,Nice-to-have
8515,6406,35,Preferred
8516,6406,17,Required
8517,6347,25,Preferred
8518,5030,35,Nice-to-have
8519,5030,33,Nice-to-have
8520,6369,22,Preferred
8521,6369,25,Nice-to-have
8522,2888,13,Preferred
8523,3814,34,Preferred
8524,3814,24,Preferred
8525,6421,35,Preferred
8526,6421,17,Required
8527,6383,20,Nice-to-have
8528,6383,25,Preferred
8529,6383,35,Nice-to-have
8530,3863,20,Nice-to-have
8531,3863,25,Required
8532,3863,35,Nice-to-have
8533,6477,20,Nice-to-have
8534,6477,25,Preferred
8535,6477,35,Required
8536,2816,34,Nice-to-have
8537,2816,24,Required
8538,2771,26,Nice-to-have
8539,6061,35,Required
8540,6061,33,Required
8541,6242,13,Preferred
8542,6525,34,Required
8543,6525,24,Preferred
8544,2887,32,Nice-to-have
8545,4959,22,Required
8546,4959,25,Nice-to-have
8547,2736,34,Preferred
8548,2736,24,Required
8549,2657,31,Required
8550,2657,19,Nice-to-have
8551,2804,19,Nice-to-have
8552,2804,34,Nice-to-have
8553,5951,13,Preferred
8554,3856,13,Preferred
8555,2890,8,Nice-to-have
8556,2890,25,Required
8557,6209,34,Nice-to-have
8558,6209,24,Preferred
8559,2891,8,Preferred
8560,2891,25,Preferred
8561,5040,20,Preferred
8562,2754,26,Preferred
8563,5029,25,Required
8564,4995,6,Preferred
8565,4995,7,Preferred
8566,2884,19,Required
8567,2884,34,Preferred
8568,5020,34,Preferred
8569,5020,24,Required
8570,2759,20,Required
8571,5027,35,Nice-to-have
8572,5027,33,Required
8573,6516,34,Required
8574,3849,22,Required
8575,5871,34,Required
8576,5871,24,Nice-to-have
8577,5000,19,Preferred
8578,5000,34,Preferred
8579,6520,27,Nice-to-have
8580,6084,16,Nice-to-have
8581,6084,17,Required
8582,6014,6,Nice-to-have
8583,6014,7,Nice-to-have
8584,6359,14,Preferred
8585,6359,12,Preferred
8586,6359,25,Required
8587,4948,8,Required
8588,4948,25,Required
8589,5039,14,Nice-to-have
8590,5039,12,Required
8591,5039,25,Preferred
8592,6385,22,Required
8593,6385,25,Required
8594,2870,19,Preferred
8595,2870,34,Nice-to-have
8596,6501,13,Required
8597,5035,35,Nice-to-have
8598,5035,33,Nice-to-have
8599,6304,25,Preferred
8600,6511,35,Preferred
8601,6511,33,Nice-to-have
8602,6497,17,Nice-to-have
8603,2856,21,Preferred
8604,6545,19,Preferred
8605,6545,34,Nice-to-have
8606,6437,35,Preferred
8607,6437,17,Nice-to-have
8608,2846,19,Preferred
8609,2846,34,Nice-to-have
8610,6578,22,Required
8611,6578,25,Nice-to-have
8612,6426,13,Preferred
8613,3544,35,Preferred
8614,3544,33,Nice-to-have
8615,4994,19,Nice-to-have
8616,4994,34,Nice-to-have
8617,6428,21,Required
8618,6475,35,Nice-to-have
8619,6475,33,Nice-to-have
8620,5001,24,Preferred
8621,5001,34,Required
8622,4938,35,Preferred
8623,4938,33,Preferred
8624,6337,32,Nice-to-have
8625,4934,20,Nice-to-have
8626,5013,35,Required
8627,5013,33,Preferred
8628,6314,35,Nice-to-have
8629,6314,33,Required
8630,6546,14,Preferred
8631,6546,12,Nice-to-have
8632,6546,25,Required
8633,6575,34,Nice-to-have
8634,5985,20,Preferred
8635,6331,25,Nice-to-have
8636,2729,8,Preferred
8637,2729,23,Nice-to-have
8638,2729,35,Preferred
8639,3730,7,Required
8640,3730,35,Required
8641,3730,17,Nice-to-have
8642,4996,35,Nice-to-have
8643,4996,33,Required
8644,6494,35,Required
8645,6494,33,Required
8646,6246,24,Required
8647,6246,18,Required
8648,6246,9,Nice-to-have
8649,4941,34,Preferred
8650,4941,24,Preferred
8651,3567,22,Required
8652,3567,25,Required
8653,5061,35,Nice-to-have
8654,5061,33,Nice-to-have
8655,6486,23,Nice-to-have
8656,5877,22,Required
8657,5877,25,Required
8658,6272,34,Preferred
8659,6272,35,Required
8660,2673,26,Preferred
8661,6152,25,Nice-to-have
8662,3851,22,Nice-to-have
8663,6526,25,Nice-to-have
8664,4939,35,Nice-to-have
8665,4939,33,Preferred
8666,2851,19,Preferred
8667,2851,34,Preferred
8668,4953,26,Nice-to-have
8669,6047,19,Nice-to-have
8670,6047,34,Nice-to-have
8671,6218,13,Nice-to-have
8672,6321,35,Required
8673,6321,33,Preferred
8674,6239,34,Required
8675,6239,24,Preferred
8676,3577,34,Required
8677,3577,17,Preferred
8678,4991,22,Nice-to-have
8679,4991,25,Nice-to-have
8680,6243,19,Nice-to-have
8681,6243,34,Required
8682,3778,13,Required
8683,2639,22,Required
8684,2639,25,Required
8685,5002,22,Required
8686,5002,25,Preferred
8687,6081,16,Required
8688,6081,17,Required
8689,5925,23,Nice-to-have
8690,6536,22,Required
8691,6536,25,Preferred
8692,6424,13,Nice-to-have
8693,2825,35,Nice-to-have
8694,2825,33,Nice-to-have
8695,5050,25,Preferred
8696,4942,13,Preferred
8697,4968,4,Nice-to-have
8698,4968,28,Preferred
8699,2684,8,Nice-to-have
8700,2684,25,Preferred
8701,6570,34,Required
8702,6332,22,Nice-to-have
8703,6332,25,Preferred
8704,2716,26,Nice-to-have
8705,6579,13,Nice-to-have
8706,6537,20,Required
8707,5042,34,Required
8708,5042,24,Required
8709,6311,8,Preferred
8710,6311,25,Nice-to-have
8711,2752,22,Preferred
8712,3566,35,Nice-to-have
8713,3566,33,Required
8714,6320,19,Preferred
8715,6320,34,Nice-to-have
8716,6348,31,Preferred
8717,3758,28,Required
8718,6530,35,Nice-to-have
8719,6530,33,Preferred
8720,3823,13,Required
8721,2829,14,Preferred
8722,2829,12,Nice-to-have
8723,2829,25,Nice-to-have
8724,5051,25,Required
8725,2715,26,Required
8726,2741,26,Preferred
8727,4957,19,Required
8728,4957,34,Nice-to-have
8729,2740,26,Preferred
8730,2672,26,Preferred
8731,2826,35,Preferred
8732,2826,33,Required
8733,4979,20,Nice-to-have
8734,2889,34,Required
8735,2889,24,Required
8736,6529,13,Nice-to-have
8737,3874,16,Nice-to-have
8738,3874,19,Preferred
8739,3874,31,Required
8740,5052,35,Nice-to-have
8741,5052,33,Required
8742,6213,13,Preferred
8743,3744,25,Required
8744,5875,20,Required
8745,4954,34,Required
8746,3829,13,Required
8747,6325,20,Nice-to-have
8748,4981,19,Required
8749,4981,34,Required
8750,6489,25,Required
8751,2831,25,Nice-to-have
8752,2855,25,Nice-to-have
8753,2813,20,Preferred
8754,6467,34,Nice-to-have
8755,6467,24,Nice-to-have
8756,3825,25,Nice-to-have
8757,2878,19,Nice-to-have
8758,2878,34,Nice-to-have
8759,2892,25,Nice-to-have
8760,2892,22,Nice-to-have
8761,3663,19,Preferred
8762,3663,34,Nice-to-have
8763,6291,20,Nice-to-have
8764,6291,33,Nice-to-have
8765,6291,22,Required
8766,6232,25,Preferred
8767,6370,35,Required
8768,6370,33,Nice-to-have
8769,3868,35,Nice-to-have
8770,3868,33,Nice-to-have
8771,3749,13,Preferred
8772,6215,2,Nice-to-have
8773,6215,1,Required
8774,6215,25,Required
8775,5958,34,Required
8776,5958,24,Required
8777,5024,35,Required
8778,5024,33,Nice-to-have
8779,6456,20,Preferred
8780,6410,13,Preferred
8781,6079,34,Required
8782,6079,24,Preferred
8783,6029,19,Nice-to-have
8784,6029,34,Nice-to-have
8785,6212,35,Preferred
8786,6212,33,Nice-to-have
8787,6412,17,Preferred
8788,2882,23,Required
8789,2882,25,Required
8790,5045,34,Preferred
8791,5045,24,Preferred
8792,2730,25,Nice-to-have
8793,6231,34,Nice-to-have
8794,6231,24,Nice-to-have
8795,2641,26,Required
8796,5023,19,Nice-to-have
8797,5023,34,Preferred
8798,2886,32,Required
8799,6013,19,Required
8800,6013,34,Nice-to-have
8801,5048,34,Required
8802,5048,24,Nice-to-have
8803,6488,26,Required
8804,3793,19,Required
8805,3793,34,Nice-to-have
8806,5046,34,Preferred
8807,5046,24,Preferred
8808,2773,26,Required
8809,6247,34,Required
8810,6247,24,Nice-to-have
8811,6290,35,Nice-to-have
8812,6290,33,Nice-to-have
8813,6495,22,Required
8814,6495,25,Required
8815,3802,13,Required
8816,6425,13,Preferred
8817,6153,24,Nice-to-have
8818,6153,34,Required
8819,2658,26,Preferred
8820,6394,13,Preferred
8821,6219,13,Preferred
8822,2681,26,Preferred
8823,6592,20,Nice-to-have
8824,3846,20,Nice-to-have
8825,2734,26,Preferred
8826,4986,35,Required
8827,4986,33,Nice-to-have
8828,6361,34,Nice-to-have
8829,6361,24,Required
8830,4929,22,Nice-to-have
8831,4929,25,Nice-to-have
8832,5079,34,Preferred
8833,5079,35,Required
8834,3625,19,Nice-to-have
8835,3625,34,Required
8836,2689,26,Nice-to-have
8837,5086,35,Required
8838,5086,33,Preferred
8839,6571,34,Required
8840,6532,23,Required
8841,3643,34,Preferred
8842,3643,17,Required
8843,4926,35,Preferred
8844,4926,33,Required
8845,4998,35,Required
8846,4998,33,Preferred
8847,5009,35,Nice-to-have
8848,5009,33,Nice-to-have
8849,6476,14,Required
8850,6476,12,Preferred
8851,6476,25,Required
8852,6594,35,Preferred
8853,6594,33,Nice-to-have
8854,3779,13,Preferred
8855,6095,16,Preferred
8856,6095,17,Required
8857,6282,34,Preferred
8858,6282,24,Preferred
8859,5053,2,Preferred
8860,5053,1,Required
8861,5053,25,Preferred
8862,6585,35,Preferred
8863,6585,33,Required
8864,4989,35,Required
8865,4989,33,Required
8866,6598,35,Required
8867,6598,33,Preferred
8868,3884,35,Required
8869,3884,33,Preferred
8870,4999,35,Required
8871,4999,33,Required
8872,6188,34,Required
8873,6188,24,Nice-to-have
8874,5038,35,Nice-to-have
8875,5038,33,Nice-to-have
8876,6094,16,Nice-to-have
8877,6094,17,Nice-to-have
8878,6371,35,Nice-to-have
8879,6371,33,Preferred
8880,4980,24,Preferred
8881,4980,34,Nice-to-have
8882,6367,22,Required
8883,6367,25,Nice-to-have
8884,4961,20,Nice-to-have
8885,3822,13,Preferred
8886,6450,35,Nice-to-have
8887,6450,33,Nice-to-have
8888,4965,35,Required
8889,4965,33,Required
8890,3886,35,Required
8891,3886,33,Nice-to-have
8892,2893,25,Preferred
8893,3830,13,Required
8894,2839,21,Preferred
8895,2718,25,Required
8896,2847,19,Preferred
8897,2847,34,Nice-to-have
8898,2868,25,Preferred
8899,6295,34,Preferred
8900,6295,24,Preferred
8901,6295,16,Nice-to-have
8902,2897,34,Preferred
8903,2897,19,Preferred
8904,2897,17,Required
8905,2828,25,Nice-to-have
8906,3888,35,Required
8907,3888,33,Preferred
8908,2674,26,Nice-to-have
8909,6389,35,Nice-to-have
8910,6389,17,Required
8911,2791,24,Nice-to-have
8912,2791,34,Preferred
8913,6392,14,Nice-to-have
8914,6392,12,Required
8915,6392,25,Required
8916,6368,22,Preferred
8917,6368,25,Required
8918,6523,13,Nice-to-have
8919,3622,7,Preferred
8920,3622,35,Required
8921,3622,17,Nice-to-have
8922,6080,20,Required
8923,3834,25,Nice-to-have
8924,3834,13,Required
8925,2777,20,Required
8926,5012,25,Nice-to-have
8927,6541,13,Preferred
8928,3641,6,Preferred
8929,3641,7,Required
8930,6297,35,Preferred
8931,6297,33,Required
8932,2742,34,Preferred
8933,2742,35,Preferred
8934,4993,35,Required
8935,4993,33,Preferred
8936,5017,6,Nice-to-have
8937,5017,7,Required
8938,6576,22,Required
8939,6576,25,Required
8940,2803,19,Preferred
8941,2803,34,Nice-to-have
8942,6498,8,Nice-to-have
8943,6498,25,Preferred
8944,6105,16,Nice-to-have
8945,6105,17,Preferred
8946,6138,35,Preferred
8947,6138,33,Preferred
8948,6550,35,Nice-to-have
8949,6550,33,Nice-to-have
8950,3865,22,Required
8951,2728,26,Required
8952,6558,18,Preferred
8953,6558,25,Nice-to-have
8954,3799,20,Preferred
8955,3687,34,Required
8956,3687,24,Required
8957,6267,34,Required
8958,6267,24,Nice-to-have
8959,6333,22,Preferred
8960,6333,25,Nice-to-have
8961,2723,26,Preferred
8962,5026,25,Required
8963,6423,34,Required
8964,6423,24,Nice-to-have
8965,5923,33,Nice-to-have
8966,6393,13,Nice-to-have
8967,5087,2,Preferred
8968,5087,1,Nice-to-have
8969,5087,25,Required
8970,6436,35,Preferred
8971,6436,17,Preferred
8972,3561,13,Required
8973,6474,35,Preferred
8974,6474,33,Nice-to-have
8975,3800,13,Preferred
8976,3883,27,Preferred
8977,3883,5,Required
8978,3883,17,Preferred
8979,6281,35,Preferred
8980,6281,33,Required
8981,2691,26,Preferred
8982,6334,20,Required
8983,6535,35,Required
8984,6535,33,Preferred
8985,3873,22,Required
8986,6234,34,Preferred
8987,6234,24,Required
8988,6593,35,Required
8989,6593,33,Nice-to-have
8990,6506,22,Preferred
8991,5064,35,Required
8992,5064,33,Preferred
8993,3707,35,Nice-to-have
8994,3707,33,Required
8995,3614,35,Nice-to-have
8996,3614,33,Required
8997,6057,19,Preferred
8998,6057,34,Nice-to-have
8999,4960,22,Preferred
9000,4960,25,Preferred
9001,2819,34,Preferred
9002,5033,35,Preferred
9003,5033,33,Nice-to-have
9004,6096,16,Nice-to-have
9005,6096,17,Preferred
9006,2704,26,Nice-to-have
9007,5074,20,Required
9008,4928,19,Required
9009,4928,34,Nice-to-have
9010,2795,26,Required
9011,6008,20,Nice-to-have
9012,6455,17,Preferred
9013,6566,34,Required
9014,6560,26,Nice-to-have
9015,3838,26,Preferred
9016,3838,13,Nice-to-have
9017,3854,35,Preferred
9018,3854,33,Nice-to-have
9019,3756,34,Required
9020,3756,24,Required
9021,5016,20,Nice-to-have
9022,6470,35,Nice-to-have
9023,6470,17,Nice-to-have
9024,6288,35,Preferred
9025,6288,33,Preferred
9026,3598,33,Nice-to-have
9027,6562,24,Required
9028,6562,34,Required
9029,2840,34,Preferred
9030,5078,28,Nice-to-have
9031,3600,35,Required
9032,3600,33,Nice-to-have
9033,2630,26,Preferred
9034,6408,25,Required
9035,6596,35,Required
9036,6596,33,Nice-to-have
9037,2802,25,Preferred
9038,5070,35,Required
9039,5070,33,Required
9040,2894,19,Preferred
9041,6199,35,Required
9042,6199,33,Preferred
9043,3807,17,Preferred
9044,3807,31,Required
9045,6589,13,Preferred
9046,3892,35,Preferred
9047,3892,33,Preferred
9048,5010,19,Preferred
9049,5010,34,Nice-to-have
9050,6552,35,Nice-to-have
9051,6552,33,Nice-to-have
9052,4923,35,Required
9053,4923,33,Preferred
9054,2822,34,Preferred
9055,6595,35,Required
9056,6595,33,Nice-to-have
9057,6323,35,Preferred
9058,6323,33,Preferred
9059,6551,26,Preferred
9060,6387,35,Nice-to-have
9061,6387,17,Preferred
9062,4984,35,Required
9063,4984,33,Preferred
9064,5037,35,Nice-to-have
9065,5037,33,Preferred
9066,2676,35,Nice-to-have
9067,2676,33,Preferred
9068,3858,20,Required
9069,3858,25,Preferred
9070,3858,35,Preferred
9071,6300,35,Required
9072,6300,33,Required
9073,6225,34,Preferred
9074,6225,24,Preferred
9075,3741,25,Nice-to-have
9076,2690,26,Nice-to-have
9077,6271,20,Required
9078,5967,20,Preferred
9079,6565,35,Preferred
9080,6565,33,Preferred
9081,6461,2,Nice-to-have
9082,5090,20,Required
9083,2656,26,Preferred
9084,5014,22,Nice-to-have
9085,5014,25,Nice-to-have
9086,5879,22,Nice-to-have
9087,5879,25,Nice-to-have
9088,2885,34,Preferred
9089,2885,24,Preferred
9090,5082,20,Required
9091,3828,35,Preferred
9092,3828,13,Nice-to-have
9093,5880,22,Nice-to-have
9094,5880,25,Preferred
9095,6028,19,Preferred
9096,6028,34,Nice-to-have
9097,6248,34,Nice-to-have
9098,6248,24,Required
9099,5069,23,Nice-to-have
9100,6404,19,Nice-to-have
9101,6404,31,Required
9102,5930,20,Preferred
9103,5063,22,Nice-to-have
9104,5063,25,Required
9105,5913,22,Nice-to-have
9106,5913,25,Nice-to-have
9107,6548,34,Preferred
9108,6548,24,Nice-to-have
9109,6279,16,Nice-to-have
9110,6279,17,Required
9111,6279,20,Nice-to-have
9112,5028,20,Preferred
9113,6604,35,Preferred
9114,6604,33,Preferred
9115,2881,31,Preferred
9116,2881,19,Preferred
9117,5080,14,Required
9118,5080,12,Required
9119,5080,25,Preferred
9120,5920,13,Preferred
9121,6373,22,Required
9122,6373,25,Required
9123,3777,13,Nice-to-have
9124,6590,13,Required
9125,6427,17,Required
9126,5091,34,Nice-to-have
9127,5091,24,Nice-to-have
9128,5066,34,Required
9129,5066,24,Required
9130,6115,16,Nice-to-have
9131,6115,17,Nice-to-have
9132,6415,20,Nice-to-have
9133,6131,16,Preferred
9134,6131,17,Nice-to-have
9135,5049,34,Preferred
9136,5049,24,Preferred
9137,2758,20,Nice-to-have
9138,6549,13,Preferred
9139,2875,34,Preferred
9140,2875,24,Nice-to-have
9141,2824,19,Required
9142,2824,31,Nice-to-have
9143,2675,22,Nice-to-have
9144,2675,25,Preferred
9145,6480,17,Preferred
9146,2652,20,Preferred
9147,3839,25,Nice-to-have
9148,3839,13,Nice-to-have
9149,2862,2,Preferred
9150,2862,1,Nice-to-have
9151,2862,25,Nice-to-have
9152,6553,35,Nice-to-have
9153,6553,33,Preferred
9154,3765,34,Required
9155,3765,24,Preferred
9156,2820,19,Required
9157,2820,31,Required
9158,5058,22,Required
9159,5058,25,Required
9160,6147,16,Required
9161,6147,17,Preferred
9162,6613,35,Required
9163,6613,33,Nice-to-have
9164,6345,35,Preferred
9165,6345,33,Required
9166,6382,13,Nice-to-have
9167,3841,32,Required
9168,3841,13,Nice-to-have
9169,6591,20,Preferred
9170,6568,14,Nice-to-have
9171,6568,12,Preferred
9172,6568,25,Required
9173,4937,34,Preferred
9174,6407,13,Preferred
9175,6419,8,Required
9176,6419,25,Nice-to-have
9177,6099,16,Preferred
9178,6099,17,Nice-to-have
9179,3875,35,Required
9180,3875,33,Nice-to-have
9181,4966,13,Nice-to-have
9182,5065,34,Nice-to-have
9183,5065,35,Preferred
9184,3804,13,Required
9185,2607,10,Required
9186,2607,11,Required
9187,6602,35,Required
9188,6602,33,Required
9189,2710,35,Preferred
9190,2710,33,Preferred
9191,5025,25,Preferred
9192,3803,13,Nice-to-have
9193,6587,20,Required
9194,5089,20,Required
9195,6483,17,Required
9196,6273,23,Required
9197,2811,19,Preferred
9198,2811,34,Nice-to-have
9199,4933,26,Required
9200,6236,13,Preferred
9201,2709,26,Nice-to-have
9202,5043,34,Nice-to-have
9203,5043,24,Nice-to-have
9204,2860,19,Required
9205,2860,34,Required
9206,5031,34,Required
9207,5031,24,Nice-to-have
9208,6326,19,Required
9209,6326,34,Nice-to-have
9210,2817,34,Required
9211,2817,24,Required
9212,5073,35,Preferred
9213,5073,33,Required
9214,6135,16,Nice-to-have
9215,6135,17,Required
9216,6303,35,Nice-to-have
9217,6303,33,Preferred
9218,5060,20,Required
9219,2788,25,Required
9220,5015,20,Required
9221,5015,25,Required
9222,5015,35,Required
9223,6573,32,Preferred
9224,2748,26,Required
9225,4943,20,Nice-to-have
9226,6469,4,Preferred
9227,6469,28,Preferred
9228,6430,17,Preferred
9229,6302,35,Required
9230,6302,33,Nice-to-have
9231,2874,20,Preferred
9232,6294,35,Preferred
9233,6294,33,Preferred
9234,3812,26,Required
9235,3812,13,Nice-to-have
9236,6457,20,Preferred
9237,3862,5,Nice-to-have
9238,3862,11,Required
9239,3862,33,Required
9240,6336,35,Nice-to-have
9241,6336,33,Required
9242,6484,17,Required
9243,5081,4,Required
9244,5081,28,Preferred
9245,2751,20,Nice-to-have
9246,3759,19,Required
9247,3759,12,Preferred
9248,3759,31,Required
9249,6328,20,Required
9250,5008,19,Preferred
9251,5008,34,Required
9252,6195,21,Preferred
9253,6534,34,Preferred
9254,6534,24,Nice-to-have
9255,6100,16,Nice-to-have
9256,6100,17,Nice-to-have
9257,6104,16,Preferred
9258,6104,17,Preferred
9259,2836,35,Nice-to-have
9260,2836,33,Required
9261,2789,19,Nice-to-have
9262,2789,31,Nice-to-have
9263,6210,34,Required
9264,6210,24,Required
9265,6372,34,Required
9266,6372,24,Nice-to-have
9267,6293,24,Nice-to-have
9268,6293,18,Nice-to-have
9269,6293,9,Nice-to-have
9270,5034,34,Preferred
9271,5034,24,Preferred
9272,6468,17,Required
9273,6502,28,Nice-to-have
9274,6502,34,Preferred
9275,2761,21,Required
9276,6022,34,Required
9277,6022,24,Required
9278,2837,34,Nice-to-have
9279,4940,28,Required
9280,4940,34,Required
9281,6307,35,Required
9282,6307,33,Nice-to-have
9283,4955,25,Preferred
9284,2738,19,Preferred
9285,2738,34,Required
9286,2668,26,Required
9287,6612,22,Nice-to-have
9288,6612,25,Nice-to-have
9289,6413,19,Nice-to-have
9290,6413,31,Preferred
9291,5055,34,Required
9292,6542,25,Required
9293,6050,28,Required
9294,6050,34,Preferred
9295,3692,35,Preferred
9296,3692,33,Preferred
9297,6070,34,Required
9298,6070,24,Preferred
9299,3653,31,Preferred
9300,3653,19,Preferred
9301,6362,22,Required
9302,6362,25,Nice-to-have
9303,3755,6,Required
9304,3755,7,Required
9305,6308,35,Required
9306,6308,33,Preferred
9307,6599,35,Preferred
9308,6599,33,Preferred
9309,2807,26,Preferred
9310,2873,19,Nice-to-have
9311,2873,34,Preferred
9312,6521,14,Preferred
9313,6521,12,Preferred
9314,6521,25,Nice-to-have
9315,6414,34,Required
9316,6414,24,Preferred
9317,3775,35,Required
9318,3775,33,Required
9319,6418,8,Preferred
9320,6418,25,Nice-to-have
9321,3864,22,Nice-to-have
9322,6264,34,Required
9323,6264,24,Nice-to-have
9324,6614,35,Nice-to-have
9325,6614,33,Nice-to-have
9326,6048,19,Preferred
9327,6048,34,Required
9328,3763,13,Preferred
9329,6608,24,Required
9330,6608,34,Preferred
9331,5072,23,Preferred
9332,6559,19,Required
9333,6559,34,Preferred
9334,2861,31,Required
9335,2861,19,Preferred
9336,6335,20,Preferred
9337,6435,35,Required
9338,6435,17,Required
9339,6615,34,Preferred
9340,6106,16,Preferred
9341,6106,17,Required
9342,5910,25,Required
9343,2872,19,Required
9344,2872,34,Required
9345,6245,35,Nice-to-have
9346,6245,33,Preferred
9347,6207,34,Preferred
9348,6207,24,Nice-to-have
9349,6038,8,Required
9350,6038,25,Nice-to-have
9351,6416,13,Nice-to-have
9352,2700,26,Preferred
9353,3776,26,Required
9354,3776,13,Nice-to-have
9355,5075,34,Required
9356,5075,17,Required
9357,5075,24,Preferred
9358,5071,8,Preferred
9359,5071,25,Nice-to-have
9360,6485,13,Required
9361,6513,34,Nice-to-have
9362,6513,18,Required
9363,6513,28,Nice-to-have
9364,2841,25,Nice-to-have
9365,6179,34,Nice-to-have
9366,6179,24,Required
9367,2775,26,Preferred
9368,2707,26,Nice-to-have
9369,6420,35,Preferred
9370,6420,33,Preferred
9371,6346,19,Preferred
9372,6346,34,Required
9373,2694,26,Preferred
9374,6401,25,Preferred
9375,2753,21,Required
9376,6434,35,Nice-to-have
9377,6434,17,Preferred
9378,6046,19,Preferred
9379,6046,34,Preferred
9380,4951,35,Required
9381,4951,33,Nice-to-have
9382,6581,14,Nice-to-have
9383,6581,12,Preferred
9384,6581,25,Preferred
9385,6148,16,Preferred
9386,6148,17,Required
9387,4975,28,Preferred
9388,4975,34,Required
9389,5067,8,Required
9390,5067,25,Required
9391,6409,14,Preferred
9392,6409,12,Nice-to-have
9393,6409,25,Nice-to-have
9394,5044,34,Required
9395,5044,24,Required
9396,2578,34,Nice-to-have
9397,2578,24,Nice-to-have
9398,2835,25,Required
9399,6006,34,Preferred
9400,6006,24,Nice-to-have
9401,6366,34,Preferred
9402,6366,24,Preferred
9403,6222,34,Nice-to-have
9404,6222,24,Required
9405,2899,34,Required
9406,3882,5,Preferred
9407,3882,11,Preferred
9408,3882,33,Preferred
9409,5019,35,Required
9410,5019,33,Preferred
9411,2713,26,Preferred
9412,6556,35,Preferred
9413,6556,33,Preferred
9414,6391,35,Preferred
9415,6391,17,Nice-to-have
9416,6472,32,Preferred
9417,4944,35,Nice-to-have
9418,4944,33,Required
9419,4970,8,Preferred
9420,4970,25,Preferred
9421,4982,35,Nice-to-have
9422,4982,33,Preferred
9423,6289,34,Preferred
9424,6289,24,Required
9425,6289,16,Preferred
9426,5944,28,Preferred
9427,5944,29,Preferred
9428,5944,30,Nice-to-have
9429,6611,35,Preferred
9430,6611,33,Required
9431,6116,16,Nice-to-have
9432,6116,17,Required
9433,6463,35,Preferred
9434,6463,17,Nice-to-have
9435,4983,34,Preferred
9436,4983,24,Nice-to-have
9437,5056,28,Required
9438,5056,34,Preferred
9439,6586,13,Required
9440,2815,19,Preferred
9441,2815,31,Nice-to-have
9442,3893,35,Preferred
9443,3893,33,Nice-to-have
9444,2900,25,Required
9445,6447,20,Nice-to-have
9446,4997,20,Nice-to-have
9447,6118,16,Nice-to-have
9448,6118,17,Preferred
9449,6130,16,Required
9450,6130,17,Nice-to-have
9451,5062,34,Nice-to-have
9452,5062,24,Required
9453,5041,34,Required
9454,5041,24,Preferred
9455,5912,35,Required
9456,5912,33,Required
9457,5927,35,Nice-to-have
9458,5927,33,Nice-to-have
9459,3676,8,Required
9460,3676,25,Nice-to-have
9461,3857,22,Preferred
9462,6574,24,Nice-to-have
9463,6574,34,Required
9464,6605,35,Preferred
9465,6605,33,Required
9466,6228,22,Preferred
9467,6228,25,Nice-to-have
9468,2845,19,Nice-to-have
9469,2845,34,Required
9470,6270,16,Preferred
9471,6270,35,Preferred
9472,6270,24,Nice-to-have
9473,2782,26,Preferred
9474,6569,31,Preferred
9475,6569,19,Preferred
9476,6487,28,Preferred
9477,6487,29,Nice-to-have
9478,6487,30,Nice-to-have
9479,6610,35,Preferred
9480,6610,33,Preferred
9481,2880,35,Nice-to-have
9482,2880,33,Preferred
9483,3824,35,Nice-to-have
9484,3824,13,Required
9485,6588,20,Nice-to-have
9486,5093,30,Nice-to-have
9487,5093,28,Required
9488,5093,1,Nice-to-have
9489,5059,22,Required
9490,5059,25,Required
9491,6582,22,Required
9492,6582,25,Required
9493,6151,25,Preferred
9494,5068,23,Required
9495,5004,35,Nice-to-have
9496,5004,33,Required
9497,6606,34,Required
9498,6175,16,Required
9499,6175,17,Preferred
9500,3811,13,Preferred
9501,6583,34,Nice-to-have
9502,2640,35,Preferred
9503,2640,33,Preferred
9504,6193,35,Nice-to-have
9505,6193,33,Nice-to-have
9506,6263,34,Nice-to-have
9507,6263,24,Nice-to-have
9508,5088,20,Nice-to-have
9509,2769,23,Required
9510,2902,25,Preferred
9511,6296,35,Required
9512,6296,33,Required
9513,3734,34,Nice-to-have
9514,3734,24,Required
9515,6146,16,Required
9516,6146,17,Preferred
9517,6609,25,Preferred
9518,6318,35,Preferred
9519,6318,33,Preferred
9520,6567,31,Preferred
9521,6567,19,Preferred
9522,5083,13,Nice-to-have
9523,3813,34,Required
9524,3813,24,Preferred
9525,6515,26,Preferred
9526,6514,28,Required
9527,6514,34,Preferred
9528,6481,13,Required
9529,2665,26,Required
9530,4956,34,Nice-to-have
9531,4956,24,Nice-to-have
9532,6597,17,Preferred
9533,2685,31,Preferred
9534,2685,19,Preferred
9535,4977,13,Required
9536,5099,13,Nice-to-have
9537,6402,23,Nice-to-have
9538,6198,34,Preferred
9539,6198,24,Required
9540,4931,20,Preferred
9541,2666,23,Nice-to-have
9542,6380,4,Preferred
9543,6380,28,Preferred
9544,6607,35,Nice-to-have
9545,6607,33,Preferred
9546,2671,26,Preferred
9547,5054,34,Required
9548,5054,24,Nice-to-have
9549,5092,20,Preferred
9550,2844,35,Required
9551,2844,33,Preferred
9552,2876,34,Required
9553,2876,24,Nice-to-have
9554,2871,19,Required
9555,2871,34,Nice-to-have
9556,6342,34,Preferred
9557,6342,24,Preferred
9558,6580,20,Nice-to-have
9559,6616,34,Preferred
9560,6616,24,Required
9561,2904,13,Required
9562,5076,13,Nice-to-have
9563,3731,34,Required
9564,3731,17,Required
9565,6073,35,Preferred
9566,6073,33,Required
9567,4974,13,Nice-to-have
9568,3821,26,Required
9569,3821,13,Nice-to-have
9570,5097,13,Required
9571,2645,26,Required
9572,6561,20,Preferred
9573,6278,24,Nice-to-have
9574,6278,18,Nice-to-have
9575,6278,9,Preferred
9576,6601,34,Preferred
9577,5096,13,Required
9578,3891,22,Preferred
9579,2827,25,Required
9580,5047,35,Required
9581,5047,5,Preferred
9582,5047,11,Nice-to-have
9583,6600,35,Required
9584,6600,33,Preferred
9585,5077,19,Required
9586,5094,14,Nice-to-have
9587,5094,12,Nice-to-have
9588,5094,25,Preferred
9589,2644,26,Required
9590,5098,13,Required
9591,5021,19,Nice-to-have
9592,5021,34,Preferred
9593,6621,34,Nice-to-have
9594,6621,24,Nice-to-have
9595,6625,35,Required
9596,6625,33,Required
9597,6617,34,Nice-to-have
9598,6617,24,Preferred
9599,6619,35,Preferred
9600,6619,33,Required
9601,6504,21,Required
9602,6504,31,Preferred
9603,6519,34,Preferred
9604,6519,18,Required
9605,6519,28,Nice-to-have
9606,2865,19,Required
9607,2865,34,Preferred
9608,5057,20,Preferred
9609,6627,34,Preferred
9610,6627,24,Nice-to-have
9611,6053,19,Preferred
9612,6053,34,Required
9613,6531,4,Required
9614,6531,28,Nice-to-have
9615,6107,16,Preferred
9616,6107,17,Nice-to-have
9617,2732,26,Preferred
9618,6624,35,Required
9619,6624,33,Required
9620,6533,34,Nice-to-have
9621,6533,24,Required
9622,6040,19,Required
9623,6040,34,Required
9624,4985,35,Preferred
9625,4985,33,Required
9626,6603,35,Nice-to-have
9627,6603,33,Preferred
9628,6508,28,Preferred
9629,6508,34,Nice-to-have
9630,2898,28,Preferred
9631,2898,29,Required
9632,2898,30,Required
9633,6167,16,Preferred
9634,6167,17,Required
9635,5085,35,Preferred
9636,5085,33,Preferred
9637,6622,35,Nice-to-have
9638,6622,33,Nice-to-have
9639,6626,34,Required
9640,6626,24,Required
9641,6259,35,Nice-to-have
9642,6259,33,Nice-to-have
9643,6623,35,Preferred
9644,6623,33,Required
9645,6577,13,Preferred
9646,5102,20,Nice-to-have
9647,6386,35,Preferred
9648,6386,33,Required
9649,6238,35,Nice-to-have
9650,6238,33,Nice-to-have
9651,3853,22,Nice-to-have
9652,5084,13,Required
9653,5005,20,Required
9654,6315,34,Nice-to-have
9655,6315,24,Preferred
9656,2833,19,Nice-to-have
9657,3820,26,Nice-to-have
9658,3820,13,Preferred
9659,6433,8,Required
9660,6433,25,Nice-to-have
9661,2901,20,Nice-to-have
9662,6618,35,Nice-to-have
9663,6618,33,Nice-to-have
9664,2762,26,Required
9665,6629,24,Nice-to-have
9666,6629,34,Required
9667,6313,25,Required
9668,6620,35,Required
9669,6620,33,Required
9670,5095,25,Required
9671,6262,34,Preferred
9672,6262,24,Preferred
9673,5003,14,Required
9674,5003,12,Required
9675,5003,25,Required
9676,6101,16,Required
9677,6101,17,Required
9678,6628,25,Nice-to-have
9679,6417,32,Preferred
9680,2896,22,Required
9681,2896,25,Required
9682,2799,19,Nice-to-have
9683,2799,34,Required
9684,5104,22,Preferred
9685,5104,25,Nice-to-have
9686,6656,23,Preferred
9687,6655,22,Preferred
9688,6655,2,Preferred
9689,6655,25,Preferred
9690,6630,35,Preferred
9691,6630,33,Nice-to-have
9692,2906,25,Nice-to-have
9693,6654,34,Required
9694,6654,4,Required
9695,2914,35,Required
9696,2914,33,Nice-to-have
9697,2903,14,Preferred
9698,2903,12,Required
9699,2903,25,Required
9700,2909,35,Preferred
9701,2909,33,Preferred
9702,5108,5,Preferred
9703,5108,11,Preferred
9704,5114,13,Nice-to-have
9705,2920,35,Nice-to-have
9706,2920,33,Required
9707,5103,13,Preferred
9708,6647,35,Required
9709,6647,33,Nice-to-have
9710,6670,28,Preferred
9711,6670,34,Nice-to-have
9712,5110,22,Preferred
9713,5110,25,Nice-to-have
9714,6641,34,Nice-to-have
9715,6641,24,Preferred
9716,6639,34,Preferred
9717,6639,24,Required
9718,5121,35,Required
9719,5121,33,Preferred
9720,5106,13,Nice-to-have
9721,6638,34,Nice-to-have
9722,6638,24,Preferred
9723,6663,28,Required
9724,6663,34,Preferred
9725,6645,28,Preferred
9726,6645,34,Required
9727,6642,35,Nice-to-have
9728,6642,33,Preferred
9729,5107,34,Nice-to-have
9730,5107,24,Preferred
9731,6653,28,Required
9732,6653,34,Nice-to-have
9733,5101,22,Nice-to-have
9734,5101,25,Preferred
9735,2926,6,Preferred
9736,2926,7,Preferred
9737,2915,13,Nice-to-have
9738,6668,28,Required
9739,6668,34,Preferred
9740,6674,28,Preferred
9741,6674,34,Required
9742,5118,35,Required
9743,5118,33,Preferred
9744,5100,13,Required
9745,6672,28,Preferred
9746,6672,34,Nice-to-have
9747,5111,19,Nice-to-have
9748,5111,34,Preferred
9749,6658,34,Nice-to-have
9750,6658,24,Nice-to-have
9751,6657,35,Nice-to-have
9752,6657,33,Required
9753,5115,13,Required
9754,6669,34,Required
9755,6669,24,Nice-to-have
9756,6667,28,Preferred
9757,6667,34,Required
9758,5109,13,Nice-to-have
9759,6648,35,Required
9760,6648,33,Preferred
9761,5116,13,Preferred
9762,6651,28,Required
9763,6651,34,Required
9764,6680,24,Required
9765,6680,34,Nice-to-have
9766,5105,21,Preferred
9767,6660,22,Required
9768,6660,25,Preferred
9769,6659,22,Nice-to-have
9770,6659,25,Preferred
9771,6673,34,Nice-to-have
9772,6661,34,Required
9773,6661,17,Nice-to-have
9774,6665,22,Nice-to-have
9775,6665,25,Preferred
9776,6687,20,Preferred
9777,2929,35,Nice-to-have
9778,2929,33,Preferred
9779,6631,34,Required
9780,6631,24,Nice-to-have
9781,6681,28,Required
9782,6681,34,Required
9783,6666,6,Required
9784,6666,7,Preferred
9785,6652,28,Required
9786,6652,29,Required
9787,6652,30,Required
9788,6671,2,Preferred
9789,6671,1,Preferred
9790,6671,25,Nice-to-have
9791,2907,34,Required
9792,2907,24,Preferred
9793,6662,22,Preferred
9794,6662,25,Required
9795,6696,34,Preferred
9796,6696,24,Preferred
9797,2911,32,Nice-to-have
9798,5112,25,Preferred
9799,2908,31,Required
9800,2908,19,Required
9801,6632,35,Nice-to-have
9802,6632,33,Nice-to-have
9803,2928,31,Preferred
9804,2928,19,Preferred
9805,2905,35,Preferred
9806,2905,33,Required
9807,2927,28,Required
9808,2927,34,Required
9809,5119,13,Nice-to-have
9810,6646,14,Required
9811,6646,12,Nice-to-have
9812,6646,25,Preferred
9813,2921,28,Preferred
9814,2921,34,Nice-to-have
9815,6635,8,Required
9816,6635,25,Preferred
9817,6704,22,Required
9818,6704,25,Preferred
9819,5127,34,Required
9820,5127,19,Required
9821,5127,17,Preferred
9822,6689,28,Required
9823,6689,29,Nice-to-have
9824,6689,30,Preferred
9825,6684,35,Required
9826,6684,33,Nice-to-have
9827,2974,34,Preferred
9828,2974,24,Preferred
9829,2919,34,Preferred
9830,2919,24,Preferred
9831,2975,35,Required
9832,2975,33,Nice-to-have
9833,5117,13,Required
9834,2912,22,Required
9835,2912,25,Required
9836,6685,20,Preferred
9837,6685,25,Required
9838,6685,35,Required
9839,2930,35,Preferred
9840,2930,33,Preferred
9841,2931,28,Required
9842,2931,34,Preferred
9843,6678,25,Preferred
9844,2918,34,Required
9845,2918,24,Required
9846,6676,14,Nice-to-have
9847,6676,12,Preferred
9848,6676,25,Nice-to-have
9849,6693,28,Required
9850,6693,29,Nice-to-have
9851,6693,30,Required
9852,6694,2,Nice-to-have
9853,6694,1,Nice-to-have
9854,6694,25,Required
9855,6683,20,Nice-to-have
9856,2910,13,Preferred
9857,6677,35,Required
9858,6677,33,Required
9859,6679,28,Required
9860,6679,29,Preferred
9861,6679,30,Nice-to-have
9862,6699,28,Required
9863,6699,29,Required
9864,6699,30,Nice-to-have
9865,2916,26,Required
9866,6702,31,Preferred
9867,6702,19,Required
9868,6686,20,Preferred
9869,2952,34,Nice-to-have
9870,2952,24,Preferred
9871,6692,28,Preferred
9872,6692,29,Nice-to-have
9873,6692,30,Preferred
9874,5128,19,Nice-to-have
9875,5128,34,Preferred
9876,2923,34,Nice-to-have
9877,2923,24,Nice-to-have
9878,6721,13,Preferred
9879,6710,13,Nice-to-have
9880,6644,34,Nice-to-have
9881,6644,24,Preferred
9882,6675,25,Required
9883,6650,34,Preferred
9884,6650,24,Preferred
9885,6688,28,Nice-to-have
9886,6688,29,Nice-to-have
9887,6688,30,Preferred
9888,6731,13,Nice-to-have
9889,6691,35,Preferred
9890,6691,33,Nice-to-have
9891,6649,34,Preferred
9892,6649,24,Nice-to-have
9893,6695,35,Preferred
9894,6695,33,Preferred
9895,6682,10,Preferred
9896,6682,11,Nice-to-have
9897,6718,13,Nice-to-have
9898,6637,13,Preferred
9899,6690,22,Required
9900,6690,25,Nice-to-have
9901,6640,13,Preferred
9902,6664,34,Preferred
9903,6664,24,Nice-to-have
9904,2932,20,Preferred
9905,2932,25,Preferred
9906,2932,35,Preferred
9907,6633,34,Nice-to-have
9908,6633,24,Required
9909,6636,13,Nice-to-have
9910,5123,25,Nice-to-have
9911,5120,2,Required
9912,5120,1,Nice-to-have
9913,5120,25,Required
9914,6700,13,Preferred
9915,5124,14,Required
9916,5124,12,Preferred
9917,5124,25,Nice-to-have
9918,5122,8,Nice-to-have
9919,5122,25,Nice-to-have
9920,6634,8,Nice-to-have
9921,6634,25,Preferred
9922,2922,6,Nice-to-have
9923,2922,7,Nice-to-have
9924,2917,34,Nice-to-have
9925,2917,24,Required
9926,6714,13,Required
9927,5113,22,Required
9928,5113,25,Nice-to-have
9929,6703,20,Nice-to-have
9930,5126,34,Preferred
9931,6735,25,Preferred
9932,6735,22,Preferred
9933,6697,28,Nice-to-have
9934,6697,34,Preferred
9935,5125,25,Nice-to-have
9936,6643,13,Preferred
9937,6698,35,Preferred
9938,6698,33,Nice-to-have
9939,6733,35,Preferred
9940,6733,33,Nice-to-have
9941,6732,20,Nice-to-have
9942,6719,20,Nice-to-have
9943,6711,35,Required
9944,6711,33,Required
9945,6723,35,Required
9946,6723,33,Required
9947,6728,32,Required
9948,6729,34,Preferred
9949,6729,24,Nice-to-have
9950,6716,34,Nice-to-have
9951,6716,24,Required
9952,6709,34,Required
9953,6709,24,Nice-to-have
9954,6706,28,Preferred
9955,6706,34,Preferred
9956,6720,28,Nice-to-have
9957,6720,34,Preferred
9958,6726,25,Required
9959,6712,28,Preferred
9960,6712,34,Nice-to-have
9961,6705,28,Required
9962,6705,34,Preferred
9963,6725,25,Preferred
9964,6722,35,Preferred
9965,6722,33,Required
9966,6717,28,Nice-to-have
9967,6717,34,Preferred
9968,6707,20,Required
9969,6713,20,Nice-to-have
9970,6713,25,Required
9971,6713,35,Preferred
9972,6701,6,Nice-to-have
9973,6701,7,Required
9974,6730,20,Required
9975,6708,20,Preferred
9976,6734,20,Nice-to-have
9977,6715,20,Preferred
9978,6724,20,Preferred
9979,6727,20,Required
9980,2953,13,Required
9981,2976,13,Nice-to-have
9982,2942,13,Nice-to-have
9983,2924,13,Required
9984,2925,13,Preferred
9985,2913,13,Preferred
9986,2933,13,Preferred
9987,2941,13,Nice-to-have
9988,5172,22,Required
9989,5172,25,Required
9990,5146,22,Preferred
9991,5146,25,Preferred
9992,5147,28,Preferred
9993,5147,34,Preferred
9994,5157,22,Required
9995,5157,25,Nice-to-have
9996,5171,34,Preferred
9997,5171,35,Nice-to-have
9998,5131,20,Preferred
9999,6736,13,Nice-to-have
10000,5160,35,Required
10001,5160,33,Nice-to-have
10002,6737,13,Nice-to-have
10003,5158,26,Nice-to-have
10004,5150,24,Preferred
10005,5150,34,Preferred
10006,5180,24,Nice-to-have
10007,5180,34,Nice-to-have
10008,5170,8,Preferred
10009,5170,25,Required
10010,5143,22,Preferred
10011,5143,25,Required
10012,5145,22,Required
10013,5145,25,Nice-to-have
10014,5130,21,Required
10015,5144,34,Preferred
10016,5144,35,Nice-to-have
10017,5181,22,Nice-to-have
10018,5181,25,Nice-to-have
10019,5139,35,Nice-to-have
10020,5139,33,Nice-to-have
10021,5134,20,Required
10022,5149,22,Required
10023,5149,25,Nice-to-have
10024,5159,4,Nice-to-have
10025,5159,28,Required
10026,5129,35,Preferred
10027,5129,33,Nice-to-have
10028,5148,25,Required
10029,5161,20,Preferred
10030,5137,31,Required
10031,5137,19,Preferred
10032,5132,34,Nice-to-have
10033,5132,24,Preferred
10034,5133,22,Nice-to-have
10035,5133,25,Nice-to-have
10036,5138,22,Preferred
10037,5138,25,Nice-to-have
10038,6757,20,Nice-to-have
10039,6754,20,Nice-to-have
10040,6755,20,Required
10041,6753,8,Preferred
10042,6753,25,Nice-to-have
10043,6759,8,Required
10044,6759,25,Required
10045,5162,20,Required
10046,5151,20,Nice-to-have
10047,5152,20,Required
10048,5184,20,Nice-to-have
10049,5135,20,Preferred
10050,5164,20,Preferred
10051,3002,35,Required
10052,3002,33,Required
10053,5154,20,Required
10054,5141,20,Preferred
10055,5140,20,Preferred
10056,5142,20,Preferred
10057,5136,20,Required
10058,5153,20,Required
10059,5165,31,Required
10060,5173,31,Required
10061,5174,20,Required
10062,5163,20,Nice-to-have
10063,3045,16,Preferred
10064,3045,19,Preferred
10065,3045,31,Preferred
10066,3078,34,Preferred
10067,3078,24,Required
10068,3078,4,Nice-to-have
10069,3033,27,Required
10070,3033,11,Nice-to-have
10071,3033,33,Nice-to-have
10072,2943,27,Nice-to-have
10073,2943,11,Required
10074,2943,33,Required
10075,2948,34,Nice-to-have
10076,2948,24,Preferred
10077,2948,4,Required
10078,3009,34,Nice-to-have
10079,3009,24,Nice-to-have
10080,3009,4,Required
10081,3083,34,Preferred
10082,3083,24,Required
10083,3083,4,Preferred
10084,3048,23,Nice-to-have
10085,3048,4,Nice-to-have
10086,3048,22,Required
10087,3005,27,Nice-to-have
10088,3005,11,Preferred
10089,3005,33,Nice-to-have
10090,3029,15,Nice-to-have
10091,3029,25,Required
10092,3029,4,Preferred
10093,3043,7,Nice-to-have
10094,3043,9,Preferred
10095,3043,17,Preferred
10096,3028,14,Preferred
10097,3028,15,Preferred
10098,3028,22,Required
10099,3103,14,Preferred
10100,3103,15,Preferred
10101,3103,22,Nice-to-have
10102,2955,27,Preferred
10103,2955,11,Required
10104,2955,33,Nice-to-have
10105,3079,3,Preferred
10106,3079,29,Preferred
10107,3079,28,Nice-to-have
10108,2946,7,Required
10109,2946,9,Nice-to-have
10110,2946,17,Required
10111,3032,3,Required
10112,3032,29,Required
10113,3032,28,Preferred
10114,3007,7,Preferred
10115,3007,9,Required
10116,3007,17,Preferred
10117,3084,21,Nice-to-have
10118,2978,7,Required
10119,2978,9,Required
10120,2978,17,Nice-to-have
10121,2983,14,Preferred
10122,2983,15,Required
10123,2983,22,Nice-to-have
10124,3076,14,Preferred
10125,3076,15,Nice-to-have
10126,3074,3,Preferred
10127,3074,29,Nice-to-have
10128,3074,28,Nice-to-have
10129,3035,3,Required
10130,3035,29,Required
10131,3035,28,Nice-to-have
10132,3042,7,Preferred
10133,3042,9,Nice-to-have
10134,3042,17,Preferred
10135,3075,23,Preferred
10136,3075,4,Required
10137,3075,22,Nice-to-have
10138,2947,14,Preferred
10139,2947,15,Preferred
10140,2947,22,Required
10141,2939,14,Preferred
10142,2939,15,Nice-to-have
10143,2938,16,Nice-to-have
10144,2938,19,Required
10145,2938,31,Nice-to-have
10146,3102,7,Preferred
10147,3102,9,Nice-to-have
10148,3102,17,Preferred
10149,3049,27,Nice-to-have
10150,3049,11,Required
10151,3049,33,Required
10152,3052,27,Required
10153,3052,11,Preferred
10154,3052,33,Required
10155,2980,3,Preferred
10156,2980,29,Preferred
10157,2980,28,Required
10158,2985,27,Nice-to-have
10159,2985,11,Preferred
10160,2985,33,Preferred
10161,3013,27,Preferred
10162,3013,11,Required
10163,3013,33,Required
10164,3036,3,Required
10165,3036,29,Preferred
10166,3036,28,Nice-to-have
10167,3008,34,Nice-to-have
10168,3008,24,Nice-to-have
10169,3008,4,Nice-to-have
10170,3051,25,Preferred
10171,2981,16,Required
10172,2981,19,Required
10173,2981,31,Nice-to-have
10174,3046,34,Preferred
10175,3046,24,Nice-to-have
10176,3046,4,Required
10177,2954,34,Nice-to-have
10178,2954,24,Preferred
10179,2954,4,Required
10180,2940,3,Nice-to-have
10181,2940,29,Preferred
10182,2940,28,Nice-to-have
10183,3077,21,Preferred
10184,3077,16,Nice-to-have
10185,3077,18,Required
10186,3031,27,Preferred
10187,3031,11,Required
10188,3031,33,Nice-to-have
10189,3082,34,Nice-to-have
10190,3082,24,Nice-to-have
10191,3082,4,Nice-to-have
10192,2979,7,Nice-to-have
10193,2979,9,Preferred
10194,2979,17,Nice-to-have
10195,3080,35,Required
10196,3080,33,Required
10197,3004,27,Required
10198,3004,11,Preferred
10199,3004,33,Nice-to-have
10200,3006,27,Preferred
10201,3006,11,Required
10202,3006,33,Preferred
10203,2958,3,Required
10204,2958,29,Nice-to-have
10205,2958,28,Required
10206,2960,3,Nice-to-have
10207,2960,29,Required
10208,2960,28,Nice-to-have
10209,3030,27,Nice-to-have
10210,3030,11,Preferred
10211,3030,33,Nice-to-have
10212,2945,16,Required
10213,2945,19,Nice-to-have
10214,2945,31,Preferred
10215,3010,19,Nice-to-have
10216,3010,34,Preferred
10217,2977,7,Nice-to-have
10218,2977,9,Nice-to-have
10219,2977,17,Preferred
10220,2936,3,Preferred
10221,2936,29,Nice-to-have
10222,2936,28,Preferred
10223,2934,27,Nice-to-have
10224,2934,11,Required
10225,2934,33,Preferred
10226,3050,27,Preferred
10227,3050,11,Preferred
10228,3050,33,Required
10229,3003,7,Nice-to-have
10230,3003,9,Preferred
10231,3003,17,Required
10232,3081,3,Nice-to-have
10233,3081,29,Preferred
10234,3081,28,Required
10235,3056,16,Required
10236,3056,19,Required
10237,3056,31,Preferred
10238,3044,27,Required
10239,3044,11,Preferred
10240,3044,33,Preferred
10241,2935,7,Nice-to-have
10242,2935,9,Nice-to-have
10243,2935,17,Required
10244,6760,20,Required
10245,5166,2,Preferred
10246,5166,15,Preferred
10247,5166,22,Preferred
10248,3034,7,Nice-to-have
10249,3034,9,Required
10250,3034,17,Nice-to-have
10251,2984,3,Nice-to-have
10252,2984,29,Required
10253,2984,28,Preferred
10254,2937,3,Nice-to-have
10255,2937,29,Nice-to-have
10256,2937,28,Required
10257,6761,2,Preferred
10258,6761,1,Preferred
10259,6761,25,Required
10260,3027,3,Preferred
10261,3027,29,Nice-to-have
10262,3027,28,Nice-to-have
10263,2944,27,Preferred
10264,2944,11,Required
10265,2944,33,Nice-to-have
10266,2982,34,Nice-to-have
10267,2982,24,Required
10268,2982,4,Preferred
10269,3047,23,Required
10270,3047,4,Nice-to-have
10271,3047,22,Preferred
10272,5176,24,Required
10273,5176,34,Nice-to-have
10274,3104,35,Required
10275,3104,33,Required
10276,3014,34,Nice-to-have
10277,3014,24,Required
10278,6751,13,Nice-to-have
10279,5200,34,Preferred
10280,5200,17,Required
10281,6740,20,Required
10282,5167,8,Required
10283,5167,18,Preferred
10284,3138,34,Preferred
10285,6748,20,Preferred
10286,6742,20,Required
10287,2950,20,Required
10288,3085,35,Nice-to-have
10289,3085,33,Required
10290,3105,20,Required
10291,6746,20,Required
10292,3147,20,Required
10293,6749,20,Preferred
10294,3130,20,Required
10295,2956,35,Nice-to-have
10296,2956,18,Nice-to-have
10297,2956,9,Preferred
10298,3026,19,Preferred
10299,3026,31,Preferred
10300,3011,35,Required
10301,3011,18,Nice-to-have
10302,3011,9,Required
10303,6741,20,Preferred
10304,3065,35,Nice-to-have
10305,3065,33,Required
10306,2962,34,Preferred
10307,2962,24,Preferred
10308,3025,34,Required
10309,3025,24,Required
10310,2994,34,Required
10311,2994,24,Required
10312,3135,31,Nice-to-have
10313,3106,34,Required
10314,3106,24,Nice-to-have
10315,3062,35,Required
10316,3062,33,Nice-to-have
10317,2997,35,Required
10318,2997,33,Nice-to-have
10319,2957,35,Preferred
10320,2957,18,Preferred
10321,2957,9,Required
10322,3039,20,Required
10323,2965,35,Preferred
10324,2965,33,Preferred
10325,5168,34,Required
10326,5168,17,Nice-to-have
10327,3061,34,Preferred
10328,3061,24,Preferred
10329,3066,20,Required
10330,2998,20,Preferred
10331,6752,20,Preferred
10332,2999,20,Nice-to-have
10333,3113,35,Nice-to-have
10334,3113,33,Nice-to-have
10335,5248,34,Nice-to-have
10336,5248,24,Preferred
10337,3021,35,Nice-to-have
10338,3021,33,Preferred
10339,5189,13,Required
10340,2951,32,Required
10341,3024,34,Nice-to-have
10342,3024,24,Nice-to-have
10343,3111,34,Preferred
10344,3111,24,Nice-to-have
10345,5203,25,Nice-to-have
10346,3064,34,Nice-to-have
10347,3064,24,Nice-to-have
10348,5252,22,Nice-to-have
10349,5252,25,Preferred
10350,5240,13,Preferred
10351,5191,20,Nice-to-have
10352,3089,34,Nice-to-have
10353,3089,24,Required
10354,2992,20,Nice-to-have
10355,3114,34,Required
10356,3114,24,Preferred
10357,3133,23,Nice-to-have
10358,5243,35,Preferred
10359,5243,33,Nice-to-have
10360,2964,35,Required
10361,2964,33,Required
10362,5278,31,Required
10363,5278,19,Nice-to-have
10364,6747,20,Preferred
10365,6743,20,Nice-to-have
10366,5220,25,Required
10367,5280,28,Preferred
10368,5280,34,Required
10369,3057,34,Nice-to-have
10370,3057,24,Required
10371,3088,20,Required
10372,5213,25,Nice-to-have
10373,2990,35,Preferred
10374,2990,33,Nice-to-have
10375,3134,20,Required
10376,3022,20,Preferred
10377,5235,25,Preferred
10378,2959,19,Preferred
10379,2959,34,Nice-to-have
10380,3072,35,Nice-to-have
10381,3072,33,Nice-to-have
10382,5284,22,Required
10383,5284,25,Preferred
10384,3109,20,Preferred
10385,5202,19,Required
10386,5202,34,Nice-to-have
10387,3070,20,Preferred
10388,3067,20,Preferred
10389,5196,20,Preferred
10390,5249,2,Nice-to-have
10391,5249,1,Nice-to-have
10392,5249,25,Preferred
10393,5219,20,Preferred
10394,5219,25,Required
10395,5219,35,Preferred
10396,2973,34,Preferred
10397,2973,24,Nice-to-have
10398,3099,34,Preferred
10399,3099,24,Nice-to-have
10400,5230,19,Nice-to-have
10401,5230,34,Preferred
10402,3095,34,Nice-to-have
10403,3095,24,Nice-to-have
10404,5286,25,Required
10405,2970,20,Required
10406,2988,34,Required
10407,2988,24,Nice-to-have
10408,3092,20,Required
10409,5156,33,Nice-to-have
10410,3001,34,Nice-to-have
10411,3001,24,Nice-to-have
10412,5268,13,Nice-to-have
10413,5242,25,Preferred
10414,3058,34,Required
10415,3058,24,Preferred
10416,3126,23,Nice-to-have
10417,3115,23,Required
10418,3112,34,Nice-to-have
10419,3112,24,Required
10420,5285,26,Nice-to-have
10421,5263,22,Preferred
10422,5263,25,Required
10423,5224,20,Nice-to-have
10424,5211,20,Preferred
10425,2949,35,Required
10426,2949,33,Preferred
10427,5205,25,Nice-to-have
10428,5187,34,Nice-to-have
10429,5187,17,Nice-to-have
10430,5210,34,Preferred
10431,5210,24,Nice-to-have
10432,2967,20,Required
10433,5275,25,Preferred
10434,2963,34,Required
10435,2963,24,Nice-to-have
10436,3054,22,Preferred
10437,3054,25,Required
10438,6782,14,Preferred
10439,6782,6,Preferred
10440,5253,20,Preferred
10441,5238,13,Preferred
10442,6739,20,Required
10443,5197,20,Preferred
10444,2968,20,Nice-to-have
10445,2969,20,Required
10446,5250,25,Required
10447,5193,8,Nice-to-have
10448,5193,25,Preferred
10449,3069,20,Required
10450,3098,35,Required
10451,3098,33,Nice-to-have
10452,3059,34,Required
10453,3059,24,Nice-to-have
10454,3122,34,Required
10455,3122,24,Preferred
10456,5254,34,Required
10457,5254,24,Required
10458,5259,25,Preferred
10459,5277,2,Required
10460,5277,1,Nice-to-have
10461,5277,25,Required
10462,3063,35,Required
10463,3063,33,Nice-to-have
10464,5155,33,Nice-to-have
10465,3100,34,Required
10466,3100,24,Preferred
10467,6750,20,Required
10468,5241,19,Preferred
10469,5241,34,Preferred
10470,6745,20,Preferred
10471,2986,25,Nice-to-have
10472,6756,20,Nice-to-have
10473,3068,34,Nice-to-have
10474,3068,24,Required
10475,2961,34,Preferred
10476,2961,24,Required
10477,5223,34,Nice-to-have
10478,5223,24,Required
10479,5195,25,Required
10480,3094,34,Required
10481,3094,24,Preferred
10482,5279,2,Required
10483,5279,1,Nice-to-have
10484,5279,25,Preferred
10485,5260,25,Nice-to-have
10486,5192,2,Required
10487,5192,1,Required
10488,5192,25,Required
10489,3087,34,Nice-to-have
10490,3087,24,Preferred
10491,5221,25,Preferred
10492,5267,26,Required
10493,5194,25,Required
10494,3090,35,Nice-to-have
10495,3090,33,Required
10496,3000,35,Nice-to-have
10497,3000,33,Preferred
10498,3037,19,Preferred
10499,3037,34,Nice-to-have
10500,5188,25,Preferred
10501,3071,34,Required
10502,3071,24,Nice-to-have
10503,5185,25,Required
10504,3139,20,Nice-to-have
10505,3019,35,Nice-to-have
10506,3019,33,Nice-to-have
10507,5225,25,Preferred
10508,5175,33,Nice-to-have
10509,6783,31,Preferred
10510,6783,19,Required
10511,5228,19,Nice-to-have
10512,5228,34,Preferred
10513,5209,6,Nice-to-have
10514,5209,7,Required
10515,6776,25,Nice-to-have
10516,6763,25,Required
10517,5265,25,Preferred
10518,6772,31,Required
10519,6772,19,Nice-to-have
10520,5198,8,Nice-to-have
10521,5198,25,Required
10522,3018,34,Nice-to-have
10523,3018,24,Nice-to-have
10524,3091,35,Nice-to-have
10525,3091,33,Preferred
10526,5261,20,Nice-to-have
10527,3145,6,Required
10528,3145,7,Required
10529,3060,34,Nice-to-have
10530,3060,24,Required
10531,3143,4,Nice-to-have
10532,3143,28,Required
10533,3127,13,Required
10534,2971,35,Preferred
10535,2971,33,Nice-to-have
10536,6790,2,Nice-to-have
10537,6790,1,Preferred
10538,6790,25,Required
10539,6744,20,Required
10540,5231,20,Nice-to-have
10541,5218,25,Required
10542,3096,34,Nice-to-have
10543,3096,24,Required
10544,5287,25,Required
10545,5229,2,Required
10546,5229,1,Nice-to-have
10547,5229,25,Preferred
10548,5266,20,Preferred
10549,3023,20,Required
10550,5183,33,Nice-to-have
10551,5233,25,Nice-to-have
10552,5216,25,Nice-to-have
10553,3055,28,Nice-to-have
10554,3055,34,Required
10555,3124,34,Nice-to-have
10556,3124,24,Preferred
10557,3119,34,Preferred
10558,3119,24,Required
10559,5215,20,Required
10560,3121,35,Nice-to-have
10561,3121,33,Nice-to-have
10562,3017,34,Required
10563,3017,24,Required
10564,6764,25,Preferred
10565,5262,28,Preferred
10566,5262,34,Nice-to-have
10567,3118,34,Required
10568,3118,24,Required
10569,3137,22,Preferred
10570,3137,25,Nice-to-have
10571,5226,4,Required
10572,5226,28,Preferred
10573,3016,34,Nice-to-have
10574,3016,24,Nice-to-have
10575,5641,34,Required
10576,5641,24,Nice-to-have
10577,3150,4,Nice-to-have
10578,3150,28,Nice-to-have
10579,5214,25,Nice-to-have
10580,3148,6,Preferred
10581,3148,7,Nice-to-have
10582,6792,19,Required
10583,6792,34,Required
10584,6765,22,Nice-to-have
10585,6765,25,Required
10586,6777,24,Nice-to-have
10587,6777,34,Nice-to-have
10588,5264,25,Required
10589,5274,34,Nice-to-have
10590,5274,24,Required
10591,3101,34,Nice-to-have
10592,3101,24,Required
10593,3149,25,Nice-to-have
10594,5204,20,Nice-to-have
10595,5640,34,Preferred
10596,5640,24,Nice-to-have
10597,2991,20,Nice-to-have
10598,5282,20,Nice-to-have
10599,6773,22,Nice-to-have
10600,6773,25,Required
10601,3123,34,Nice-to-have
10602,3123,24,Preferred
10603,5251,20,Preferred
10604,6784,25,Required
10605,3097,34,Nice-to-have
10606,3097,24,Preferred
10607,2995,35,Required
10608,2995,33,Nice-to-have
10609,5186,33,Preferred
10610,5212,22,Required
10611,5212,25,Preferred
10612,3041,34,Nice-to-have
10613,3041,24,Preferred
10614,3116,4,Required
10615,3116,28,Nice-to-have
10616,5257,13,Nice-to-have
10617,5288,13,Preferred
10618,5283,25,Nice-to-have
10619,5182,33,Required
10620,6758,20,Preferred
10621,2996,35,Nice-to-have
10622,2996,33,Required
10623,5239,20,Preferred
10624,6768,25,Required
10625,6778,25,Preferred
10626,6781,20,Nice-to-have
10627,5177,33,Required
10628,5246,35,Preferred
10629,5246,33,Preferred
10630,3132,4,Nice-to-have
10631,3132,28,Preferred
10632,5255,28,Nice-to-have
10633,5255,34,Nice-to-have
10634,5271,28,Preferred
10635,5271,34,Nice-to-have
10636,6766,14,Required
10637,6766,12,Nice-to-have
10638,6766,25,Preferred
10639,3107,34,Required
10640,3107,24,Nice-to-have
10641,5190,25,Required
10642,3136,19,Required
10643,3136,34,Nice-to-have
10644,3140,22,Required
10645,3140,25,Required
10646,5201,13,Nice-to-have
10647,6791,25,Required
10648,5245,28,Nice-to-have
10649,5245,34,Required
10650,3020,35,Required
10651,3020,33,Required
10652,3053,35,Nice-to-have
10653,3053,18,Preferred
10654,3053,9,Preferred
10655,6779,24,Nice-to-have
10656,6779,34,Nice-to-have
10657,5227,34,Nice-to-have
10658,5227,24,Required
10659,2987,34,Required
10660,2987,24,Preferred
10661,5208,34,Required
10662,5208,17,Required
10663,5222,34,Nice-to-have
10664,5222,24,Preferred
10665,5270,34,Preferred
10666,5270,24,Nice-to-have
10667,5281,19,Nice-to-have
10668,5281,34,Nice-to-have
10669,6795,32,Preferred
10670,5269,25,Preferred
10671,3129,4,Preferred
10672,3129,28,Required
10673,6803,24,Required
10674,6803,34,Required
10675,3120,35,Required
10676,3120,33,Required
10677,6770,31,Preferred
10678,6770,19,Required
10679,3015,34,Preferred
10680,3015,24,Required
10681,2993,34,Nice-to-have
10682,2993,24,Required
10683,6798,21,Required
10684,6810,19,Preferred
10685,6810,34,Preferred
10686,6816,34,Nice-to-have
10687,6816,24,Preferred
10688,5258,20,Preferred
10689,6815,34,Preferred
10690,6815,24,Nice-to-have
10691,3131,22,Required
10692,3131,25,Preferred
10693,6774,25,Nice-to-have
10694,3128,23,Nice-to-have
10695,6800,19,Required
10696,6800,34,Nice-to-have
10697,3093,20,Nice-to-have
10698,3110,20,Nice-to-have
10699,5290,35,Preferred
10700,5290,33,Preferred
10701,5236,22,Preferred
10702,5236,25,Preferred
10703,3040,35,Nice-to-have
10704,3040,33,Preferred
10705,6793,34,Required
10706,2972,34,Required
10707,2972,24,Required
10708,6808,34,Preferred
10709,6808,24,Nice-to-have
10710,5289,13,Nice-to-have
10711,6799,19,Nice-to-have
10712,6799,34,Nice-to-have
10713,5244,19,Preferred
10714,5244,34,Nice-to-have
10715,6811,35,Nice-to-have
10716,6811,33,Preferred
10717,6786,25,Required
10718,2966,20,Nice-to-have
10719,5178,9,Nice-to-have
10720,5178,25,Required
10721,5178,34,Preferred
10722,5169,34,Preferred
10723,5169,17,Preferred
10724,2989,34,Preferred
10725,2989,24,Nice-to-have
10726,6805,19,Required
10727,6805,34,Nice-to-have
10728,6806,20,Preferred
10729,3146,16,Preferred
10730,3146,35,Preferred
10731,3146,17,Nice-to-have
10732,5291,28,Nice-to-have
10733,5291,34,Required
10734,6801,25,Required
10735,3117,34,Nice-to-have
10736,3117,24,Required
10737,3073,34,Required
10738,3073,24,Required
10739,3144,22,Preferred
10740,3144,25,Required
10741,6797,21,Preferred
10742,6814,21,Required
10743,3086,34,Required
10744,3086,24,Preferred
10745,3141,22,Preferred
10746,3141,25,Nice-to-have
10747,6769,19,Preferred
10748,6769,34,Preferred
10749,6813,19,Nice-to-have
10750,6813,34,Preferred
10751,6875,31,Preferred
10752,6875,19,Nice-to-have
10753,6787,22,Nice-to-have
10754,6787,25,Nice-to-have
10755,6804,9,Required
10756,6804,25,Preferred
10757,6804,34,Preferred
10758,6738,20,Preferred
10759,5234,22,Nice-to-have
10760,5234,25,Nice-to-have
10761,5179,34,Required
10762,5179,17,Required
10763,6840,21,Preferred
10764,6847,22,Required
10765,6847,25,Preferred
10766,6771,22,Required
10767,6771,25,Nice-to-have
10768,5217,20,Required
10769,6851,3,Nice-to-have
10770,6851,28,Required
10771,6851,4,Nice-to-have
10772,6812,21,Required
10773,5256,28,Required
10774,5256,34,Required
10775,6785,22,Nice-to-have
10776,6785,25,Nice-to-have
10777,6841,3,Required
10778,6841,28,Nice-to-have
10779,6841,4,Preferred
10780,6788,22,Required
10781,6788,25,Nice-to-have
10782,5206,19,Required
10783,5206,34,Required
10784,5199,24,Required
10785,6802,19,Required
10786,6802,34,Required
10787,5247,25,Nice-to-have
10788,5232,22,Nice-to-have
10789,5232,25,Required
10790,3108,20,Preferred
10791,6762,34,Required
10792,6762,24,Nice-to-have
10793,6917,23,Preferred
10794,6917,25,Nice-to-have
10795,6917,22,Required
10796,6794,32,Nice-to-have
10797,6775,24,Nice-to-have
10798,6775,34,Nice-to-have
10799,3125,34,Nice-to-have
10800,3125,24,Nice-to-have
10801,5292,28,Required
10802,5292,34,Required
10803,6767,22,Preferred
10804,6767,25,Required
10805,5237,34,Preferred
10806,5237,24,Nice-to-have
10807,5207,25,Nice-to-have
10808,3012,32,Required
10809,5272,34,Preferred
10810,5272,24,Required
10811,5276,24,Nice-to-have
10812,5276,34,Required
10813,6789,8,Required
10814,6789,25,Preferred
10815,3142,23,Preferred
10816,6827,16,Preferred
10817,6827,17,Nice-to-have
10818,6796,31,Required
10819,6796,19,Nice-to-have
10820,6880,16,Required
10821,6880,17,Preferred
10822,6892,16,Preferred
10823,6892,17,Nice-to-have
10824,6896,16,Required
10825,6896,17,Nice-to-have
10826,6807,35,Nice-to-have
10827,6807,33,Required
10828,6927,16,Required
10829,6927,28,Required
10830,6927,4,Preferred
10831,6852,16,Preferred
10832,6852,17,Nice-to-have
10833,6809,20,Preferred
10834,6899,16,Nice-to-have
10835,6899,17,Required
10836,6834,16,Preferred
10837,6834,17,Nice-to-have
10838,6780,25,Required
10839,6837,16,Required
10840,6837,17,Preferred
10841,6900,35,Required
10842,6900,33,Preferred
10843,6910,16,Nice-to-have
10844,6910,17,Nice-to-have
10845,6903,22,Nice-to-have
10846,6903,25,Required
10847,6902,34,Nice-to-have
10848,6902,24,Preferred
10849,6839,31,Nice-to-have
10850,6839,19,Nice-to-have
10851,6836,16,Required
10852,6836,17,Required
10853,6838,16,Nice-to-have
10854,6838,17,Nice-to-have
10855,6920,35,Required
10856,6920,33,Preferred
10857,6913,2,Preferred
10858,6913,1,Preferred
10859,6913,25,Preferred
10860,6890,16,Nice-to-have
10861,6890,17,Required
10862,3038,34,Nice-to-have
10863,3038,24,Required
10864,6911,35,Nice-to-have
10865,6911,33,Required
10866,6909,16,Required
10867,6909,17,Required
10868,6817,16,Nice-to-have
10869,6817,17,Preferred
10870,6830,16,Required
10871,6830,17,Nice-to-have
10872,6832,16,Preferred
10873,6832,17,Required
10874,6823,16,Required
10875,6823,17,Preferred
10876,6916,16,Preferred
10877,6916,28,Required
10878,6916,4,Required
10879,6820,16,Required
10880,6820,17,Nice-to-have
10881,6857,16,Required
10882,6857,17,Nice-to-have
10883,6846,31,Required
10884,6846,19,Preferred
10885,6825,16,Nice-to-have
10886,6825,17,Nice-to-have
10887,6907,16,Required
10888,6907,17,Nice-to-have
10889,6918,35,Preferred
10890,6918,33,Nice-to-have
10891,6854,16,Nice-to-have
10892,6854,17,Required
10893,6833,16,Required
10894,6833,17,Nice-to-have
10895,6826,16,Nice-to-have
10896,6826,17,Required
10897,6901,2,Required
10898,6901,1,Nice-to-have
10899,6901,25,Preferred
10900,6883,16,Required
10901,6883,17,Required
10902,6898,34,Preferred
10903,6898,24,Nice-to-have
10904,6933,24,Required
10905,6933,34,Required
10906,6879,16,Nice-to-have
10907,6879,17,Nice-to-have
10908,6872,16,Required
10909,6872,17,Required
10910,6853,16,Required
10911,6853,17,Required
10912,6885,16,Nice-to-have
10913,6885,17,Required
10914,6845,16,Preferred
10915,6845,17,Required
10916,6889,16,Nice-to-have
10917,6889,17,Nice-to-have
10918,6877,16,Preferred
10919,6877,17,Required
10920,6881,16,Preferred
10921,6881,17,Preferred
10922,6926,19,Nice-to-have
10923,6926,34,Required
10924,6940,16,Nice-to-have
10925,6940,26,Required
10926,6850,16,Preferred
10927,6850,17,Required
10928,6842,16,Required
10929,6842,17,Required
10930,6870,16,Nice-to-have
10931,6870,17,Nice-to-have
10932,6884,16,Nice-to-have
10933,6884,17,Preferred
10934,6864,16,Required
10935,6864,17,Nice-to-have
10936,6932,2,Nice-to-have
10937,6932,1,Preferred
10938,6932,25,Nice-to-have
10939,6878,16,Preferred
10940,6878,17,Nice-to-have
10941,6897,5,Required
10942,6897,11,Nice-to-have
10943,6865,16,Required
10944,6865,17,Preferred
10945,6871,16,Preferred
10946,6871,17,Required
10947,6906,16,Nice-to-have
10948,6906,17,Preferred
10949,6822,16,Required
10950,6822,17,Preferred
10951,6895,16,Preferred
10952,6895,17,Required
10953,6843,16,Nice-to-have
10954,6843,17,Preferred
10955,6891,16,Nice-to-have
10956,6891,17,Required
10957,6929,13,Required
10958,6861,16,Required
10959,6861,17,Required
10960,6921,34,Nice-to-have
10961,6921,24,Nice-to-have
10962,6844,16,Required
10963,6844,17,Required
10964,6904,16,Nice-to-have
10965,6904,17,Required
10966,6882,16,Preferred
10967,6882,17,Nice-to-have
10968,6831,16,Required
10969,6831,17,Preferred
10970,6858,16,Preferred
10971,6858,17,Preferred
10972,6919,2,Required
10973,6919,1,Nice-to-have
10974,6919,25,Nice-to-have
10975,6923,13,Required
10976,6824,16,Nice-to-have
10977,6824,17,Preferred
10978,6886,16,Preferred
10979,6886,17,Nice-to-have
10980,6908,16,Preferred
10981,6908,17,Required
10982,6866,16,Nice-to-have
10983,6866,17,Nice-to-have
10984,6876,16,Preferred
10985,6876,17,Preferred
10986,6894,16,Nice-to-have
10987,6894,17,Required
10988,6863,16,Nice-to-have
10989,6863,17,Preferred
10990,6934,14,Required
10991,6934,15,Preferred
10992,6934,9,Nice-to-have
10993,3155,21,Required
10994,6856,16,Required
10995,6856,17,Required
10996,6888,16,Required
10997,6888,17,Preferred
10998,6869,16,Nice-to-have
10999,6869,17,Required
11000,6848,16,Preferred
11001,6848,17,Preferred
11002,6862,16,Required
11003,6862,17,Required
11004,6828,16,Nice-to-have
11005,6828,17,Nice-to-have
11006,6922,35,Required
11007,6922,33,Preferred
11008,6860,16,Preferred
11009,6860,17,Required
11010,6915,24,Required
11011,6915,34,Required
11012,6873,16,Required
11013,6873,17,Preferred
11014,6928,13,Preferred
11015,6829,16,Nice-to-have
11016,6829,17,Required
11017,6818,16,Preferred
11018,6818,17,Required
11019,6855,16,Nice-to-have
11020,6855,17,Required
11021,6821,16,Required
11022,6821,17,Required
11023,6867,16,Nice-to-have
11024,6867,17,Preferred
11025,5647,22,Required
11026,5647,25,Preferred
11027,6914,34,Preferred
11028,6914,24,Required
11029,6835,16,Preferred
11030,6835,17,Nice-to-have
11031,6937,35,Required
11032,6937,33,Preferred
11033,6874,19,Nice-to-have
11034,6874,34,Required
11035,6941,31,Required
11036,6941,19,Preferred
11037,6887,16,Preferred
11038,6887,17,Required
11039,3158,21,Required
11040,5273,16,Preferred
11041,6859,16,Preferred
11042,6859,17,Preferred
11043,6893,16,Nice-to-have
11044,6893,17,Nice-to-have
11045,5648,14,Nice-to-have
11046,5648,12,Preferred
11047,5648,25,Required
11048,3151,21,Preferred
11049,3160,35,Required
11050,3160,33,Preferred
11051,6912,31,Required
11052,6912,19,Required
11053,6957,13,Nice-to-have
11054,3159,26,Nice-to-have
11055,5645,13,Nice-to-have
11056,6942,23,Nice-to-have
11057,3154,35,Nice-to-have
11058,3154,33,Required
11059,6936,35,Required
11060,6936,33,Nice-to-have
11061,3157,35,Nice-to-have
11062,3157,33,Required
11063,5646,13,Preferred
11064,5644,13,Preferred
11065,6819,16,Preferred
11066,6819,17,Required
11067,6930,27,Preferred
11068,6930,33,Preferred
11069,6930,22,Required
11070,5653,13,Nice-to-have
11071,6868,16,Required
11072,6868,17,Nice-to-have
11073,3153,6,Preferred
11074,3153,7,Nice-to-have
11075,5665,13,Nice-to-have
11076,3152,27,Nice-to-have
11077,3152,33,Preferred
11078,3152,20,Nice-to-have
11079,5642,13,Required
11080,6849,16,Required
11081,6849,17,Nice-to-have
11082,6924,10,Required
11083,6924,11,Required
11084,5658,35,Required
11085,5658,33,Preferred
11086,6905,16,Nice-to-have
11087,6905,17,Nice-to-have
11088,3156,22,Required
11089,3156,25,Required
11090,5651,13,Required
11091,6952,20,Preferred
11092,5657,13,Nice-to-have
11093,6948,35,Required
11094,6948,20,Preferred
11095,6948,17,Nice-to-have
11096,6945,35,Required
11097,6945,33,Preferred
11098,3165,28,Required
11099,3165,29,Required
11100,3165,30,Required
11101,5664,13,Required
11102,6953,20,Preferred
11103,6947,24,Nice-to-have
11104,6947,18,Preferred
11105,6947,9,Required
11106,5654,13,Required
11107,6949,6,Nice-to-have
11108,6949,7,Nice-to-have
11109,3161,6,Required
11110,3161,7,Required
11111,5662,13,Nice-to-have
11112,5650,13,Required
11113,5663,35,Nice-to-have
11114,5663,33,Required
11115,5652,13,Nice-to-have
11116,5649,13,Preferred
11117,5655,13,Preferred
11118,6944,34,Nice-to-have
11119,6944,24,Required
11120,5660,19,Required
11121,5660,34,Preferred
11122,5643,13,Preferred
11123,5659,13,Nice-to-have
11124,5656,35,Nice-to-have
11125,5656,33,Nice-to-have
11126,5661,13,Required
11127,6943,24,Required
11128,6943,18,Required
11129,6943,9,Required
11130,6938,34,Preferred
11131,6938,24,Nice-to-have
11132,6962,22,Nice-to-have
11133,6962,25,Preferred
11134,6935,34,Required
11135,6935,24,Nice-to-have
11136,6939,34,Preferred
11137,6939,24,Preferred
11138,6925,34,Preferred
11139,6925,24,Preferred
11140,6946,34,Preferred
11141,6946,24,Preferred
11142,5666,31,Nice-to-have
11143,5666,19,Nice-to-have
11144,6931,34,Nice-to-have
11145,6931,24,Required
11146,6950,13,Nice-to-have
11147,6950,17,Nice-to-have
11148,6961,20,Preferred
11149,5669,20,Required
11150,5669,25,Required
11151,5669,35,Preferred
11152,6954,35,Nice-to-have
11153,6954,33,Nice-to-have
11154,6974,28,Required
11155,6974,34,Required
11156,6979,28,Required
11157,6979,34,Preferred
11158,6959,25,Required
11159,6975,25,Nice-to-have
11160,6971,13,Preferred
11161,6971,17,Required
11162,6973,20,Preferred
11163,6966,2,Nice-to-have
11164,6966,1,Nice-to-have
11165,6966,25,Required
11166,6958,2,Preferred
11167,6958,1,Preferred
11168,6958,25,Preferred
11169,6978,35,Required
11170,6978,33,Required
11171,6964,35,Required
11172,6964,33,Nice-to-have
11173,6968,35,Nice-to-have
11174,6968,33,Nice-to-have
11175,6951,35,Nice-to-have
11176,6951,33,Preferred
11177,6965,35,Required
11178,6965,33,Preferred
11179,6993,21,Preferred
11180,6996,35,Nice-to-have
11181,6996,33,Nice-to-have
11182,6976,35,Required
11183,6976,33,Preferred
11184,6982,35,Required
11185,6982,33,Preferred
11186,6969,25,Required
11187,6990,28,Required
11188,6990,29,Required
11189,6990,30,Required
11190,6983,22,Preferred
11191,6983,25,Nice-to-have
11192,6987,28,Preferred
11193,6987,34,Required
11194,7000,34,Required
11195,7000,24,Required
11196,7011,13,Required
11197,5668,20,Preferred
11198,5668,25,Preferred
11199,5668,35,Preferred
11200,6972,20,Nice-to-have
11201,5714,14,Required
11202,5714,12,Nice-to-have
11203,5714,25,Nice-to-have
11204,6995,22,Required
11205,6995,25,Preferred
11206,6991,35,Required
11207,6991,33,Required
11208,7022,35,Required
11209,7022,33,Nice-to-have
11210,6984,22,Required
11211,6984,25,Required
11212,7056,13,Nice-to-have
11213,6956,28,Nice-to-have
11214,6956,34,Preferred
11215,7083,13,Nice-to-have
11216,5710,13,Preferred
11217,5709,35,Nice-to-have
11218,5709,33,Required
11219,6981,28,Preferred
11220,6981,29,Preferred
11221,6981,30,Required
11222,6994,21,Nice-to-have
11223,6992,22,Nice-to-have
11224,6992,25,Required
11225,7014,25,Preferred
11226,5695,22,Preferred
11227,6967,13,Nice-to-have
11228,7016,13,Required
11229,5672,20,Required
11230,5671,21,Required
11231,5715,13,Preferred
11232,3163,28,Required
11233,3163,29,Required
11234,3163,30,Nice-to-have
11235,5686,22,Required
11236,6988,28,Preferred
11237,6988,34,Nice-to-have
11238,5694,22,Nice-to-have
11239,7021,35,Nice-to-have
11240,7021,33,Nice-to-have
11241,6963,2,Required
11242,6963,1,Required
11243,6963,25,Required
11244,7057,13,Preferred
11245,5682,20,Required
11246,5712,35,Preferred
11247,5712,33,Preferred
11248,5691,25,Nice-to-have
11249,7010,22,Preferred
11250,7010,25,Preferred
11251,7005,28,Nice-to-have
11252,7005,34,Required
11253,7001,22,Preferred
11254,7001,25,Preferred
11255,5697,21,Required
11256,7096,25,Nice-to-have
11257,3164,19,Nice-to-have
11258,3164,34,Nice-to-have
11259,7030,13,Required
11260,5692,22,Nice-to-have
11261,7084,13,Nice-to-have
11262,6960,35,Preferred
11263,6960,33,Required
11264,7033,20,Preferred
11265,5680,20,Preferred
11266,7007,22,Preferred
11267,7007,25,Nice-to-have
11268,5696,20,Preferred
11269,5673,22,Required
11270,5678,25,Required
11271,7023,20,Nice-to-have
11272,5704,22,Required
11273,7078,35,Preferred
11274,7078,33,Nice-to-have
11275,7006,25,Preferred
11276,7004,21,Required
11277,5743,10,Required
11278,5743,11,Preferred
11279,6998,21,Preferred
11280,3169,9,Preferred
11281,3169,25,Required
11282,3169,34,Required
11283,5681,16,Preferred
11284,5711,13,Required
11285,6986,25,Preferred
11286,7082,13,Required
11287,5706,20,Required
11288,5734,35,Required
11289,5734,33,Nice-to-have
11290,7088,25,Nice-to-have
11291,6985,28,Preferred
11292,6985,29,Required
11293,6985,30,Preferred
11294,7049,22,Required
11295,7049,25,Required
11296,5736,25,Preferred
11297,5744,20,Required
11298,5744,17,Nice-to-have
11299,7065,14,Required
11300,7065,12,Nice-to-have
11301,7065,25,Required
11302,5720,9,Required
11303,5720,25,Preferred
11304,5720,34,Nice-to-have
11305,5690,20,Preferred
11306,5670,22,Required
11307,5676,22,Required
11308,7069,22,Preferred
11309,7069,25,Required
11310,3168,20,Nice-to-have
11311,5679,22,Nice-to-have
11312,7064,13,Required
11313,7099,25,Preferred
11314,5684,21,Nice-to-have
11315,5689,25,Preferred
11316,5724,35,Required
11317,5724,33,Nice-to-have
11318,5707,34,Nice-to-have
11319,5707,24,Nice-to-have
11320,6977,28,Preferred
11321,6977,34,Required
11322,7009,21,Preferred
11323,5716,13,Required
11324,5699,22,Required
11325,5688,16,Preferred
11326,7067,13,Preferred
11327,7060,25,Required
11328,7063,25,Preferred
11329,3162,19,Preferred
11330,3162,34,Preferred
11331,7008,14,Preferred
11332,7008,12,Nice-to-have
11333,7008,25,Required
11334,7098,13,Nice-to-have
11335,5685,16,Nice-to-have
11336,5737,35,Preferred
11337,5737,33,Nice-to-have
11338,6997,22,Preferred
11339,6997,25,Preferred
11340,5713,14,Preferred
11341,5713,12,Required
11342,5713,25,Required
11343,6989,28,Preferred
11344,6989,29,Preferred
11345,6989,30,Preferred
11346,7002,22,Nice-to-have
11347,7002,25,Preferred
11348,5702,20,Required
11349,5700,22,Preferred
11350,5708,35,Nice-to-have
11351,5708,33,Preferred
11352,6999,34,Required
11353,6999,24,Preferred
11354,5677,20,Required
11355,7055,22,Preferred
11356,7055,25,Required
11357,7070,25,Required
11358,7050,22,Required
11359,7050,25,Nice-to-have
11360,7038,22,Nice-to-have
11361,7038,25,Required
11362,7073,26,Preferred
11363,7104,16,Nice-to-have
11364,7104,35,Required
11365,7104,24,Preferred
11366,7048,35,Nice-to-have
11367,7048,33,Nice-to-have
11368,3166,21,Preferred
11369,5731,20,Preferred
11370,3174,19,Preferred
11371,3174,34,Required
11372,5752,8,Required
11373,5752,25,Nice-to-have
11374,5698,20,Nice-to-have
11375,5730,13,Preferred
11376,7018,34,Preferred
11377,7018,17,Nice-to-have
11378,7039,22,Preferred
11379,7039,25,Required
11380,7062,35,Nice-to-have
11381,7062,33,Preferred
11382,5719,24,Nice-to-have
11383,5719,34,Preferred
11384,5750,13,Required
11385,3173,35,Required
11386,3173,33,Preferred
11387,3177,25,Nice-to-have
11388,7043,13,Preferred
11389,7046,20,Nice-to-have
11390,5683,20,Nice-to-have
11391,7080,23,Required
11392,7003,8,Preferred
11393,7003,25,Required
11394,5735,25,Required
11395,6955,20,Preferred
11396,7041,35,Preferred
11397,7041,33,Nice-to-have
11398,3175,13,Required
11399,7052,22,Nice-to-have
11400,7052,25,Nice-to-have
11401,3172,35,Nice-to-have
11402,3172,33,Required
11403,7045,22,Preferred
11404,7045,25,Nice-to-have
11405,5753,8,Nice-to-have
11406,5753,25,Nice-to-have
11407,7094,13,Preferred
11408,7081,6,Preferred
11409,7081,7,Nice-to-have
11410,7035,22,Preferred
11411,7035,25,Preferred
11412,7097,13,Nice-to-have
11413,7032,22,Preferred
11414,7032,25,Required
11415,7040,34,Required
11416,7040,17,Nice-to-have
11417,5717,20,Preferred
11418,5727,20,Required
11419,7090,34,Preferred
11420,7090,24,Required
11421,7020,34,Preferred
11422,7020,17,Preferred
11423,3167,25,Required
11424,5755,21,Required
11425,7091,19,Nice-to-have
11426,7091,34,Required
11427,7066,25,Preferred
11428,5703,27,Required
11429,7071,35,Preferred
11430,7071,33,Preferred
11431,7072,13,Preferred
11432,5751,14,Nice-to-have
11433,5751,12,Preferred
11434,5751,25,Required
11435,5687,20,Nice-to-have
11436,5667,14,Required
11437,5667,12,Nice-to-have
11438,5667,25,Preferred
11439,7100,13,Required
11440,7036,25,Preferred
11441,7087,13,Preferred
11442,5748,25,Required
11443,3170,19,Preferred
11444,3170,34,Preferred
11445,6970,25,Nice-to-have
11446,7028,13,Preferred
11447,5754,23,Preferred
11448,5722,25,Nice-to-have
11449,5728,20,Nice-to-have
11450,7031,25,Preferred
11451,7092,22,Preferred
11452,7092,25,Nice-to-have
11453,5747,25,Nice-to-have
11454,7085,25,Required
11455,6980,13,Nice-to-have
11456,6980,17,Nice-to-have
11457,7013,34,Preferred
11458,7013,17,Nice-to-have
11459,5705,25,Nice-to-have
11460,7075,25,Nice-to-have
11461,7093,35,Nice-to-have
11462,7093,33,Nice-to-have
11463,7089,35,Required
11464,7089,17,Nice-to-have
11465,7012,35,Preferred
11466,7012,33,Preferred
11467,7076,6,Nice-to-have
11468,7076,7,Required
11469,5693,22,Nice-to-have
11470,7027,34,Preferred
11471,7027,17,Nice-to-have
11472,7054,22,Required
11473,7054,25,Preferred
11474,7111,26,Preferred
11475,7059,13,Preferred
11476,5756,8,Preferred
11477,5756,25,Required
11478,7047,13,Nice-to-have
11479,7037,35,Preferred
11480,7037,33,Required
11481,5721,25,Preferred
11482,5725,14,Preferred
11483,5725,12,Preferred
11484,5725,25,Required
11485,7029,35,Preferred
11486,7029,33,Required
11487,7015,20,Preferred
11488,7079,17,Preferred
11489,7017,25,Preferred
11490,5718,25,Preferred
11491,7058,20,Required
11492,7034,25,Required
11493,5733,22,Nice-to-have
11494,5733,25,Preferred
11495,5674,20,Nice-to-have
11496,7051,32,Nice-to-have
11497,7019,34,Preferred
11498,7019,17,Nice-to-have
11499,7109,17,Nice-to-have
11500,5758,34,Preferred
11501,5758,24,Required
11502,5758,25,Required
11503,5760,35,Required
11504,5760,33,Nice-to-have
11505,3178,19,Required
11506,3178,34,Required
11507,7108,28,Required
11508,7108,29,Preferred
11509,7108,30,Preferred
11510,3171,19,Preferred
11511,3171,34,Preferred
11512,5732,26,Preferred
11513,5726,20,Nice-to-have
11514,7101,35,Preferred
11515,7101,17,Nice-to-have
11516,7102,31,Required
11517,7102,19,Nice-to-have
11518,5746,16,Required
11519,5746,25,Nice-to-have
11520,5746,17,Preferred
11521,5739,21,Preferred
11522,7086,13,Required
11523,7025,22,Required
11524,7025,25,Preferred
11525,7105,10,Nice-to-have
11526,7105,11,Required
11527,7107,2,Preferred
11528,7107,22,Nice-to-have
11529,7053,34,Nice-to-have
11530,7053,17,Required
11531,3179,24,Nice-to-have
11532,3179,34,Nice-to-have
11533,5675,20,Nice-to-have
11534,5723,25,Nice-to-have
11535,7026,20,Nice-to-have
11536,5738,6,Nice-to-have
11537,5738,7,Required
11538,7024,22,Required
11539,7024,25,Preferred
11540,5729,20,Nice-to-have
11541,7044,25,Required
11542,7061,35,Preferred
11543,7061,33,Preferred
11544,5701,20,Required
11545,7077,25,Preferred
11546,5749,34,Nice-to-have
11547,5749,24,Required
11548,5757,24,Preferred
11549,5757,34,Nice-to-have
11550,5740,22,Required
11551,5740,25,Required
11552,5745,34,Preferred
11553,5745,24,Required
11554,5745,25,Nice-to-have
11555,7103,17,Nice-to-have
11556,7074,22,Preferred
11557,7074,25,Required
11558,7116,13,Required
11559,7112,13,Nice-to-have
11560,7114,26,Nice-to-have
11561,7106,26,Nice-to-have
11562,7115,13,Preferred
11563,7095,13,Required
11564,7042,13,Required
11565,7068,25,Required
11566,5765,35,Nice-to-have
11567,5765,33,Required
11568,7117,20,Required
11569,5742,34,Required
11570,5742,24,Preferred
11571,5741,35,Preferred
11572,5741,33,Nice-to-have
11573,7252,35,Nice-to-have
11574,7252,33,Preferred
11575,7145,2,Nice-to-have
11576,7145,1,Required
11577,7145,25,Nice-to-have
11578,7193,21,Nice-to-have
11579,7144,13,Preferred
11580,5805,20,Preferred
11581,3218,34,Required
11582,3218,24,Nice-to-have
11583,7208,4,Required
11584,7208,25,Required
11585,7263,25,Required
11586,7263,19,Nice-to-have
11587,3180,31,Required
11588,3291,25,Preferred
11589,3291,12,Preferred
11590,3291,24,Preferred
11591,7147,20,Required
11592,3189,25,Preferred
11593,5788,8,Preferred
11594,3207,26,Preferred
11595,3207,21,Preferred
11596,3207,14,Preferred
11597,5783,35,Nice-to-have
11598,5783,17,Preferred
11599,5783,16,Nice-to-have
11600,3274,31,Preferred
11601,3274,9,Required
11602,3274,19,Preferred
11603,3212,34,Required
11604,3212,26,Required
11605,3212,8,Preferred
11606,7239,35,Nice-to-have
11607,7239,33,Nice-to-have
11608,7200,25,Preferred
11609,7142,20,Nice-to-have
11610,3306,34,Required
11611,3306,17,Required
11612,7110,14,Preferred
11613,7199,32,Required
11614,5817,20,Nice-to-have
11615,5785,19,Required
11616,5785,31,Required
11617,7130,21,Required
11618,7259,19,Required
11619,7151,2,Required
11620,7151,1,Nice-to-have
11621,7151,25,Required
11622,3300,35,Required
11623,7262,12,Required
11624,7124,35,Preferred
11625,7124,33,Required
11626,3201,25,Required
11627,3262,34,Required
11628,3262,35,Nice-to-have
11629,3223,32,Nice-to-have
11630,5790,8,Nice-to-have
11631,7160,34,Preferred
11632,7160,24,Required
11633,7269,35,Required
11634,7269,33,Preferred
11635,7256,33,Nice-to-have
11636,3295,21,Nice-to-have
11637,7268,25,Nice-to-have
11638,7268,22,Required
11639,7178,20,Required
11640,3217,26,Required
11641,3217,24,Preferred
11642,7154,20,Required
11643,5799,31,Preferred
11644,3194,8,Preferred
11645,7182,35,Required
11646,7182,33,Required
11647,3290,31,Nice-to-have
11648,3248,25,Required
11649,3248,4,Preferred
11650,3248,11,Preferred
11651,7129,31,Required
11652,7129,19,Preferred
11653,7129,35,Nice-to-have
11654,7255,35,Nice-to-have
11655,7255,33,Preferred
11656,7174,13,Preferred
11657,5776,33,Required
11658,5776,20,Required
11659,7251,12,Preferred
11660,7260,26,Nice-to-have
11661,7260,16,Preferred
11662,7260,20,Preferred
11663,7125,25,Nice-to-have
11664,3238,26,Nice-to-have
11665,3228,35,Required
11666,3208,25,Required
11667,7201,25,Nice-to-have
11668,7261,25,Nice-to-have
11669,7261,22,Required
11670,3236,25,Nice-to-have
11671,7170,20,Required
11672,7241,35,Required
11673,7241,33,Required
11674,7214,25,Required
11675,3237,15,Preferred
11676,7148,20,Preferred
11677,7231,20,Required
11678,7237,25,Required
11679,7202,13,Nice-to-have
11680,7225,26,Required
11681,7225,20,Nice-to-have
11682,7225,16,Nice-to-have
11683,3249,26,Nice-to-have
11684,3293,2,Nice-to-have
11685,3293,1,Preferred
11686,5818,20,Preferred
11687,3221,34,Required
11688,3244,35,Required
11689,3244,33,Preferred
11690,7141,21,Nice-to-have
11691,7210,31,Nice-to-have
11692,7210,19,Nice-to-have
11693,3176,31,Nice-to-have
11694,3305,24,Preferred
11695,3199,25,Preferred
11696,3199,12,Preferred
11697,5763,8,Nice-to-have
11698,5812,20,Required
11699,7264,31,Required
11700,7264,12,Required
11701,7264,19,Nice-to-have
11702,7126,20,Nice-to-have
11703,7232,32,Required
11704,3271,25,Preferred
11705,3271,12,Nice-to-have
11706,3271,8,Nice-to-have
11707,7171,28,Nice-to-have
11708,7171,34,Nice-to-have
11709,5801,12,Nice-to-have
11710,5801,25,Required
11711,5801,34,Preferred
11712,5819,24,Nice-to-have
11713,5819,34,Required
11714,7155,20,Nice-to-have
11715,3288,34,Required
11716,3288,24,Preferred
11717,5814,24,Nice-to-have
11718,5814,34,Preferred
11719,7132,20,Nice-to-have
11720,3275,19,Required
11721,5779,25,Required
11722,5779,9,Nice-to-have
11723,5779,22,Preferred
11724,3266,25,Nice-to-have
11725,5807,13,Nice-to-have
11726,7146,34,Nice-to-have
11727,7146,18,Preferred
11728,7146,28,Required
11729,3276,25,Nice-to-have
11730,7157,34,Nice-to-have
11731,7157,24,Preferred
11732,7211,24,Nice-to-have
11733,7211,31,Preferred
11734,7211,22,Nice-to-have
11735,7189,20,Required
11736,3307,24,Preferred
11737,3307,34,Required
11738,3183,25,Nice-to-have
11739,5774,8,Preferred
11740,5774,25,Nice-to-have
11741,5774,4,Nice-to-have
11742,5797,25,Required
11743,7123,22,Preferred
11744,7123,12,Preferred
11745,7123,14,Required
11746,5813,13,Required
11747,5813,17,Nice-to-have
11748,7247,13,Nice-to-have
11749,7236,19,Required
11750,7236,25,Nice-to-have
11751,7194,25,Preferred
11752,7253,32,Required
11753,5786,30,Nice-to-have
11754,5786,20,Preferred
11755,7191,24,Preferred
11756,7191,21,Required
11757,7191,28,Required
11758,3280,20,Nice-to-have
11759,7162,26,Required
11760,3302,33,Required
11761,3302,11,Required
11762,7150,34,Required
11763,7150,24,Preferred
11764,7258,25,Preferred
11765,7258,20,Required
11766,7258,22,Nice-to-have
11767,5800,8,Required
11768,7138,34,Nice-to-have
11769,7138,24,Required
11770,3282,24,Nice-to-have
11771,3282,34,Preferred
11772,7133,25,Nice-to-have
11773,5784,8,Preferred
11774,3209,25,Preferred
11775,34,19,Required
11776,34,6,Preferred
11777,3205,8,Preferred
11778,3205,22,Preferred
11779,7137,34,Required
11780,7137,24,Nice-to-have
11781,7216,19,Required
11782,7216,34,Nice-to-have
11783,7167,34,Nice-to-have
11784,7167,24,Preferred
11785,3265,20,Preferred
11786,3265,25,Preferred
11787,3265,35,Nice-to-have
11788,3230,25,Preferred
11789,3246,31,Nice-to-have
11790,3246,19,Preferred
11791,7234,19,Required
11792,7234,25,Nice-to-have
11793,3286,31,Required
11794,3210,34,Required
11795,3210,24,Nice-to-have
11796,7156,20,Preferred
11797,7149,34,Nice-to-have
11798,7149,24,Required
11799,7209,28,Required
11800,3270,12,Preferred
11801,3270,18,Nice-to-have
11802,3270,11,Preferred
11803,5815,20,Nice-to-have
11804,7218,34,Nice-to-have
11805,7218,24,Nice-to-have
11806,3200,35,Required
11807,3200,33,Nice-to-have
11808,3200,11,Required
11809,3285,2,Preferred
11810,3285,33,Required
11811,3285,18,Preferred
11812,3301,23,Preferred
11813,7248,19,Nice-to-have
11814,7248,25,Preferred
11815,7139,28,Nice-to-have
11816,7139,34,Nice-to-have
11817,3188,31,Nice-to-have
11818,3204,25,Preferred
11819,7267,8,Required
11820,3261,25,Nice-to-have
11821,3279,25,Nice-to-have
11822,3211,24,Required
11823,3297,19,Nice-to-have
11824,3297,31,Nice-to-have
11825,7207,22,Preferred
11826,7207,2,Nice-to-have
11827,7207,33,Nice-to-have
11828,5787,25,Preferred
11829,7206,35,Preferred
11830,7206,33,Preferred
11831,7230,9,Preferred
11832,5791,22,Nice-to-have
11833,5791,35,Required
11834,5775,8,Nice-to-have
11835,5775,25,Preferred
11836,5775,4,Nice-to-have
11837,3226,25,Preferred
11838,3225,25,Required
11839,7176,20,Required
11840,3219,22,Nice-to-have
11841,7204,28,Required
11842,7204,29,Required
11843,7204,30,Nice-to-have
11844,3227,31,Nice-to-have
11845,3227,19,Nice-to-have
11846,3227,9,Required
11847,5792,9,Nice-to-have
11848,5792,22,Preferred
11849,5792,25,Preferred
11850,3272,26,Required
11851,3222,31,Preferred
11852,3222,19,Nice-to-have
11853,7120,20,Nice-to-have
11854,3197,34,Preferred
11855,7127,22,Preferred
11856,3250,13,Required
11857,5768,19,Required
11858,5768,34,Required
11859,7250,22,Required
11860,7250,25,Required
11861,7222,34,Preferred
11862,7222,35,Required
11863,7179,13,Required
11864,3214,25,Preferred
11865,5798,25,Nice-to-have
11866,7119,25,Required
11867,3298,25,Nice-to-have
11868,3289,25,Preferred
11869,3234,25,Required
11870,3193,25,Preferred
11871,7128,35,Nice-to-have
11872,7128,33,Required
11873,5803,19,Required
11874,3190,35,Preferred
11875,3190,8,Nice-to-have
11876,7188,34,Nice-to-have
11877,7188,24,Nice-to-have
11878,3232,2,Nice-to-have
11879,3232,8,Nice-to-have
11880,3232,23,Nice-to-have
11881,7131,35,Preferred
11882,7131,33,Required
11883,7169,20,Nice-to-have
11884,3198,12,Preferred
11885,7228,31,Nice-to-have
11886,7228,19,Nice-to-have
11887,5772,33,Nice-to-have
11888,3260,19,Preferred
11889,7245,22,Required
11890,7245,25,Required
11891,3264,24,Required
11892,3264,34,Nice-to-have
11893,3203,8,Preferred
11894,3203,35,Nice-to-have
11895,3245,33,Preferred
11896,5762,22,Required
11897,5762,19,Preferred
11898,5802,31,Preferred
11899,5802,19,Preferred
11900,3182,31,Nice-to-have
11901,5808,32,Required
11902,7215,14,Nice-to-have
11903,7215,12,Nice-to-have
11904,7215,25,Nice-to-have
11905,3263,25,Preferred
11906,3254,24,Preferred
11907,3254,34,Nice-to-have
11908,3257,13,Preferred
11909,3251,22,Required
11910,3202,20,Nice-to-have
11911,7257,35,Required
11912,7257,33,Nice-to-have
11913,7257,27,Preferred
11914,7122,22,Nice-to-have
11915,7122,33,Nice-to-have
11916,3277,25,Nice-to-have
11917,7135,20,Preferred
11918,3216,31,Nice-to-have
11919,5773,1,Preferred
11920,5773,2,Required
11921,5759,11,Preferred
11922,5759,17,Required
11923,3224,22,Nice-to-have
11924,3299,18,Preferred
11925,3299,29,Required
11926,3299,30,Required
11927,7166,20,Nice-to-have
11928,3192,25,Preferred
11929,5806,28,Preferred
11930,5806,12,Preferred
11931,5795,13,Nice-to-have
11932,3269,28,Required
11933,3269,4,Nice-to-have
11934,3292,31,Preferred
11935,5766,28,Preferred
11936,5766,34,Nice-to-have
11937,7165,20,Preferred
11938,5789,31,Nice-to-have
11939,5789,19,Required
11940,7153,20,Preferred
11941,7190,25,Required
11942,5804,33,Nice-to-have
11943,5804,23,Nice-to-have
11944,5804,35,Required
11945,7173,20,Nice-to-have
11946,3241,26,Nice-to-have
11947,3241,16,Required
11948,3241,8,Nice-to-have
11949,7143,21,Required
11950,7121,25,Preferred
11951,7195,20,Required
11952,5820,24,Nice-to-have
11953,5820,34,Required
11954,7175,34,Nice-to-have
11955,7175,24,Nice-to-have
11956,5767,34,Preferred
11957,5767,24,Nice-to-have
11958,3259,26,Preferred
11959,5769,22,Preferred
11960,5769,33,Required
11961,5769,23,Required
11962,3196,17,Nice-to-have
11963,3196,26,Preferred
11964,7186,20,Nice-to-have
11965,7187,20,Nice-to-have
11966,7152,34,Preferred
11967,7152,24,Nice-to-have
11968,3283,24,Required
11969,3181,31,Nice-to-have
11970,3296,31,Preferred
11971,5778,8,Preferred
11972,5778,35,Preferred
11973,5778,4,Required
11974,7168,20,Required
11975,7184,34,Required
11976,7184,24,Required
11977,5761,24,Required
11978,5761,34,Preferred
11979,7118,14,Required
11980,3294,30,Preferred
11981,3294,27,Required
11982,7205,22,Nice-to-have
11983,5780,33,Required
11984,5780,20,Required
11985,7140,19,Preferred
11986,7140,34,Preferred
11987,5809,31,Nice-to-have
11988,5777,18,Nice-to-have
11989,5777,12,Required
11990,5777,25,Nice-to-have
11991,5824,33,Required
11992,3281,25,Required
11993,7113,27,Nice-to-have
11994,7113,33,Required
11995,3256,12,Preferred
11996,3256,28,Preferred
11997,5810,22,Preferred
11998,5810,25,Preferred
11999,3284,33,Required
12000,3284,11,Required
12001,7254,25,Nice-to-have
12002,3206,31,Nice-to-have
12003,7238,19,Nice-to-have
12004,7238,25,Nice-to-have
12005,5770,22,Preferred
12006,5770,25,Preferred
12007,7244,25,Nice-to-have
12008,3213,25,Nice-to-have
12009,3278,13,Required
12010,3229,34,Preferred
12011,3229,24,Nice-to-have
12012,3229,35,Preferred
12013,3243,25,Preferred
12014,7134,20,Nice-to-have
12015,3233,13,Preferred
12016,3258,28,Preferred
12017,3258,3,Nice-to-have
12018,3258,29,Nice-to-have
12019,5793,13,Preferred
12020,7159,34,Nice-to-have
12021,7159,24,Required
12022,3267,11,Preferred
12023,3215,25,Preferred
12024,5796,13,Preferred
12025,7219,19,Required
12026,7219,31,Preferred
12027,7219,25,Required
12028,3187,25,Preferred
12029,3252,22,Required
12030,7229,25,Preferred
12031,3242,9,Nice-to-have
12032,3242,24,Nice-to-have
12033,3242,34,Required
12034,3184,25,Required
12035,7249,22,Nice-to-have
12036,5816,26,Preferred
12037,5816,8,Preferred
12038,5816,25,Required
12039,7136,34,Required
12040,7136,24,Nice-to-have
12041,7233,25,Preferred
12042,7223,34,Preferred
12043,7223,24,Nice-to-have
12044,7224,34,Nice-to-have
12045,7224,24,Required
12046,7224,3,Preferred
12047,7220,30,Nice-to-have
12048,7164,20,Nice-to-have
12049,3240,20,Preferred
12050,3240,17,Preferred
12051,3268,19,Nice-to-have
12052,3268,34,Nice-to-have
12053,3239,2,Required
12054,3239,22,Required
12055,3239,25,Required
12056,7217,25,Preferred
12057,7177,20,Nice-to-have
12058,3191,25,Required
12059,3191,18,Nice-to-have
12060,3191,28,Nice-to-have
12061,7180,20,Nice-to-have
12062,3186,31,Required
12063,3186,19,Preferred
12064,5794,12,Preferred
12065,7235,25,Preferred
12066,3220,32,Preferred
12067,7221,35,Nice-to-have
12068,7221,20,Preferred
12069,7221,18,Nice-to-have
12070,5823,8,Nice-to-have
12071,7242,35,Required
12072,7242,33,Required
12073,7198,25,Nice-to-have
12074,7161,20,Nice-to-have
12075,3185,22,Required
12076,3185,25,Preferred
12077,5822,34,Required
12078,5822,35,Nice-to-have
12079,5822,17,Nice-to-have
12080,3303,25,Preferred
12081,7158,34,Nice-to-have
12082,7158,24,Preferred
12083,3247,22,Required
12084,3247,2,Required
12085,5764,25,Nice-to-have
12086,3273,24,Nice-to-have
12087,3273,9,Preferred
12088,3273,34,Preferred
12089,3304,19,Required
12090,7265,16,Preferred
12091,7227,19,Required
12092,7227,25,Required
12093,3253,28,Required
12094,3253,30,Required
12095,3253,3,Required
12096,7246,12,Required
12097,7246,25,Nice-to-have
12098,7246,14,Required
12099,5782,33,Required
12100,5782,27,Required
12101,3235,34,Preferred
12102,3235,24,Required
12103,3235,35,Preferred
12104,5771,22,Required
12105,5771,25,Nice-to-have
12106,7213,25,Required
12107,5821,25,Preferred
12108,7240,35,Required
12109,7240,33,Preferred
12110,3287,12,Preferred
12111,3287,9,Required
12112,3287,25,Required
12113,7243,25,Required
12114,7196,20,Preferred
12115,3195,22,Required
12116,3195,33,Nice-to-have
12117,3195,27,Required
12118,7203,25,Required
12119,7203,35,Required
12120,7181,22,Nice-to-have
12121,7181,25,Nice-to-have
12122,7226,25,Nice-to-have
12123,7172,20,Required
12124,3255,24,Nice-to-have
12125,5781,8,Nice-to-have
12126,5781,35,Preferred
12127,5781,4,Nice-to-have
12128,3308,25,Required
12129,7212,25,Required
12130,7266,12,Preferred
12131,7185,20,Preferred
12132,7192,21,Preferred
12133,3231,25,Preferred
12134,7183,28,Nice-to-have
12135,7183,34,Nice-to-have
12136,8505,25,Required
12137,9773,22,Nice-to-have
12138,9773,25,Nice-to-have
12139,7336,25,Preferred
12140,7336,1,Preferred
12141,7336,30,Nice-to-have
12142,9800,25,Nice-to-have
12143,8516,20,Nice-to-have
12144,9873,19,Required
12145,9873,31,Preferred
12146,9873,33,Nice-to-have
12147,9747,7,Nice-to-have
12148,9747,35,Required
12149,9747,17,Required
12150,9829,27,Required
12151,7279,25,Nice-to-have
12152,7279,1,Preferred
12153,7279,30,Required
12154,9838,32,Nice-to-have
12155,8577,22,Preferred
12156,8577,25,Required
12157,7293,12,Required
12158,7293,9,Required
12159,7293,32,Preferred
12160,9789,6,Preferred
12161,9789,7,Required
12162,9767,25,Nice-to-have
12163,9809,22,Required
12164,9809,25,Required
12165,9743,7,Preferred
12166,9743,34,Preferred
12167,9743,17,Nice-to-have
12168,8490,14,Preferred
12169,8490,12,Required
12170,8490,25,Preferred
12171,9831,19,Nice-to-have
12172,8501,14,Required
12173,8501,12,Required
12174,8501,25,Required
12175,9780,35,Required
12176,9780,33,Required
12177,8569,34,Preferred
12178,8569,24,Preferred
12179,9764,34,Nice-to-have
12180,9764,24,Preferred
12181,9821,28,Nice-to-have
12182,9821,34,Preferred
12183,9785,20,Required
12184,9769,19,Required
12185,9769,31,Preferred
12186,8517,28,Nice-to-have
12187,8517,29,Nice-to-have
12188,8517,30,Required
12189,9797,2,Required
12190,9797,1,Preferred
12191,9797,25,Preferred
12192,8557,20,Preferred
12193,7347,8,Required
12194,7337,25,Preferred
12195,7337,1,Nice-to-have
12196,7337,30,Nice-to-have
12197,9841,31,Nice-to-have
12198,9841,19,Nice-to-have
12199,9848,22,Nice-to-have
12200,9848,25,Required
12201,9781,20,Nice-to-have
12202,9775,32,Required
12203,8511,10,Preferred
12204,8511,5,Nice-to-have
12205,8511,11,Required
12206,9868,31,Required
12207,9868,19,Nice-to-have
12208,9868,26,Preferred
12209,9754,7,Nice-to-have
12210,9754,35,Nice-to-have
12211,9754,17,Preferred
12212,8562,35,Preferred
12213,8562,33,Preferred
12214,9748,7,Nice-to-have
12215,9748,35,Nice-to-have
12216,9748,17,Nice-to-have
12217,8489,16,Required
12218,8489,35,Nice-to-have
12219,8489,18,Required
12220,9858,4,Preferred
12221,9858,28,Required
12222,9749,7,Preferred
12223,9749,35,Required
12224,9749,17,Preferred
12225,7327,25,Nice-to-have
12226,7327,1,Required
12227,7327,30,Nice-to-have
12228,9779,22,Preferred
12229,9779,25,Preferred
12230,8544,2,Required
12231,8544,1,Nice-to-have
12232,8544,25,Nice-to-have
12233,9830,20,Required
12234,8567,32,Nice-to-have
12235,9832,34,Preferred
12236,9832,24,Required
12237,9832,32,Preferred
12238,9804,35,Required
12239,9804,33,Nice-to-have
12240,9755,7,Required
12241,9755,34,Required
12242,9755,17,Nice-to-have
12243,9863,20,Required
12244,9869,28,Preferred
12245,9869,34,Required
12246,7274,25,Nice-to-have
12247,7274,1,Preferred
12248,7274,30,Nice-to-have
12249,8536,19,Required
12250,8536,34,Nice-to-have
12251,8541,25,Required
12252,8599,25,Nice-to-have
12253,8611,22,Nice-to-have
12254,8611,25,Required
12255,7348,25,Required
12256,7348,1,Nice-to-have
12257,7348,30,Preferred
12258,9851,8,Required
12259,9851,25,Required
12260,8625,20,Nice-to-have
12261,8625,25,Required
12262,8625,35,Preferred
12263,9798,28,Required
12264,9798,34,Preferred
12265,7315,25,Preferred
12266,9902,22,Nice-to-have
12267,8519,22,Preferred
12268,8519,25,Preferred
12269,9777,28,Nice-to-have
12270,9777,34,Preferred
12271,9791,31,Required
12272,9791,19,Nice-to-have
12273,8565,16,Required
12274,8565,35,Preferred
12275,8565,24,Required
12276,7283,31,Required
12277,9801,28,Preferred
12278,9801,34,Required
12279,8528,28,Nice-to-have
12280,8528,34,Preferred
12281,8579,14,Required
12282,8579,12,Nice-to-have
12283,8579,25,Required
12284,8627,25,Preferred
12285,9855,34,Nice-to-have
12286,9855,24,Required
12287,9744,7,Nice-to-have
12288,9744,35,Nice-to-have
12289,9744,17,Preferred
12290,7278,19,Nice-to-have
12291,7278,34,Required
12292,9756,7,Required
12293,9756,35,Required
12294,9756,17,Preferred
12295,9872,19,Preferred
12296,9872,34,Required
12297,8549,22,Preferred
12298,8549,25,Required
12299,8491,27,Nice-to-have
12300,8491,20,Required
12301,8491,33,Preferred
12302,8593,25,Nice-to-have
12303,8573,31,Preferred
12304,8624,19,Required
12305,8624,34,Required
12306,7301,25,Nice-to-have
12307,7301,1,Nice-to-have
12308,7301,30,Nice-to-have
12309,9885,4,Nice-to-have
12310,8518,34,Preferred
12311,8518,24,Required
12312,8622,24,Required
12313,8622,34,Required
12314,9887,2,Preferred
12315,9887,22,Required
12316,9887,16,Nice-to-have
12317,8533,14,Nice-to-have
12318,8533,12,Preferred
12319,8533,25,Required
12320,8510,27,Required
12321,8510,11,Preferred
12322,8510,33,Nice-to-have
12323,8595,21,Required
12324,8534,22,Required
12325,8534,25,Preferred
12326,8521,28,Nice-to-have
12327,8521,34,Required
12328,9865,20,Preferred
12329,7325,2,Required
12330,7325,25,Preferred
12331,9803,35,Nice-to-have
12332,9803,33,Required
12333,8514,20,Nice-to-have
12334,8514,25,Nice-to-have
12335,8514,35,Preferred
12336,7284,25,Nice-to-have
12337,7284,1,Preferred
12338,7284,30,Required
12339,8581,25,Preferred
12340,9768,20,Required
12341,9790,10,Nice-to-have
12342,9790,11,Preferred
12343,8614,22,Nice-to-have
12344,8614,25,Required
12345,9879,19,Nice-to-have
12346,9879,34,Required
12347,9811,20,Nice-to-have
12348,8597,4,Nice-to-have
12349,8597,28,Preferred
12350,9834,29,Preferred
12351,9834,1,Nice-to-have
12352,9834,28,Nice-to-have
12353,8592,35,Nice-to-have
12354,8592,33,Required
12355,8570,17,Required
12356,8570,16,Required
12357,8570,26,Required
12358,7316,10,Preferred
12359,7316,11,Preferred
12360,9816,22,Nice-to-have
12361,9816,25,Nice-to-have
12362,9786,25,Nice-to-have
12363,9786,8,Required
12364,9787,16,Required
12365,9787,35,Required
12366,9787,20,Preferred
12367,9837,19,Required
12368,9837,34,Preferred
12369,9842,31,Required
12370,9842,6,Required
12371,9842,19,Preferred
12372,8564,22,Preferred
12373,8564,25,Required
12374,8492,14,Preferred
12375,8492,12,Nice-to-have
12376,8492,25,Required
12377,9888,19,Required
12378,9888,13,Nice-to-have
12379,9761,7,Preferred
12380,9761,35,Nice-to-have
12381,9761,17,Required
12382,9825,28,Preferred
12383,9825,34,Required
12384,8556,35,Required
12385,8532,13,Nice-to-have
12386,9854,19,Nice-to-have
12387,9854,34,Required
12388,9850,25,Nice-to-have
12389,9805,34,Preferred
12390,9805,24,Nice-to-have
12391,9836,28,Required
12392,9836,34,Required
12393,8508,16,Preferred
12394,8508,35,Required
12395,8508,18,Nice-to-have
12396,9765,6,Nice-to-have
12397,9765,7,Required
12398,8507,32,Nice-to-have
12399,9810,20,Preferred
12400,8540,10,Required
12401,8540,5,Required
12402,8540,11,Required
12403,7272,8,Nice-to-have
12404,7272,4,Preferred
12405,7317,2,Nice-to-have
12406,7317,25,Nice-to-have
12407,9766,34,Preferred
12408,9766,24,Nice-to-have
12409,8535,24,Required
12410,8535,34,Required
12411,7302,6,Required
12412,8498,20,Required
12413,9864,34,Preferred
12414,9864,24,Nice-to-have
12415,8529,35,Preferred
12416,8529,33,Required
12417,7285,35,Required
12418,9845,8,Nice-to-have
12419,9845,25,Preferred
12420,9746,7,Nice-to-have
12421,9746,35,Preferred
12422,9746,17,Required
12423,8548,16,Nice-to-have
12424,8548,35,Preferred
12425,8548,24,Required
12426,9840,23,Required
12427,9840,8,Nice-to-have
12428,9840,5,Preferred
12429,9876,20,Nice-to-have
12430,9847,20,Nice-to-have
12431,7328,25,Nice-to-have
12432,9856,14,Nice-to-have
12433,9856,12,Preferred
12434,9856,25,Nice-to-have
12435,9877,22,Required
12436,9877,25,Required
12437,8578,8,Preferred
12438,8578,25,Required
12439,9861,35,Preferred
12440,9861,33,Nice-to-have
12441,9817,28,Preferred
12442,9817,34,Preferred
12443,9808,26,Required
12444,8502,25,Required
12445,8502,22,Nice-to-have
12446,7313,26,Nice-to-have
12447,7313,17,Nice-to-have
12448,7313,34,Nice-to-have
12449,9741,7,Nice-to-have
12450,9741,35,Nice-to-have
12451,9741,17,Nice-to-have
12452,8515,25,Required
12453,8515,22,Nice-to-have
12454,9824,28,Required
12455,9824,34,Preferred
12456,9852,20,Required
12457,9862,20,Required
12458,9776,16,Nice-to-have
12459,9776,11,Preferred
12460,9776,20,Required
12461,7351,25,Preferred
12462,7351,1,Required
12463,7351,30,Preferred
12464,9737,34,Required
12465,9737,24,Nice-to-have
12466,7339,25,Required
12467,8551,21,Preferred
12468,9738,34,Required
12469,9738,24,Preferred
12470,9812,28,Preferred
12471,9812,34,Nice-to-have
12472,8600,24,Required
12473,8600,34,Preferred
12474,8641,19,Required
12475,8641,31,Nice-to-have
12476,8641,12,Nice-to-have
12477,9795,28,Required
12478,9795,34,Required
12479,8633,17,Nice-to-have
12480,8633,28,Required
12481,8633,3,Nice-to-have
12482,8545,13,Required
12483,8621,21,Preferred
12484,7296,25,Required
12485,8547,21,Preferred
12486,9758,7,Preferred
12487,9758,35,Nice-to-have
12488,9758,17,Nice-to-have
12489,9846,25,Preferred
12490,9846,22,Nice-to-have
12491,9757,7,Nice-to-have
12492,9757,35,Nice-to-have
12493,9757,17,Required
12494,9839,20,Preferred
12495,9874,9,Required
12496,9874,22,Required
12497,9874,25,Nice-to-have
12498,7314,22,Preferred
12499,7314,25,Required
12500,8524,4,Nice-to-have
12501,8524,28,Nice-to-have
12502,8571,2,Required
12503,8571,1,Preferred
12504,8571,25,Nice-to-have
12505,9843,25,Preferred
12506,9793,19,Required
12507,9793,34,Preferred
12508,8612,28,Nice-to-have
12509,8612,34,Nice-to-have
12510,7335,19,Required
12511,7335,34,Preferred
12512,9844,25,Nice-to-have
12513,8617,25,Nice-to-have
12514,9762,7,Nice-to-have
12515,9762,34,Required
12516,9762,17,Required
12517,8525,23,Preferred
12518,1,6,Nice-to-have
12519,1,7,Nice-to-have
12520,8494,8,Nice-to-have
12521,8494,25,Preferred
12522,9799,20,Required
12523,9867,34,Required
12524,9867,24,Preferred
12525,8631,34,Preferred
12526,8631,24,Required
12527,8623,34,Preferred
12528,8623,24,Required
12529,9759,22,Required
12530,9759,25,Nice-to-have
12531,9763,7,Preferred
12532,9763,35,Preferred
12533,9763,17,Preferred
12534,8561,35,Preferred
12535,8561,33,Required
12536,7275,12,Required
12537,7275,18,Preferred
12538,7275,8,Nice-to-have
12539,8574,21,Preferred
12540,9739,7,Nice-to-have
12541,9739,35,Required
12542,9739,17,Nice-to-have
12543,8563,21,Nice-to-have
12544,8495,35,Preferred
12545,8495,33,Required
12546,7281,8,Preferred
12547,7281,25,Nice-to-have
12548,8509,27,Nice-to-have
12549,8509,11,Preferred
12550,8509,33,Preferred
12551,8522,34,Required
12552,8522,24,Required
12553,8499,35,Preferred
12554,8499,33,Preferred
12555,9751,7,Nice-to-have
12556,9751,35,Required
12557,9751,17,Nice-to-have
12558,9904,23,Nice-to-have
12559,9875,34,Required
12560,9875,24,Required
12561,9849,8,Nice-to-have
12562,9849,25,Required
12563,9819,26,Required
12564,9819,31,Preferred
12565,9819,22,Preferred
12566,7310,31,Nice-to-have
12567,7310,19,Preferred
12568,8520,22,Nice-to-have
12569,8520,25,Required
12570,8552,22,Required
12571,8552,25,Nice-to-have
12572,8610,34,Required
12573,8610,24,Nice-to-have
12574,8531,22,Required
12575,8531,25,Nice-to-have
12576,8558,13,Preferred
12577,9857,24,Preferred
12578,9857,34,Preferred
12579,9893,25,Nice-to-have
12580,8598,25,Required
12581,8609,14,Nice-to-have
12582,8609,12,Required
12583,8609,25,Required
12584,7326,25,Nice-to-have
12585,7326,1,Nice-to-have
12586,7326,30,Nice-to-have
12587,7330,29,Required
12588,7330,30,Preferred
12589,7330,25,Required
12590,8530,13,Preferred
12591,9742,7,Preferred
12592,9742,35,Required
12593,9742,17,Required
12594,8488,14,Preferred
12595,8488,12,Required
12596,8488,25,Required
12597,8493,20,Nice-to-have
12598,7286,34,Nice-to-have
12599,7329,14,Nice-to-have
12600,7329,12,Nice-to-have
12601,7329,25,Required
12602,9818,27,Required
12603,8596,16,Required
12604,8596,35,Required
12605,8596,24,Nice-to-have
12606,8503,27,Required
12607,8503,11,Preferred
12608,8503,33,Preferred
12609,9752,7,Required
12610,9752,35,Required
12611,9752,17,Nice-to-have
12612,9770,2,Nice-to-have
12613,9770,1,Preferred
12614,9770,25,Required
12615,9792,31,Required
12616,9792,19,Nice-to-have
12617,7303,25,Preferred
12618,7295,4,Required
12619,7295,34,Preferred
12620,9827,25,Preferred
12621,9827,31,Preferred
12622,8566,22,Nice-to-have
12623,8566,25,Preferred
12624,9806,24,Required
12625,9806,34,Nice-to-have
12626,9878,20,Required
12627,9807,35,Nice-to-have
12628,9807,33,Preferred
12629,7338,26,Nice-to-have
12630,8527,27,Nice-to-have
12631,8527,11,Required
12632,8527,33,Preferred
12633,8512,21,Required
12634,8504,14,Nice-to-have
12635,8504,12,Required
12636,8504,25,Nice-to-have
12637,9771,26,Preferred
12638,8539,24,Nice-to-have
12639,8539,34,Nice-to-have
12640,9820,32,Preferred
12641,8594,21,Preferred
12642,8580,22,Preferred
12643,8580,25,Required
12644,8543,34,Nice-to-have
12645,8543,35,Preferred
12646,7353,31,Nice-to-have
12647,9740,7,Nice-to-have
12648,9740,35,Preferred
12649,9740,17,Nice-to-have
12650,8635,28,Nice-to-have
12651,8635,4,Nice-to-have
12652,8635,3,Required
12653,8497,20,Preferred
12654,9815,35,Required
12655,9815,33,Required
12656,8559,13,Preferred
12657,9784,2,Nice-to-have
12658,9784,33,Nice-to-have
12659,9784,22,Required
12660,8575,21,Preferred
12661,9859,34,Preferred
12662,9859,24,Required
12663,8526,22,Preferred
12664,8526,25,Required
12665,7324,9,Required
12666,9853,20,Required
12667,9826,35,Nice-to-have
12668,9826,33,Preferred
12669,8546,34,Preferred
12670,8546,24,Nice-to-have
12671,8613,22,Preferred
12672,8613,25,Preferred
12673,8506,10,Required
12674,8506,5,Preferred
12675,8506,11,Nice-to-have
12676,7288,6,Required
12677,9870,25,Nice-to-have
12678,9823,35,Nice-to-have
12679,9823,33,Required
12680,9911,25,Required
12681,7287,13,Preferred
12682,8500,26,Nice-to-have
12683,9871,19,Required
12684,9871,34,Nice-to-have
12685,8601,32,Required
12686,9899,34,Preferred
12687,9899,24,Nice-to-have
12688,7312,35,Preferred
12689,7312,33,Nice-to-have
12690,8560,22,Nice-to-have
12691,8560,25,Nice-to-have
12692,7354,13,Required
12693,8618,22,Nice-to-have
12694,8618,25,Preferred
12695,7311,25,Preferred
12696,7311,1,Preferred
12697,7311,30,Nice-to-have
12698,7320,25,Nice-to-have
12699,7320,12,Nice-to-have
12700,7320,5,Preferred
12701,7358,25,Required
12702,7276,34,Preferred
12703,7276,24,Required
12704,8628,20,Preferred
12705,9802,28,Nice-to-have
12706,9802,34,Preferred
12707,7355,31,Preferred
12708,8619,25,Preferred
12709,7350,26,Preferred
12710,7350,17,Required
12711,7350,5,Preferred
12712,8538,22,Required
12713,8538,25,Preferred
12714,8584,19,Nice-to-have
12715,8584,34,Nice-to-have
12716,7342,31,Required
12717,7342,19,Required
12718,9833,34,Required
12719,9833,24,Preferred
12720,9833,32,Nice-to-have
12721,7319,25,Nice-to-have
12722,7319,1,Required
12723,7319,30,Nice-to-have
12724,7294,25,Required
12725,7294,1,Preferred
12726,7294,30,Required
12727,8616,22,Required
12728,8616,25,Nice-to-have
12729,9828,23,Nice-to-have
12730,8582,34,Preferred
12731,8582,24,Nice-to-have
12732,8605,19,Required
12733,8605,34,Required
12734,9880,25,Required
12735,8585,35,Nice-to-have
12736,8585,33,Nice-to-have
12737,8513,28,Preferred
12738,8513,29,Preferred
12739,8513,30,Required
12740,7282,13,Required
12741,9753,7,Preferred
12742,9753,35,Nice-to-have
12743,9753,17,Preferred
12744,7280,20,Preferred
12745,7280,25,Preferred
12746,7280,35,Preferred
12747,8639,19,Preferred
12748,8639,34,Nice-to-have
12749,9884,25,Preferred
12750,8554,34,Nice-to-have
12751,8554,24,Nice-to-have
12752,9907,25,Nice-to-have
12753,8630,26,Preferred
12754,8630,24,Preferred
12755,8630,12,Required
12756,7352,24,Required
12757,8542,20,Preferred
12758,9835,22,Required
12759,9835,25,Preferred
12760,8629,19,Nice-to-have
12761,8629,34,Nice-to-have
12762,8576,21,Required
12763,9774,34,Required
12764,9774,24,Nice-to-have
12765,8587,19,Required
12766,8587,34,Nice-to-have
12767,8523,22,Nice-to-have
12768,8523,25,Preferred
12769,8586,28,Nice-to-have
12770,8586,34,Nice-to-have
12771,8583,20,Nice-to-have
12772,9822,23,Nice-to-have
12773,7292,20,Required
12774,8568,20,Required
12775,9760,7,Preferred
12776,9760,34,Nice-to-have
12777,9760,17,Required
12778,9912,21,Preferred
12779,9860,34,Required
12780,9860,24,Preferred
12781,9882,25,Required
12782,8632,19,Preferred
12783,8632,34,Required
12784,7307,25,Nice-to-have
12785,9813,34,Required
12786,9813,24,Nice-to-have
12787,9866,22,Required
12788,9866,25,Required
12789,9814,14,Preferred
12790,9814,6,Preferred
12791,9783,2,Required
12792,9783,9,Nice-to-have
12793,9783,22,Required
12794,7341,8,Nice-to-have
12795,9772,22,Preferred
12796,9772,25,Preferred
12797,8589,25,Preferred
12798,9750,7,Required
12799,9750,35,Required
12800,9750,17,Preferred
12801,9921,25,Nice-to-have
12802,9794,28,Required
12803,9794,34,Preferred
12804,8553,35,Preferred
12805,8553,33,Nice-to-have
12806,9778,10,Nice-to-have
12807,9778,11,Nice-to-have
12808,9889,18,Required
12809,9889,9,Nice-to-have
12810,9895,20,Nice-to-have
12811,7305,25,Nice-to-have
12812,7343,34,Nice-to-have
12813,9900,25,Nice-to-have
12814,9900,22,Preferred
12815,8607,22,Required
12816,8607,33,Nice-to-have
12817,8607,27,Nice-to-have
12818,7331,20,Preferred
12819,8602,6,Required
12820,8602,7,Nice-to-have
12821,8496,14,Required
12822,8496,12,Required
12823,8496,25,Required
12824,9901,2,Nice-to-have
12825,8620,20,Preferred
12826,9883,25,Preferred
12827,9788,35,Preferred
12828,9788,33,Nice-to-have
12829,8642,32,Preferred
12830,8642,17,Preferred
12831,7271,25,Nice-to-have
12832,7297,25,Nice-to-have
12833,7291,35,Required
12834,7291,33,Preferred
12835,8572,2,Preferred
12836,8572,1,Nice-to-have
12837,8572,25,Required
12838,9881,18,Nice-to-have
12839,9881,25,Preferred
12840,7306,22,Preferred
12841,7306,9,Nice-to-have
12842,7306,2,Required
12843,8537,34,Preferred
12844,8537,24,Nice-to-have
12845,7349,25,Nice-to-have
12846,7349,1,Nice-to-have
12847,7349,30,Preferred
12848,8937,22,Preferred
12849,8937,25,Required
12850,7332,13,Preferred
12851,7332,31,Preferred
12852,7308,30,Required
12853,7308,14,Preferred
12854,7344,7,Preferred
12855,8588,22,Nice-to-have
12856,8588,25,Required
12857,8591,19,Required
12858,8634,35,Preferred
12859,8634,33,Required
12860,7334,25,Required
12861,8604,31,Nice-to-have
12862,8604,19,Required
12863,7333,19,Preferred
12864,7333,31,Preferred
12865,7309,33,Preferred
12866,7309,27,Preferred
12867,7356,23,Preferred
12868,7356,14,Preferred
12869,7340,6,Required
12870,7340,7,Nice-to-have
12871,8645,35,Preferred
12872,8645,33,Nice-to-have
12873,8637,20,Preferred
12874,9903,35,Required
12875,9903,33,Nice-to-have
12876,9894,35,Preferred
12877,9894,33,Preferred
12878,7300,34,Preferred
12879,7300,24,Required
12880,7300,35,Required
12881,9886,35,Nice-to-have
12882,9886,33,Nice-to-have
12883,9745,7,Required
12884,9745,35,Preferred
12885,9745,17,Nice-to-have
12886,9890,35,Nice-to-have
12887,9890,33,Preferred
12888,8555,19,Required
12889,8555,34,Nice-to-have
12890,7289,22,Nice-to-have
12891,7318,13,Required
12892,7290,25,Required
12893,8606,35,Nice-to-have
12894,8606,33,Preferred
12895,9918,31,Nice-to-have
12896,9918,19,Required
12897,8638,19,Required
12898,8638,34,Preferred
12899,8615,22,Nice-to-have
12900,8615,25,Required
12901,8640,22,Preferred
12902,8640,25,Nice-to-have
12903,8550,4,Preferred
12904,8550,28,Preferred
12905,8603,25,Required
12906,7298,22,Preferred
12907,7298,25,Nice-to-have
12908,9917,23,Preferred
12909,9917,33,Preferred
12910,9796,20,Required
12911,8626,4,Required
12912,8626,28,Required
12913,9924,28,Preferred
12914,9926,25,Nice-to-have
12915,9925,33,Required
12916,9925,35,Preferred
12917,9905,14,Nice-to-have
12918,9905,12,Nice-to-have
12919,9905,25,Preferred
12920,7323,25,Required
12921,7345,13,Nice-to-have
12922,7322,25,Nice-to-have
12923,7322,22,Preferred
12924,7299,23,Preferred
12925,7299,22,Required
12926,8649,28,Required
12927,8649,4,Preferred
12928,8649,3,Required
12929,7321,27,Required
12930,7321,11,Required
12931,7321,17,Required
12932,9920,3,Required
12933,9920,28,Required
12934,9930,34,Required
12935,9930,24,Nice-to-have
12936,9906,35,Preferred
12937,9906,33,Preferred
12938,9891,34,Required
12939,9898,34,Required
12940,9896,3,Nice-to-have
12941,9896,28,Required
12942,9909,34,Preferred
12943,9914,32,Required
12944,8636,25,Required
12945,7366,25,Required
12946,7359,28,Required
12947,7359,34,Required
12948,7367,13,Preferred
12949,9908,34,Nice-to-have
12950,7368,8,Required
12951,9919,31,Preferred
12952,9919,19,Nice-to-have
12953,9910,34,Nice-to-have
12954,7360,26,Preferred
12955,9892,3,Preferred
12956,9892,28,Preferred
12957,9923,34,Preferred
12958,7346,22,Preferred
12959,7346,25,Preferred
12960,9897,3,Preferred
12961,9897,28,Required
12962,9913,34,Preferred
12963,9915,22,Required
12964,9915,25,Preferred
12965,9931,24,Preferred
12966,9931,25,Preferred
12967,9931,35,Preferred
12968,9922,32,Nice-to-have
12969,9922,18,Nice-to-have
12970,9922,26,Nice-to-have
12971,9782,32,Nice-to-have
12972,7357,9,Required
12973,7357,18,Required
12974,7357,20,Preferred
12975,9932,22,Required
12976,7373,22,Required
12977,7373,33,Nice-to-have
12978,7361,13,Nice-to-have
12979,7363,21,Required
12980,7365,34,Nice-to-have
12981,7365,24,Nice-to-have
12982,7371,34,Preferred
12983,8647,19,Required
12984,7372,34,Nice-to-have
12985,8608,34,Preferred
12986,8608,24,Nice-to-have
12987,8643,34,Required
12988,8643,24,Preferred
12989,7364,19,Required
12990,9928,25,Nice-to-have
12991,8590,34,Preferred
12992,8590,24,Preferred
12993,8644,24,Nice-to-have
12994,9934,31,Preferred
12995,7370,32,Preferred
12996,9946,11,Required
12997,9933,12,Preferred
12998,8648,20,Preferred
12999,9927,6,Nice-to-have
13000,9927,7,Preferred
13001,7374,31,Preferred
13002,7377,31,Preferred
13003,8650,34,Nice-to-have
13004,8650,24,Nice-to-have
13005,8650,7,Preferred
13006,7383,28,Nice-to-have
13007,7383,12,Preferred
13008,9936,25,Preferred
13009,7392,17,Preferred
13010,7392,26,Preferred
13011,7392,28,Preferred
13012,9929,15,Nice-to-have
13013,9942,17,Required
13014,9942,19,Nice-to-have
13015,7401,25,Preferred
13016,7401,13,Nice-to-have
13017,7401,20,Preferred
13018,8646,2,Nice-to-have
13019,9940,13,Preferred
13020,9949,34,Nice-to-have
13021,9949,19,Nice-to-have
13022,9949,20,Required
13023,7386,20,Required
13024,7380,32,Nice-to-have
13025,9948,26,Nice-to-have
13026,9948,17,Preferred
13027,7369,20,Preferred
13028,7362,26,Required
13029,9939,34,Preferred
13030,9939,24,Nice-to-have
13031,9944,34,Required
13032,9944,24,Preferred
13033,9937,19,Nice-to-have
13034,9937,34,Preferred
13035,9937,24,Preferred
13036,7396,23,Preferred
13037,7396,26,Required
13038,7396,13,Required
13039,7270,22,Required
13040,7270,25,Preferred
13041,9952,34,Preferred
13042,9952,19,Preferred
13043,9952,24,Preferred
13044,8654,3,Preferred
13045,7408,3,Required
13046,7408,28,Nice-to-have
13047,9950,34,Required
13048,9950,24,Nice-to-have
13049,7405,20,Required
13050,8659,17,Required
13051,8659,35,Nice-to-have
13052,8659,24,Required
13053,7375,13,Nice-to-have
13054,7389,13,Nice-to-have
13055,7397,34,Preferred
13056,9961,22,Nice-to-have
13057,7385,13,Preferred
13058,9943,25,Preferred
13059,7378,13,Required
13060,7399,13,Preferred
13061,7406,13,Required
13062,7409,34,Nice-to-have
13063,7409,26,Preferred
13064,9957,25,Required
13065,7420,34,Required
13066,7420,26,Required
13067,7407,13,Required
13068,7388,13,Preferred
13069,7390,13,Preferred
13070,7404,13,Preferred
13071,7393,34,Required
13072,7393,35,Nice-to-have
13073,7395,13,Required
13074,7414,26,Nice-to-have
13075,7414,17,Nice-to-have
13076,7414,16,Required
13077,7400,13,Required
13078,7410,25,Required
13079,7394,13,Required
13080,9960,34,Preferred
13081,9960,24,Nice-to-have
13082,9960,20,Required
13083,7379,13,Preferred
13084,7387,13,Required
13085,9965,34,Nice-to-have
13086,9965,19,Nice-to-have
13087,9965,16,Preferred
13088,7391,13,Required
13089,7384,13,Required
13090,7402,28,Required
13091,7402,18,Required
13092,7402,35,Preferred
13093,7376,26,Preferred
13094,7398,13,Required
13095,7413,24,Preferred
13096,7413,34,Preferred
13097,7381,8,Preferred
13098,7381,25,Required
13099,7382,13,Preferred
13100,8662,20,Required
13101,8653,34,Required
13102,7403,31,Required
13103,9959,31,Required
13104,7411,13,Preferred
13105,9956,32,Required
13106,8657,11,Required
13107,8656,20,Nice-to-have
13108,7433,19,Nice-to-have
13109,9967,34,Required
13110,7421,25,Preferred
13111,8655,34,Nice-to-have
13112,9962,25,Preferred
13113,8652,34,Preferred
13114,8651,20,Preferred
13115,8663,31,Preferred
13116,8663,19,Nice-to-have
13117,7415,8,Required
13118,7415,25,Nice-to-have
13119,9938,34,Required
13120,9938,24,Required
13121,8664,18,Nice-to-have
13122,8664,25,Nice-to-have
13123,9941,28,Preferred
13124,9941,34,Preferred
13125,9947,35,Preferred
13126,9947,33,Preferred
13127,9968,13,Preferred
13128,9916,32,Preferred
13129,7425,1,Preferred
13130,7425,2,Required
13131,8660,18,Required
13132,8660,25,Required
13133,7416,25,Preferred
13134,9945,35,Nice-to-have
13135,9945,33,Preferred
13136,26,24,Preferred
13137,26,34,Preferred
13138,7419,25,Nice-to-have
13139,8661,35,Nice-to-have
13140,7423,13,Preferred
13141,7428,22,Nice-to-have
13142,7428,25,Preferred
13143,7429,34,Required
13144,7429,24,Nice-to-have
13145,7429,25,Preferred
13146,8678,35,Nice-to-have
13147,7439,31,Nice-to-have
13148,9964,2,Nice-to-have
13149,8682,22,Required
13150,9953,13,Required
13151,9971,9,Preferred
13152,9971,25,Nice-to-have
13153,9971,35,Required
13154,9958,13,Nice-to-have
13155,9951,14,Required
13156,9951,12,Nice-to-have
13157,9951,25,Preferred
13158,9955,6,Nice-to-have
13159,9955,7,Required
13160,8658,28,Nice-to-have
13161,8658,34,Nice-to-have
13162,7441,19,Nice-to-have
13163,7441,31,Preferred
13164,7441,33,Preferred
13165,9963,22,Required
13166,9963,25,Preferred
13167,7440,31,Preferred
13168,8665,17,Nice-to-have
13169,8665,28,Nice-to-have
13170,8665,3,Nice-to-have
13171,9966,19,Required
13172,9966,18,Nice-to-have
13173,9966,31,Required
13174,7430,19,Preferred
13175,7430,31,Preferred
13176,9970,25,Preferred
13177,9972,26,Nice-to-have
13178,7273,35,Preferred
13179,7273,33,Nice-to-have
13180,7437,20,Required
13181,7431,20,Nice-to-have
13182,7447,21,Preferred
13183,7436,22,Nice-to-have
13184,7436,33,Nice-to-have
13185,7424,33,Preferred
13186,7424,4,Nice-to-have
13187,7424,8,Required
13188,9969,23,Preferred
13189,9969,15,Required
13190,9969,20,Required
13191,8670,33,Nice-to-have
13192,8670,27,Nice-to-have
13193,7445,22,Nice-to-have
13194,7427,25,Nice-to-have
13195,7422,34,Nice-to-have
13196,7422,24,Preferred
13197,8675,35,Preferred
13198,7426,22,Preferred
13199,9935,34,Preferred
13200,9935,24,Nice-to-have
13201,9975,6,Required
13202,9975,7,Required
13203,7443,33,Nice-to-have
13204,9954,28,Preferred
13205,9954,29,Preferred
13206,9954,30,Nice-to-have
13207,7448,13,Nice-to-have
13208,7448,20,Preferred
13209,7435,34,Required
13210,7435,24,Preferred
13211,7435,19,Required
13212,8673,35,Nice-to-have
13213,8684,33,Preferred
13214,9984,18,Required
13215,9973,22,Preferred
13216,7449,20,Nice-to-have
13217,9982,25,Nice-to-have
13218,9977,25,Nice-to-have
13219,9977,22,Nice-to-have
13220,9976,31,Nice-to-have
13221,9976,26,Required
13222,9976,16,Preferred
13223,7432,26,Nice-to-have
13224,7451,8,Preferred
13225,7446,19,Required
13226,9980,25,Preferred
13227,8676,20,Preferred
13228,9979,6,Required
13229,7452,21,Required
13230,9992,21,Nice-to-have
13231,7454,31,Preferred
13232,8683,30,Nice-to-have
13233,8683,29,Preferred
13234,9985,18,Nice-to-have
13235,9993,33,Preferred
13236,9991,25,Preferred
13237,8677,22,Required
13238,8677,25,Required
13239,7453,8,Required
13240,7455,35,Preferred
13241,7455,33,Preferred
13242,9981,31,Nice-to-have
13243,7438,8,Preferred
13244,7438,25,Required
13245,8681,35,Preferred
13246,8681,5,Preferred
13247,8681,11,Preferred
13248,7459,9,Preferred
13249,7459,25,Preferred
13250,7456,25,Nice-to-have
13251,7417,22,Nice-to-have
13252,7417,25,Preferred
13253,8671,5,Required
13254,8671,11,Required
13255,8671,22,Required
13256,7450,26,Nice-to-have
13257,7450,8,Preferred
13258,7450,28,Preferred
13259,7457,22,Nice-to-have
13260,8679,14,Required
13261,8679,15,Preferred
13262,8679,22,Nice-to-have
13263,8672,5,Nice-to-have
13264,8672,11,Preferred
13265,8672,22,Nice-to-have
13266,9983,13,Required
13267,9989,18,Preferred
13268,9995,31,Required
13269,8668,5,Nice-to-have
13270,8668,11,Preferred
13271,8668,22,Preferred
13272,8680,33,Preferred
13273,8680,20,Preferred
13274,8667,14,Preferred
13275,9987,20,Required
13276,8674,11,Required
13277,8674,33,Nice-to-have
13278,7461,25,Required
13279,7458,26,Nice-to-have
13280,9978,17,Nice-to-have
13281,9978,9,Required
13282,9978,8,Nice-to-have
13283,8666,34,Preferred
13284,8666,3,Nice-to-have
13285,8666,24,Nice-to-have
13286,8669,16,Required
13287,8669,35,Required
13288,8669,18,Preferred
13289,8691,12,Preferred
13290,8691,19,Preferred
13291,8691,31,Required
13292,9998,31,Nice-to-have
13293,9998,12,Required
13294,9998,20,Required
13295,7462,2,Nice-to-have
13296,7466,13,Preferred
13297,7463,25,Preferred
13298,7442,28,Nice-to-have
13299,7442,29,Required
13300,7442,30,Preferred
13301,9997,33,Nice-to-have
13302,7465,34,Nice-to-have
13303,7465,19,Nice-to-have
13304,7465,25,Required
13305,9994,22,Preferred
13306,9994,33,Required
13307,7474,25,Required
13308,7471,20,Preferred
13309,9996,31,Nice-to-have
13310,7480,26,Required
13311,7480,17,Preferred
13312,8703,9,Required
13313,8703,25,Nice-to-have
13314,7478,31,Nice-to-have
13315,7469,22,Preferred
13316,7476,25,Preferred
13317,7467,35,Preferred
13318,7477,28,Required
13319,7444,35,Nice-to-have
13320,7444,33,Required
13321,7479,25,Nice-to-have
13322,7470,25,Preferred
13323,7472,19,Preferred
13324,7472,31,Preferred
13325,7481,22,Required
13326,7481,8,Required
13327,7481,12,Required
13328,7512,19,Preferred
13329,7512,31,Required
13330,7512,26,Preferred
13331,9999,19,Nice-to-have
13332,7468,26,Preferred
13333,9986,35,Nice-to-have
13334,9986,33,Required
13335,7531,26,Preferred
13336,7531,31,Nice-to-have
13337,7482,1,Nice-to-have
13338,7482,2,Preferred
13339,7418,22,Required
13340,7418,25,Nice-to-have
13341,7488,22,Nice-to-have
13342,10000,22,Preferred
13343,9988,22,Preferred
13344,9988,25,Required
13345,7589,31,Required
13346,7589,19,Nice-to-have
13347,7589,16,Nice-to-have
13348,7483,32,Required
13349,7473,25,Nice-to-have
13350,7475,6,Nice-to-have
13351,7475,8,Nice-to-have
13352,7513,31,Preferred
13353,9990,35,Nice-to-have
13354,9990,33,Nice-to-have
13355,8695,31,Preferred
13356,8695,19,Preferred
13357,8689,8,Required
13358,8689,25,Nice-to-have
13359,8688,35,Preferred
13360,8688,33,Required
13361,8690,32,Nice-to-have
13362,8687,34,Required
13363,8687,24,Preferred
13364,8697,25,Preferred
13365,8686,8,Nice-to-have
13366,8686,25,Required
13367,8696,25,Required
13368,8702,34,Nice-to-have
13369,8702,24,Required
13370,8692,34,Nice-to-have
13371,8692,24,Required
13372,8693,10,Nice-to-have
13373,8693,11,Nice-to-have
13374,8685,28,Preferred
13375,8685,29,Preferred
13376,8685,30,Preferred
13377,8698,25,Preferred
13378,8487,13,Nice-to-have
13379,7646,31,Required
13380,7646,19,Required
13381,8710,14,Preferred
13382,8710,12,Nice-to-have
13383,8710,25,Required
13384,7490,25,Required
13385,7464,9,Required
13386,7464,25,Preferred
13387,7464,34,Nice-to-have
13388,8709,35,Nice-to-have
13389,8709,33,Preferred
13390,7645,28,Nice-to-have
13391,7645,3,Nice-to-have
13392,7645,1,Nice-to-have
13393,8694,14,Required
13394,8694,12,Preferred
13395,8694,25,Preferred
13396,8701,14,Required
13397,8701,12,Nice-to-have
13398,8701,25,Nice-to-have
13399,7484,31,Nice-to-have
13400,7484,22,Required
13401,8711,23,Nice-to-have
13402,7515,19,Preferred
13403,7532,8,Required
13404,8717,28,Nice-to-have
13405,8717,3,Required
13406,8717,2,Preferred
13407,8738,25,Preferred
13408,8756,25,Preferred
13409,8756,24,Required
13410,8756,35,Preferred
13411,7648,25,Preferred
13412,8712,28,Preferred
13413,8712,3,Nice-to-have
13414,7516,25,Required
13415,7519,20,Nice-to-have
13416,7519,34,Preferred
13417,8699,25,Nice-to-have
13418,7518,6,Preferred
13419,7518,8,Preferred
13420,7514,31,Nice-to-have
13421,7277,22,Required
13422,7561,22,Required
13423,7561,25,Nice-to-have
13424,7486,22,Nice-to-have
13425,7486,20,Preferred
13426,7486,26,Preferred
13427,7590,20,Required
13428,8776,25,Nice-to-have
13429,8705,21,Required
13430,7614,31,Preferred
13431,7614,19,Nice-to-have
13432,7647,31,Nice-to-have
13433,7647,26,Nice-to-have
13434,7533,35,Required
13435,7533,18,Required
13436,7533,7,Preferred
13437,8758,33,Nice-to-have
13438,7489,12,Required
13439,7536,25,Preferred
13440,7485,2,Required
13441,7485,6,Preferred
13442,8706,25,Nice-to-have
13443,8714,16,Preferred
13444,8715,21,Nice-to-have
13445,9974,34,Required
13446,9974,19,Nice-to-have
13447,9974,16,Required
13448,7591,25,Required
13449,8700,31,Preferred
13450,8700,19,Nice-to-have
13451,7520,25,Nice-to-have
13452,7520,12,Nice-to-have
13453,8778,21,Preferred
13454,8778,26,Required
13455,8737,25,Nice-to-have
13456,7594,26,Preferred
13457,7594,16,Nice-to-have
13458,7617,17,Required
13459,7535,20,Nice-to-have
13460,7534,8,Required
13461,7534,25,Required
13462,7592,25,Preferred
13463,7592,8,Nice-to-have
13464,7592,18,Required
13465,7487,25,Preferred
13466,7615,31,Nice-to-have
13467,7517,28,Nice-to-have
13468,7517,3,Nice-to-have
13469,7593,22,Required
13470,7593,25,Nice-to-have
13471,7562,31,Nice-to-have
13472,7537,19,Nice-to-have
13473,7537,34,Required
13474,8739,20,Required
13475,8777,20,Nice-to-have
13476,8757,20,Preferred
13477,8713,20,Required
13478,8718,20,Required
13479,7563,31,Nice-to-have
13480,7563,19,Nice-to-have
13481,7619,19,Nice-to-have
13482,7619,31,Required
13483,7595,19,Preferred
13484,8775,20,Nice-to-have
13485,7618,31,Preferred
13486,8704,20,Nice-to-have
13487,7522,34,Preferred
13488,7522,17,Preferred
13489,7522,20,Nice-to-have
13490,7649,25,Preferred
13491,7491,17,Preferred
13492,7495,16,Required
13493,7494,23,Nice-to-have
13494,7494,25,Nice-to-have
13495,7564,33,Required
13496,7412,25,Preferred
13497,7412,24,Required
13498,7412,3,Preferred
13499,7650,34,Preferred
13500,7525,35,Required
13501,7525,8,Required
13502,8779,26,Required
13503,7521,22,Preferred
13504,7620,26,Nice-to-have
13505,7538,25,Required
13506,7493,22,Required
13507,7493,25,Nice-to-have
13508,7683,20,Nice-to-have
13509,7682,2,Nice-to-have
13510,7682,22,Nice-to-have
13511,7682,8,Nice-to-have
13512,7685,31,Preferred
13513,8781,22,Preferred
13514,7565,34,Required
13515,7684,25,Required
13516,7623,19,Nice-to-have
13517,7496,25,Required
13518,7496,26,Required
13519,7496,12,Nice-to-have
13520,7567,19,Preferred
13521,7498,11,Required
13522,7498,18,Required
13523,8719,21,Required
13524,7566,34,Preferred
13525,7621,31,Nice-to-have
13526,7597,34,Preferred
13527,7622,19,Required
13528,7526,19,Nice-to-have
13529,8716,20,Preferred
13530,8707,8,Preferred
13531,8707,25,Preferred
13532,8708,28,Required
13533,8708,34,Required
13534,8780,20,Required
13535,7499,19,Nice-to-have
13536,7652,34,Required
13537,7524,14,Required
13538,7524,12,Nice-to-have
13539,7524,25,Required
13540,7568,12,Required
13541,7568,34,Preferred
13542,7568,18,Nice-to-have
13543,7539,34,Preferred
13544,7539,24,Nice-to-have
13545,7651,12,Required
13546,7651,2,Nice-to-have
13547,7651,22,Nice-to-have
13548,8824,22,Preferred
13549,8824,25,Required
13550,7613,22,Nice-to-have
13551,7613,25,Required
13552,7686,24,Required
13553,7686,18,Preferred
13554,7497,25,Preferred
13555,7541,34,Nice-to-have
13556,7541,17,Required
13557,7541,20,Preferred
13558,7653,33,Preferred
13559,7653,35,Required
13560,7569,22,Required
13561,7540,35,Preferred
13562,7540,33,Preferred
13563,7540,11,Nice-to-have
13564,8720,20,Preferred
13565,7492,34,Required
13566,7492,35,Preferred
13567,7688,25,Nice-to-have
13568,7688,14,Preferred
13569,7688,12,Required
13570,7500,34,Nice-to-have
13571,7500,28,Preferred
13572,7500,3,Preferred
13573,8721,25,Nice-to-have
13574,7542,22,Preferred
13575,7542,33,Required
13576,8722,31,Nice-to-have
13577,8722,33,Preferred
13578,8722,27,Nice-to-have
13579,7687,21,Nice-to-have
13580,7501,31,Nice-to-have
13581,7501,19,Preferred
13582,7501,32,Preferred
13583,8825,22,Required
13584,8825,25,Preferred
13585,7691,34,Preferred
13586,7691,24,Preferred
13587,7692,11,Required
13588,8725,31,Required
13589,7503,32,Preferred
13590,7571,25,Nice-to-have
13591,7570,8,Nice-to-have
13592,7570,25,Preferred
13593,7570,24,Required
13594,7596,35,Required
13595,7596,33,Nice-to-have
13596,7543,22,Nice-to-have
13597,7543,25,Nice-to-have
13598,7543,26,Nice-to-have
13599,7624,12,Required
13600,7624,4,Required
13601,7624,18,Required
13602,7505,21,Required
13603,8783,20,Nice-to-have
13604,7544,22,Nice-to-have
13605,7544,2,Nice-to-have
13606,7544,25,Preferred
13607,8782,22,Preferred
13608,8782,25,Nice-to-have
13609,7655,9,Required
13610,7655,25,Nice-to-have
13611,7504,22,Nice-to-have
13612,7693,25,Nice-to-have
13613,7572,2,Preferred
13614,7572,22,Required
13615,7572,25,Required
13616,7506,32,Required
13617,7506,7,Preferred
13618,7506,35,Nice-to-have
13619,8727,32,Preferred
13620,7527,22,Preferred
13621,7527,25,Nice-to-have
13622,7527,2,Required
13623,7694,2,Nice-to-have
13624,7694,22,Nice-to-have
13625,7694,25,Nice-to-have
13626,7502,35,Preferred
13627,7502,25,Preferred
13628,7573,9,Nice-to-have
13629,7573,34,Required
13630,7573,24,Preferred
13631,7654,6,Required
13632,7654,7,Required
13633,8826,35,Nice-to-have
13634,8826,33,Preferred
13635,8843,27,Preferred
13636,7698,31,Required
13637,8755,12,Preferred
13638,8755,34,Preferred
13639,7545,22,Preferred
13640,7657,22,Preferred
13641,8809,6,Nice-to-have
13642,8809,13,Nice-to-have
13643,7699,22,Nice-to-have
13644,7699,2,Required
13645,7699,25,Required
13646,7690,25,Nice-to-have
13647,7507,12,Preferred
13648,7697,31,Preferred
13649,7697,19,Preferred
13650,7697,16,Required
13651,7696,21,Required
13652,8794,28,Nice-to-have
13653,8794,30,Preferred
13654,7549,31,Nice-to-have
13655,7549,12,Nice-to-have
13656,7601,22,Preferred
13657,7509,22,Required
13658,7509,2,Preferred
13659,7509,25,Required
13660,7625,22,Required
13661,7625,25,Required
13662,7705,31,Required
13663,7706,34,Nice-to-have
13664,8812,24,Required
13665,7703,21,Preferred
13666,8811,32,Preferred
13667,8811,21,Required
13668,8811,20,Preferred
13669,8736,22,Required
13670,8736,25,Preferred
13671,7528,22,Required
13672,7528,23,Preferred
13673,7528,2,Nice-to-have
13674,7656,12,Nice-to-have
13675,7656,26,Nice-to-have
13676,7656,9,Required
13677,7510,34,Preferred
13678,7575,22,Preferred
13679,7575,2,Preferred
13680,7575,25,Nice-to-have
13681,7550,22,Nice-to-have
13682,7602,31,Required
13683,7602,19,Nice-to-have
13684,7627,34,Preferred
13685,7551,35,Nice-to-have
13686,7551,22,Preferred
13687,7660,31,Required
13688,8772,23,Required
13689,8740,20,Preferred
13690,8762,20,Nice-to-have
13691,8813,20,Required
13692,8823,24,Required
13693,8823,34,Required
13694,8723,20,Required
13695,8773,8,Nice-to-have
13696,8773,25,Required
13697,8759,20,Required
13698,8724,20,Preferred
13699,8815,19,Nice-to-have
13700,8815,34,Nice-to-have
13701,8814,20,Nice-to-have
13702,7709,16,Required
13703,7709,12,Nice-to-have
13704,7709,19,Nice-to-have
13705,8796,20,Required
13706,8760,22,Required
13707,8760,25,Required
13708,8828,20,Required
13709,8774,13,Required
13710,8774,28,Preferred
13711,8774,34,Preferred
13712,7708,24,Nice-to-have
13713,7529,22,Nice-to-have
13714,7529,2,Preferred
13715,7529,25,Nice-to-have
13716,7661,26,Required
13717,8726,20,Preferred
13718,8844,20,Preferred
13719,8761,35,Nice-to-have
13720,8761,33,Required
13721,7695,26,Preferred
13722,7695,31,Required
13723,7628,25,Nice-to-have
13724,7707,31,Nice-to-have
13725,8784,20,Preferred
13726,7576,26,Required
13727,8801,8,Required
13728,8801,25,Nice-to-have
13729,8846,25,Required
13730,8838,25,Nice-to-have
13731,8833,25,Nice-to-have
13732,8752,19,Preferred
13733,8752,34,Required
13734,8807,4,Preferred
13735,8807,28,Required
13736,8817,35,Required
13737,8817,33,Required
13738,8732,19,Preferred
13739,8732,34,Preferred
13740,8832,25,Nice-to-have
13741,8797,20,Preferred
13742,8841,26,Required
13743,8746,22,Nice-to-have
13744,8746,25,Required
13745,8745,34,Required
13746,8745,24,Preferred
13747,8785,22,Nice-to-have
13748,8785,25,Preferred
13749,8819,22,Preferred
13750,8819,25,Required
13751,8847,19,Nice-to-have
13752,8847,34,Nice-to-have
13753,8848,19,Preferred
13754,8848,34,Required
13755,8808,22,Preferred
13756,8808,25,Nice-to-have
13757,8754,4,Nice-to-have
13758,8754,28,Nice-to-have
13759,8804,22,Required
13760,8804,25,Preferred
13761,8729,22,Nice-to-have
13762,8729,25,Nice-to-have
13763,8839,22,Preferred
13764,8839,25,Nice-to-have
13765,8800,6,Nice-to-have
13766,8800,7,Required
13767,8805,6,Required
13768,8805,7,Preferred
13769,8742,25,Required
13770,8818,20,Preferred
13771,8820,20,Preferred
13772,8791,4,Required
13773,8791,28,Nice-to-have
13774,8764,4,Required
13775,8764,28,Nice-to-have
13776,8786,6,Required
13777,8786,7,Preferred
13778,7630,21,Preferred
13779,8837,22,Required
13780,8837,25,Required
13781,8765,23,Nice-to-have
13782,8733,4,Required
13783,8733,28,Preferred
13784,8735,19,Nice-to-have
13785,8735,34,Nice-to-have
13786,8767,22,Nice-to-have
13787,8767,25,Required
13788,8842,24,Preferred
13789,8842,34,Preferred
13790,8840,26,Nice-to-have
13791,8741,20,Required
13792,8834,25,Required
13793,8831,25,Nice-to-have
13794,8793,21,Nice-to-have
13795,8802,23,Nice-to-have
13796,8845,20,Preferred
13797,8747,6,Required
13798,8747,7,Preferred
13799,8731,8,Preferred
13800,8731,25,Required
13801,8789,22,Required
13802,8789,25,Nice-to-have
13803,8769,26,Nice-to-have
13804,8822,22,Required
13805,8822,25,Preferred
13806,8768,22,Nice-to-have
13807,8768,25,Required
13808,8803,22,Required
13809,8803,25,Required
13810,8730,22,Nice-to-have
13811,8730,25,Required
13812,8792,22,Required
13813,8792,25,Required
13814,8766,20,Preferred
13815,8821,25,Preferred
13816,8744,22,Required
13817,8744,25,Required
13818,8790,19,Required
13819,8790,34,Nice-to-have
13820,8750,4,Preferred
13821,8750,28,Preferred
13822,8816,19,Preferred
13823,8816,34,Preferred
13824,8743,22,Preferred
13825,8743,25,Preferred
13826,8770,22,Required
13827,8770,25,Preferred
13828,8751,24,Nice-to-have
13829,8751,34,Required
13830,8799,22,Required
13831,8799,25,Required
13832,8748,19,Required
13833,8748,34,Preferred
13834,8836,34,Preferred
13835,8836,24,Nice-to-have
13836,8830,25,Preferred
13837,8849,22,Preferred
13838,8849,25,Nice-to-have
13839,8806,4,Nice-to-have
13840,8806,28,Nice-to-have
13841,8835,22,Required
13842,8835,25,Nice-to-have
13843,8798,20,Required
13844,8749,20,Nice-to-have
13845,8734,32,Preferred
13846,8788,22,Nice-to-have
13847,8788,25,Required
13848,8829,22,Preferred
13849,8829,25,Nice-to-have
13850,8753,4,Required
13851,8753,28,Required
13852,8728,4,Preferred
13853,8728,28,Nice-to-have
13854,8771,22,Required
13855,8771,25,Required
13856,8787,32,Preferred
13857,8850,32,Nice-to-have
13858,8763,20,Preferred
13859,7603,9,Nice-to-have
13860,7603,8,Required
13861,7631,14,Required
13862,7631,1,Required
13863,7631,23,Nice-to-have
13864,7663,32,Preferred
13865,7633,32,Nice-to-have
13866,7605,14,Preferred
13867,7605,1,Required
13868,7605,23,Nice-to-have
13869,7711,4,Preferred
13870,7711,25,Preferred
13871,8810,28,Required
13872,8810,34,Required
13873,7771,25,Nice-to-have
13874,7748,31,Nice-to-have
13875,7772,20,Nice-to-have
13876,7772,18,Preferred
13877,7772,24,Preferred
13878,7788,14,Required
13879,7788,1,Nice-to-have
13880,7788,23,Preferred
13881,7632,26,Nice-to-have
13882,7632,32,Preferred
13883,7671,31,Nice-to-have
13884,7671,19,Preferred
13885,7787,34,Required
13886,7787,24,Required
13887,7578,25,Nice-to-have
13888,7604,13,Preferred
13889,7715,28,Required
13890,8859,34,Nice-to-have
13891,7616,26,Required
13892,7610,31,Preferred
13893,7610,19,Nice-to-have
13894,8853,32,Preferred
13895,8871,13,Required
13896,8871,34,Nice-to-have
13897,8871,24,Nice-to-have
13898,7747,25,Required
13899,7750,12,Preferred
13900,7637,9,Preferred
13901,7637,25,Preferred
13902,7637,34,Required
13903,8892,35,Nice-to-have
13904,8892,4,Preferred
13905,7773,14,Preferred
13906,7773,1,Nice-to-have
13907,7773,23,Required
13908,7749,22,Nice-to-have
13909,7749,25,Preferred
13910,7737,25,Nice-to-have
13911,7737,20,Preferred
13912,7737,8,Preferred
13913,7672,32,Required
13914,7638,22,Preferred
13915,7638,35,Nice-to-have
13916,7638,9,Required
13917,8852,24,Nice-to-have
13918,8852,17,Required
13919,8852,2,Required
13920,7609,10,Required
13921,7588,32,Nice-to-have
13922,7530,8,Preferred
13923,7530,25,Required
13924,7710,8,Nice-to-have
13925,7710,25,Required
13926,7577,35,Nice-to-have
13927,7577,33,Nice-to-have
13928,8857,34,Nice-to-have
13929,8857,35,Nice-to-have
13930,8857,17,Required
13931,7789,25,Nice-to-have
13932,7789,31,Preferred
13933,7611,32,Required
13934,7723,14,Preferred
13935,7723,1,Required
13936,7723,23,Required
13937,7552,6,Preferred
13938,7552,7,Nice-to-have
13939,7736,35,Nice-to-have
13940,7736,33,Nice-to-have
13941,7689,33,Preferred
13942,7511,6,Nice-to-have
13943,7511,7,Preferred
13944,7587,32,Required
13945,7629,6,Preferred
13946,7629,7,Preferred
13947,8872,2,Preferred
13948,8872,28,Nice-to-have
13949,8872,20,Preferred
13950,8795,19,Required
13951,8795,34,Preferred
13952,8851,34,Required
13953,8851,24,Required
13954,7790,26,Preferred
13955,7790,8,Required
13956,7662,13,Nice-to-have
13957,7639,25,Required
13958,7639,8,Nice-to-have
13959,7639,4,Nice-to-have
13960,8858,28,Required
13961,8827,28,Required
13962,8827,33,Preferred
13963,8827,34,Required
13964,8861,25,Nice-to-have
13965,8856,21,Required
13966,7583,35,Preferred
13967,7583,33,Preferred
13968,7669,22,Preferred
13969,7669,25,Nice-to-have
13970,7713,31,Preferred
13971,7713,19,Nice-to-have
13972,7559,10,Preferred
13973,7559,11,Nice-to-have
13974,8855,25,Required
13975,7607,35,Preferred
13976,7607,33,Nice-to-have
13977,7670,35,Required
13978,7670,33,Nice-to-have
13979,7580,20,Required
13980,7769,22,Required
13981,7769,25,Required
13982,7612,25,Preferred
13983,7581,22,Required
13984,7581,25,Required
13985,7752,25,Required
13986,7554,25,Required
13987,7640,26,Nice-to-have
13988,7745,35,Preferred
13989,7745,33,Required
13990,7717,22,Nice-to-have
13991,7717,25,Required
13992,7555,22,Preferred
13993,7555,25,Nice-to-have
13994,7608,35,Nice-to-have
13995,7608,33,Preferred
13996,7634,23,Required
13997,7743,34,Nice-to-have
13998,7743,24,Preferred
13999,7556,22,Nice-to-have
14000,7556,25,Nice-to-have
14001,7712,23,Nice-to-have
14002,7641,31,Required
14003,7742,25,Nice-to-have
14004,7558,35,Nice-to-have
14005,7558,33,Nice-to-have
14006,7767,20,Nice-to-have
14007,7585,22,Required
14008,7585,25,Required
14009,7553,35,Nice-to-have
14010,7553,33,Required
14011,7557,22,Preferred
14012,7557,25,Preferred
14013,7560,23,Nice-to-have
14014,7721,35,Preferred
14015,7721,33,Nice-to-have
14016,7667,35,Required
14017,7667,33,Nice-to-have
14018,7642,22,Preferred
14019,7582,35,Preferred
14020,7582,33,Required
14021,7746,9,Required
14022,7746,25,Preferred
14023,7746,34,Preferred
14024,7740,22,Nice-to-have
14025,7740,25,Nice-to-have
14026,7741,22,Required
14027,7741,25,Required
14028,7664,35,Nice-to-have
14029,7664,33,Required
14030,7579,22,Preferred
14031,7579,25,Preferred
14032,7744,20,Required
14033,7635,23,Nice-to-have
14034,7738,22,Required
14035,7738,25,Nice-to-have
14036,7665,23,Required
14037,7719,32,Nice-to-have
14038,7666,23,Preferred
14039,7718,8,Preferred
14040,7718,25,Preferred
14041,7606,20,Nice-to-have
14042,7720,22,Nice-to-have
14043,7720,25,Required
14044,7668,14,Preferred
14045,7668,12,Preferred
14046,7668,25,Nice-to-have
14047,7714,34,Preferred
14048,7714,24,Nice-to-have
14049,7770,35,Required
14050,7770,33,Required
14051,7636,35,Nice-to-have
14052,7636,33,Required
14053,7768,25,Nice-to-have
14054,7766,20,Nice-to-have
14055,7716,22,Required
14056,7716,25,Nice-to-have
14057,7584,22,Required
14058,7584,25,Required
14059,7739,25,Required
14060,8923,6,Nice-to-have
14061,7725,24,Nice-to-have
14062,7725,13,Required
14063,7753,25,Nice-to-have
14064,7753,22,Required
14065,8904,6,Required
14066,7791,34,Required
14067,7791,17,Preferred
14068,7791,19,Nice-to-have
14069,7722,14,Required
14070,7722,12,Nice-to-have
14071,7722,25,Preferred
14072,7700,35,Nice-to-have
14073,7700,33,Nice-to-have
14074,7546,35,Preferred
14075,7546,33,Required
14076,7702,35,Nice-to-have
14077,7702,33,Preferred
14078,7599,26,Required
14079,7658,35,Nice-to-have
14080,7658,33,Nice-to-have
14081,7600,35,Nice-to-have
14082,7600,33,Preferred
14083,7792,31,Required
14084,7792,19,Nice-to-have
14085,7508,26,Preferred
14086,7774,20,Required
14087,7726,21,Preferred
14088,7659,34,Required
14089,7659,24,Required
14090,7626,35,Required
14091,7626,33,Required
14092,7547,34,Preferred
14093,7547,24,Preferred
14094,7793,12,Required
14095,7793,25,Required
14096,7598,35,Preferred
14097,7598,33,Required
14098,7701,35,Required
14099,7701,33,Nice-to-have
14100,7586,20,Required
14101,7704,35,Preferred
14102,7704,33,Preferred
14103,7574,26,Required
14104,7548,20,Preferred
14105,8893,13,Required
14106,7673,26,Preferred
14107,8860,13,Required
14108,8878,35,Required
14109,7644,8,Preferred
14110,7644,25,Preferred
14111,7643,33,Required
14112,7751,19,Nice-to-have
14113,7751,18,Nice-to-have
14114,7751,24,Nice-to-have
14115,7728,29,Preferred
14116,7799,17,Nice-to-have
14117,7799,33,Nice-to-have
14118,7674,25,Preferred
14119,7776,26,Nice-to-have
14120,7727,32,Nice-to-have
14121,7675,13,Required
14122,8957,8,Preferred
14123,7810,8,Required
14124,7724,12,Required
14125,7724,3,Preferred
14126,7724,9,Nice-to-have
14127,7807,25,Preferred
14128,7823,31,Nice-to-have
14129,8885,35,Preferred
14130,8885,34,Nice-to-have
14131,8885,17,Required
14132,7754,31,Nice-to-have
14133,7754,19,Nice-to-have
14134,7798,25,Nice-to-have
14135,7822,17,Preferred
14136,7822,35,Required
14137,8938,35,Preferred
14138,8938,17,Nice-to-have
14139,8938,5,Preferred
14140,8909,22,Required
14141,8909,20,Preferred
14142,7780,14,Preferred
14143,7780,1,Nice-to-have
14144,7780,23,Preferred
14145,7809,19,Preferred
14146,7820,34,Preferred
14147,7820,24,Nice-to-have
14148,7821,31,Nice-to-have
14149,7825,14,Nice-to-have
14150,7825,1,Required
14151,7825,23,Required
14152,7824,20,Preferred
14153,7756,31,Nice-to-have
14154,8958,8,Preferred
14155,7730,22,Preferred
14156,8913,19,Required
14157,8913,25,Preferred
14158,7782,18,Nice-to-have
14159,8961,8,Required
14160,7803,34,Preferred
14161,7803,24,Required
14162,8888,8,Nice-to-have
14163,8933,21,Preferred
14164,8854,25,Required
14165,7677,14,Preferred
14166,7677,1,Nice-to-have
14167,7677,23,Required
14168,7733,8,Preferred
14169,7733,20,Preferred
14170,7811,26,Preferred
14171,7811,17,Preferred
14172,7811,25,Preferred
14173,8935,22,Preferred
14174,8935,25,Required
14175,7757,22,Preferred
14176,7757,25,Preferred
14177,8862,34,Preferred
14178,8862,24,Preferred
14179,7775,8,Nice-to-have
14180,7681,14,Preferred
14181,7681,1,Nice-to-have
14182,7681,23,Required
14183,7805,17,Required
14184,7805,16,Nice-to-have
14185,7805,26,Nice-to-have
14186,7760,4,Preferred
14187,7760,28,Nice-to-have
14188,7802,22,Preferred
14189,7802,33,Preferred
14190,7755,25,Preferred
14191,7783,25,Preferred
14192,8920,19,Nice-to-have
14193,7815,20,Preferred
14194,7827,21,Nice-to-have
14195,7827,12,Preferred
14196,8876,13,Preferred
14197,24,22,Preferred
14198,24,25,Required
14199,7829,14,Required
14200,7829,1,Preferred
14201,7829,23,Preferred
14202,7808,6,Preferred
14203,7808,7,Preferred
14204,7680,6,Preferred
14205,7680,7,Nice-to-have
14206,8881,35,Required
14207,8881,33,Nice-to-have
14208,7679,6,Preferred
14209,7679,7,Nice-to-have
14210,8879,35,Required
14211,8879,33,Preferred
14212,8898,8,Preferred
14213,8898,25,Required
14214,8924,35,Preferred
14215,8924,33,Preferred
14216,8894,22,Nice-to-have
14217,8894,25,Required
14218,8940,35,Required
14219,8940,33,Required
14220,8953,22,Nice-to-have
14221,8953,25,Nice-to-have
14222,7806,18,Nice-to-have
14223,7762,22,Preferred
14224,8880,35,Nice-to-have
14225,8880,33,Required
14226,8863,22,Preferred
14227,8863,25,Preferred
14228,8883,35,Required
14229,8883,33,Preferred
14230,7729,32,Required
14231,8914,35,Required
14232,8914,33,Nice-to-have
14233,7830,14,Nice-to-have
14234,7830,1,Preferred
14235,7830,23,Preferred
14236,8905,35,Nice-to-have
14237,8905,33,Nice-to-have
14238,7794,32,Preferred
14239,8941,22,Required
14240,8941,25,Nice-to-have
14241,8882,35,Required
14242,8882,33,Required
14243,8895,35,Required
14244,8895,33,Nice-to-have
14245,7818,6,Preferred
14246,7818,7,Required
14247,7764,22,Required
14248,8884,35,Required
14249,8884,33,Required
14250,7816,32,Preferred
14251,7816,9,Preferred
14252,7800,20,Required
14253,7777,6,Preferred
14254,7777,7,Required
14255,7761,6,Preferred
14256,7761,7,Nice-to-have
14257,8952,22,Preferred
14258,8952,25,Nice-to-have
14259,7819,6,Required
14260,7819,7,Preferred
14261,7781,22,Nice-to-have
14262,7781,25,Nice-to-have
14263,7831,8,Preferred
14264,7831,25,Preferred
14265,7831,19,Required
14266,7778,22,Required
14267,7778,25,Required
14268,8906,27,Required
14269,8906,33,Required
14270,8926,20,Preferred
14271,8873,26,Preferred
14272,8903,26,Nice-to-have
14273,8865,13,Nice-to-have
14274,8912,13,Nice-to-have
14275,7732,19,Nice-to-have
14276,7732,34,Nice-to-have
14277,8902,21,Nice-to-have
14278,8956,19,Required
14279,8956,34,Preferred
14280,8907,27,Required
14281,8907,33,Nice-to-have
14282,8911,13,Preferred
14283,7731,35,Required
14284,7731,33,Required
14285,8897,13,Required
14286,8925,27,Required
14287,8925,33,Preferred
14288,7763,22,Required
14289,7812,28,Preferred
14290,7812,29,Nice-to-have
14291,7812,30,Preferred
14292,7801,32,Nice-to-have
14293,7785,31,Required
14294,7785,26,Preferred
14295,7813,28,Required
14296,7813,34,Required
14297,8916,28,Preferred
14298,8916,29,Required
14299,8916,30,Required
14300,8866,13,Required
14301,7676,23,Required
14302,8928,31,Nice-to-have
14303,8928,19,Required
14304,8910,20,Preferred
14305,8896,27,Required
14306,8896,33,Nice-to-have
14307,8864,23,Preferred
14308,8955,13,Nice-to-have
14309,8908,24,Nice-to-have
14310,8908,28,Nice-to-have
14311,8908,4,Required
14312,7795,25,Nice-to-have
14313,7779,22,Preferred
14314,7779,25,Preferred
14315,8867,13,Required
14316,8954,32,Preferred
14317,7832,25,Required
14318,8939,19,Required
14319,8939,34,Required
14320,8927,13,Preferred
14321,7814,35,Preferred
14322,7814,33,Preferred
14323,8922,22,Nice-to-have
14324,8922,2,Required
14325,7523,19,Preferred
14326,7523,31,Nice-to-have
14327,7786,8,Nice-to-have
14328,7786,25,Required
14329,7786,19,Nice-to-have
14330,8886,14,Nice-to-have
14331,8886,12,Preferred
14332,8886,25,Preferred
14333,8959,35,Preferred
14334,8959,33,Preferred
14335,8932,8,Nice-to-have
14336,8932,25,Required
14337,8868,31,Preferred
14338,8868,19,Nice-to-have
14339,7796,31,Required
14340,8960,35,Preferred
14341,8960,33,Nice-to-have
14342,8947,35,Nice-to-have
14343,8947,33,Required
14344,8870,35,Preferred
14345,8870,33,Required
14346,8874,14,Preferred
14347,8874,12,Nice-to-have
14348,8874,25,Preferred
14349,8915,20,Preferred
14350,8931,35,Preferred
14351,8931,33,Nice-to-have
14352,8918,6,Required
14353,8918,7,Preferred
14354,8942,13,Required
14355,7833,22,Nice-to-have
14356,8869,25,Nice-to-have
14357,8944,25,Nice-to-have
14358,8943,13,Required
14359,8917,25,Preferred
14360,8946,25,Required
14361,8945,20,Preferred
14362,8930,32,Preferred
14363,8929,20,Preferred
14364,8899,20,Required
14365,8951,35,Preferred
14366,8951,33,Required
14367,8887,25,Required
14368,8962,25,Required
14369,8936,20,Preferred
14370,8890,25,Preferred
14371,8875,35,Preferred
14372,8875,33,Required
14373,7834,30,Required
14374,7834,1,Nice-to-have
14375,7834,6,Preferred
14376,7838,26,Preferred
14377,7784,25,Required
14378,7784,22,Nice-to-have
14379,7804,19,Preferred
14380,7804,34,Nice-to-have
14381,8950,25,Required
14382,7734,22,Preferred
14383,7734,25,Preferred
14384,8919,35,Required
14385,8919,33,Required
14386,8968,22,Preferred
14387,8968,25,Required
14388,7826,25,Nice-to-have
14389,7797,22,Required
14390,8949,2,Nice-to-have
14391,8949,1,Preferred
14392,8949,25,Preferred
14393,7678,21,Required
14394,8934,35,Required
14395,8934,33,Nice-to-have
14396,7828,20,Required
14397,7759,35,Nice-to-have
14398,7759,33,Required
14399,7758,35,Required
14400,7758,33,Nice-to-have
14401,7765,8,Required
14402,8969,35,Preferred
14403,8969,33,Nice-to-have
14404,8965,25,Preferred
14405,8967,32,Required
14406,8963,13,Nice-to-have
14407,8964,8,Required
14408,8964,25,Preferred
14409,7835,31,Preferred
14410,7817,22,Required
14411,8889,14,Preferred
14412,8889,12,Preferred
14413,8889,25,Preferred
14414,7837,19,Preferred
14415,7837,34,Preferred
14416,8901,13,Preferred
14417,8900,14,Preferred
14418,8900,12,Preferred
14419,8900,25,Nice-to-have
14420,8966,8,Preferred
14421,8966,25,Required
14422,8891,35,Nice-to-have
14423,8891,33,Preferred
14424,7836,34,Nice-to-have
14425,8877,13,Required
14426,8948,28,Nice-to-have
14427,8948,29,Preferred
14428,8948,30,Preferred
14429,8921,26,Preferred
14430,7877,20,Preferred
14431,7868,34,Preferred
14432,7868,24,Nice-to-have
14433,8985,19,Nice-to-have
14434,8985,34,Required
14435,7882,20,Preferred
14436,7848,28,Nice-to-have
14437,7848,29,Preferred
14438,7848,30,Nice-to-have
14439,7840,35,Required
14440,7840,33,Required
14441,7849,25,Preferred
14442,7865,25,Required
14443,7864,22,Nice-to-have
14444,7864,25,Nice-to-have
14445,7841,35,Preferred
14446,7841,33,Preferred
14447,8989,9,Required
14448,8989,25,Nice-to-have
14449,8989,34,Required
14450,7867,34,Nice-to-have
14451,7867,24,Preferred
14452,7862,20,Nice-to-have
14453,7866,25,Required
14454,7860,34,Required
14455,7860,24,Preferred
14456,7875,35,Required
14457,7875,33,Nice-to-have
14458,7856,13,Required
14459,7843,20,Nice-to-have
14460,7847,25,Nice-to-have
14461,7857,31,Nice-to-have
14462,7857,19,Nice-to-have
14463,7870,20,Preferred
14464,7876,20,Preferred
14465,8974,19,Required
14466,8974,34,Required
14467,8990,26,Required
14468,7850,13,Required
14469,8982,9,Required
14470,8982,25,Required
14471,8982,34,Required
14472,7879,34,Required
14473,7879,24,Preferred
14474,7881,26,Required
14475,7880,20,Nice-to-have
14476,8973,35,Required
14477,7854,34,Preferred
14478,7854,24,Preferred
14479,8984,22,Required
14480,7872,35,Preferred
14481,7872,33,Nice-to-have
14482,7839,31,Required
14483,7839,19,Nice-to-have
14484,8975,9,Nice-to-have
14485,8975,25,Preferred
14486,8975,34,Nice-to-have
14487,8971,20,Nice-to-have
14488,8983,19,Preferred
14489,8983,34,Nice-to-have
14490,8988,25,Required
14491,8980,22,Required
14492,7858,4,Preferred
14493,7858,28,Nice-to-have
14494,8979,35,Nice-to-have
14495,8979,33,Nice-to-have
14496,8978,22,Preferred
14497,8978,25,Required
14498,7855,8,Preferred
14499,7855,25,Preferred
14500,7878,20,Nice-to-have
14501,7861,20,Required
14502,8987,24,Preferred
14503,8987,34,Preferred
14504,7869,13,Preferred
14505,7846,35,Preferred
14506,7846,33,Required
14507,7852,35,Preferred
14508,7852,33,Nice-to-have
14509,7844,34,Nice-to-have
14510,7844,24,Preferred
14511,7874,8,Required
14512,7874,22,Preferred
14513,8991,31,Required
14514,7886,21,Nice-to-have
14515,8981,35,Required
14516,7883,21,Preferred
14517,7887,34,Preferred
14518,7887,24,Preferred
14519,7863,20,Preferred
14520,7845,20,Nice-to-have
14521,7859,34,Required
14522,7859,24,Preferred
14523,7871,35,Required
14524,7871,33,Required
14525,7873,31,Nice-to-have
14526,7873,19,Nice-to-have
14527,8977,21,Preferred
14528,7885,22,Nice-to-have
14529,7885,25,Required
14530,7884,31,Preferred
14531,7853,8,Required
14532,7853,25,Nice-to-have
14533,8986,34,Nice-to-have
14534,8986,17,Preferred
14535,7851,20,Required
14536,7842,35,Preferred
14537,7842,33,Required
14538,8970,22,Preferred
14539,8972,34,Required
14540,8972,24,Preferred
14541,8976,7,Preferred
14542,8976,35,Required
14543,8976,17,Required
14544,7892,26,Nice-to-have
14545,7909,35,Required
14546,7909,33,Required
14547,7891,13,Preferred
14548,7910,21,Nice-to-have
14549,7889,25,Nice-to-have
14550,9047,31,Nice-to-have
14551,9047,12,Required
14552,7893,25,Nice-to-have
14553,7890,25,Preferred
14554,7888,35,Required
14555,7888,33,Preferred
14556,9049,19,Required
14557,9068,19,Preferred
14558,8993,22,Required
14559,8993,25,Preferred
14560,9067,19,Required
14561,9000,19,Required
14562,9026,27,Required
14563,9008,19,Preferred
14564,9025,19,Preferred
14565,9104,25,Nice-to-have
14566,9082,19,Nice-to-have
14567,8998,35,Nice-to-have
14568,8998,33,Preferred
14569,8995,28,Required
14570,8995,29,Preferred
14571,8995,30,Required
14572,8997,28,Required
14573,8997,29,Required
14574,8997,30,Nice-to-have
14575,9009,19,Required
14576,9048,19,Required
14577,9010,19,Nice-to-have
14578,9024,19,Required
14579,8994,35,Preferred
14580,8994,33,Preferred
14581,8999,19,Nice-to-have
14582,8996,35,Nice-to-have
14583,8996,33,Required
14584,7919,1,Nice-to-have
14585,7919,30,Required
14586,7920,25,Nice-to-have
14587,7896,9,Preferred
14588,7896,25,Preferred
14589,7896,34,Required
14590,7921,34,Nice-to-have
14591,7921,35,Nice-to-have
14592,9012,20,Nice-to-have
14593,9012,25,Preferred
14594,9012,35,Preferred
14595,7897,19,Required
14596,9011,24,Preferred
14597,9011,34,Preferred
14598,9006,21,Nice-to-have
14599,9030,25,Required
14600,9031,24,Preferred
14601,9031,34,Nice-to-have
14602,9001,22,Required
14603,9001,25,Nice-to-have
14604,9106,25,Required
14605,9007,22,Required
14606,9007,25,Preferred
14607,9028,25,Nice-to-have
14608,9013,21,Nice-to-have
14609,9051,22,Nice-to-have
14610,9051,25,Preferred
14611,9003,22,Required
14612,9003,25,Nice-to-have
14613,9027,25,Preferred
14614,9105,32,Nice-to-have
14615,9083,19,Nice-to-have
14616,9083,34,Preferred
14617,9029,22,Preferred
14618,9029,25,Preferred
14619,9002,32,Preferred
14620,9050,19,Nice-to-have
14621,9050,34,Nice-to-have
14622,7926,21,Preferred
14623,9032,22,Required
14624,9032,25,Required
14625,7911,31,Nice-to-have
14626,7943,14,Required
14627,7943,22,Nice-to-have
14628,7912,21,Nice-to-have
14629,7927,19,Required
14630,7927,31,Nice-to-have
14631,7953,31,Nice-to-have
14632,7898,31,Nice-to-have
14633,8992,34,Nice-to-have
14634,8992,24,Required
14635,7947,26,Nice-to-have
14636,9014,34,Required
14637,9014,24,Required
14638,9052,20,Required
14639,9039,20,Required
14640,9073,20,Nice-to-have
14641,9060,22,Required
14642,9060,25,Required
14643,9018,31,Required
14644,9018,19,Required
14645,9154,22,Nice-to-have
14646,9154,25,Nice-to-have
14647,9094,20,Preferred
14648,9061,22,Required
14649,9061,25,Preferred
14650,9054,22,Nice-to-have
14651,9054,25,Preferred
14652,9089,28,Preferred
14653,9089,34,Nice-to-have
14654,9059,20,Required
14655,9019,19,Nice-to-have
14656,9019,34,Preferred
14657,9084,4,Nice-to-have
14658,9084,28,Required
14659,9127,8,Preferred
14660,9127,25,Required
14661,9017,22,Required
14662,9017,25,Nice-to-have
14663,9132,22,Nice-to-have
14664,9132,25,Nice-to-have
14665,9095,20,Preferred
14666,9069,25,Preferred
14667,9034,26,Nice-to-have
14668,9131,22,Required
14669,9131,25,Preferred
14670,9090,22,Required
14671,9090,25,Nice-to-have
14672,9035,31,Preferred
14673,9035,19,Required
14674,9065,22,Preferred
14675,9065,25,Preferred
14676,9130,22,Required
14677,9130,25,Required
14678,9081,22,Nice-to-have
14679,9081,25,Preferred
14680,9133,22,Nice-to-have
14681,9133,25,Required
14682,9091,32,Nice-to-have
14683,9044,26,Nice-to-have
14684,9075,22,Nice-to-have
14685,9075,25,Nice-to-have
14686,9041,22,Required
14687,9041,25,Required
14688,9077,19,Preferred
14689,9077,34,Preferred
14690,9111,22,Required
14691,9111,25,Required
14692,9020,20,Nice-to-have
14693,9074,22,Required
14694,9074,25,Nice-to-have
14695,9115,26,Required
14696,9092,8,Nice-to-have
14697,9092,25,Preferred
14698,9021,19,Required
14699,9021,34,Required
14700,9080,19,Required
14701,9080,34,Preferred
14702,9033,22,Preferred
14703,9033,25,Required
14704,9036,31,Required
14705,9036,19,Required
14706,9038,19,Nice-to-have
14707,9038,34,Nice-to-have
14708,9058,22,Nice-to-have
14709,9058,25,Nice-to-have
14710,9064,20,Nice-to-have
14711,9005,8,Required
14712,9005,25,Required
14713,9015,22,Required
14714,9015,25,Required
14715,9062,31,Preferred
14716,9062,19,Nice-to-have
14717,9110,4,Nice-to-have
14718,9110,28,Required
14719,9150,22,Preferred
14720,9150,25,Required
14721,9088,22,Nice-to-have
14722,9088,25,Nice-to-have
14723,9126,4,Preferred
14724,9126,28,Nice-to-have
14725,9114,2,Preferred
14726,9114,1,Required
14727,9114,25,Required
14728,9023,19,Nice-to-have
14729,9023,34,Preferred
14730,9078,20,Nice-to-have
14731,9113,22,Preferred
14732,9113,25,Preferred
14733,9153,4,Preferred
14734,9153,28,Nice-to-have
14735,9085,19,Required
14736,9085,34,Preferred
14737,9079,8,Preferred
14738,9079,25,Preferred
14739,9037,20,Nice-to-have
14740,9043,26,Nice-to-have
14741,9070,8,Required
14742,9070,25,Nice-to-have
14743,9116,25,Nice-to-have
14744,9063,22,Nice-to-have
14745,9063,25,Preferred
14746,9151,22,Nice-to-have
14747,9151,25,Nice-to-have
14748,9066,8,Required
14749,9066,25,Nice-to-have
14750,9107,31,Preferred
14751,9107,19,Preferred
14752,9125,4,Preferred
14753,9125,28,Preferred
14754,9129,20,Required
14755,9128,22,Required
14756,9128,25,Required
14757,9086,22,Preferred
14758,9086,25,Preferred
14759,9108,22,Preferred
14760,9108,25,Nice-to-have
14761,9071,19,Required
14762,9071,34,Nice-to-have
14763,9124,19,Preferred
14764,9124,34,Preferred
14765,9016,19,Nice-to-have
14766,9016,34,Required
14767,9056,32,Preferred
14768,9055,8,Required
14769,9055,25,Required
14770,9004,22,Required
14771,9004,25,Required
14772,9156,8,Required
14773,9156,25,Required
14774,7962,21,Preferred
14775,9042,4,Preferred
14776,9042,28,Preferred
14777,9093,8,Nice-to-have
14778,9093,25,Preferred
14779,9087,2,Nice-to-have
14780,9087,1,Required
14781,9087,25,Preferred
14782,9053,22,Nice-to-have
14783,9053,25,Required
14784,9155,25,Preferred
14785,9112,31,Nice-to-have
14786,9112,19,Nice-to-have
14787,9109,20,Required
14788,7915,35,Required
14789,7915,33,Nice-to-have
14790,7939,35,Preferred
14791,7939,33,Preferred
14792,9040,32,Required
14793,7954,35,Required
14794,7954,33,Required
14795,7944,26,Nice-to-have
14796,7930,35,Nice-to-have
14797,7930,33,Required
14798,7945,35,Required
14799,7945,33,Required
14800,7900,20,Required
14801,9057,22,Nice-to-have
14802,9057,25,Required
14803,7899,20,Preferred
14804,7946,20,Nice-to-have
14805,7928,35,Required
14806,7928,33,Preferred
14807,9045,26,Nice-to-have
14808,9022,22,Nice-to-have
14809,9022,25,Required
14810,7916,35,Nice-to-have
14811,7916,33,Required
14812,7894,20,Required
14813,9046,19,Nice-to-have
14814,9046,34,Preferred
14815,9152,22,Nice-to-have
14816,9152,25,Nice-to-have
14817,7917,25,Nice-to-have
14818,7901,22,Preferred
14819,7901,25,Required
14820,7913,35,Preferred
14821,7913,33,Nice-to-have
14822,7940,35,Preferred
14823,7940,33,Nice-to-have
14824,9076,20,Required
14825,7914,35,Preferred
14826,7914,33,Nice-to-have
14827,9072,19,Required
14828,9072,34,Required
14829,7929,35,Preferred
14830,7929,33,Nice-to-have
14831,9117,34,Required
14832,9117,24,Nice-to-have
14833,7895,35,Nice-to-have
14834,7895,33,Nice-to-have
14835,9096,24,Nice-to-have
14836,9096,34,Required
14837,7918,21,Nice-to-have
14838,9157,6,Preferred
14839,9157,7,Preferred
14840,7933,12,Required
14841,7933,25,Preferred
14842,7931,35,Preferred
14843,7931,33,Required
14844,7948,32,Preferred
14845,7922,32,Required
14846,7932,25,Required
14847,7963,23,Required
14848,7949,25,Nice-to-have
14849,7949,22,Preferred
14850,7949,12,Nice-to-have
14851,9205,13,Nice-to-have
14852,9175,13,Preferred
14853,9158,13,Nice-to-have
14854,7955,21,Nice-to-have
14855,7902,14,Preferred
14856,7902,15,Preferred
14857,7902,22,Preferred
14858,7960,21,Required
14859,9234,12,Preferred
14860,9178,22,Preferred
14861,9178,25,Required
14862,7956,6,Preferred
14863,7956,7,Preferred
14864,7950,6,Nice-to-have
14865,7950,7,Nice-to-have
14866,7905,6,Required
14867,7905,7,Nice-to-have
14868,7935,6,Required
14869,7935,7,Required
14870,7904,6,Nice-to-have
14871,7904,7,Nice-to-have
14872,7957,6,Preferred
14873,7957,7,Required
14874,7934,6,Nice-to-have
14875,7934,7,Preferred
14876,9228,22,Preferred
14877,9228,25,Required
14878,9229,35,Preferred
14879,9229,33,Nice-to-have
14880,9177,20,Nice-to-have
14881,9176,22,Nice-to-have
14882,9176,25,Nice-to-have
14883,7967,21,Nice-to-have
14884,9134,20,Preferred
14885,7964,6,Preferred
14886,7964,7,Preferred
14887,9230,20,Nice-to-have
14888,9135,35,Preferred
14889,9135,33,Preferred
14890,9097,35,Required
14891,9097,33,Required
14892,9098,22,Required
14893,9098,25,Preferred
14894,9231,20,Required
14895,7903,20,Required
14896,9118,22,Preferred
14897,9118,25,Required
14898,7906,6,Nice-to-have
14899,7906,7,Preferred
14900,7942,28,Required
14901,7942,34,Preferred
14902,7923,28,Preferred
14903,7923,34,Preferred
14904,7907,20,Preferred
14905,7937,35,Preferred
14906,7937,33,Nice-to-have
14907,9159,35,Nice-to-have
14908,9159,33,Required
14909,9099,34,Preferred
14910,9099,24,Preferred
14911,9207,22,Nice-to-have
14912,9207,25,Preferred
14913,7968,32,Preferred
14914,9208,13,Preferred
14915,9160,20,Nice-to-have
14916,7936,28,Nice-to-have
14917,7936,34,Nice-to-have
14918,7959,35,Preferred
14919,7959,33,Preferred
14920,7941,20,Preferred
14921,7951,19,Nice-to-have
14922,7951,34,Required
14923,9161,20,Preferred
14924,7958,26,Preferred
14925,7908,20,Preferred
14926,7965,6,Required
14927,7965,7,Nice-to-have
14928,7924,20,Required
14929,9119,26,Required
14930,9211,20,Preferred
14931,9121,20,Required
14932,9123,13,Nice-to-have
14933,9140,22,Preferred
14934,9140,25,Required
14935,9210,20,Required
14936,9180,20,Required
14937,9138,20,Required
14938,7966,35,Preferred
14939,7966,33,Preferred
14940,9101,20,Required
14941,9137,20,Preferred
14942,9139,20,Required
14943,9232,20,Required
14944,9181,13,Nice-to-have
14945,9100,20,Preferred
14946,9136,20,Nice-to-have
14947,9122,20,Preferred
14948,9235,13,Nice-to-have
14949,9209,20,Preferred
14950,9233,20,Preferred
14951,7984,17,Nice-to-have
14952,9265,14,Preferred
14953,9265,12,Preferred
14954,9265,25,Preferred
14955,9243,19,Required
14956,9243,34,Nice-to-have
14957,9201,16,Preferred
14958,9201,26,Required
14959,9201,17,Required
14960,9163,22,Required
14961,9163,25,Nice-to-have
14962,9162,10,Required
14963,9162,11,Nice-to-have
14964,9144,16,Required
14965,9144,26,Nice-to-have
14966,9144,17,Preferred
14967,9171,22,Required
14968,9171,25,Required
14969,9224,35,Required
14970,9224,33,Preferred
14971,7970,17,Required
14972,7961,34,Required
14973,7961,24,Nice-to-have
14974,9259,20,Required
14975,7952,34,Required
14976,7952,24,Nice-to-have
14977,9196,22,Preferred
14978,9196,25,Preferred
14979,7938,17,Nice-to-have
14980,9221,19,Required
14981,9221,34,Nice-to-have
14982,9170,34,Required
14983,9170,24,Preferred
14984,9188,16,Required
14985,9188,26,Preferred
14986,9188,17,Nice-to-have
14987,9220,20,Preferred
14988,9202,14,Required
14989,9202,12,Required
14990,9202,25,Required
14991,9187,25,Required
14992,9164,16,Preferred
14993,9164,26,Required
14994,9164,17,Preferred
14995,9236,19,Required
14996,9236,34,Preferred
14997,9249,19,Nice-to-have
14998,9249,34,Nice-to-have
14999,9183,19,Required
15000,9183,34,Nice-to-have
15001,9199,20,Preferred
15002,9237,16,Nice-to-have
15003,9237,26,Nice-to-have
15004,9237,17,Required
15005,9264,34,Nice-to-have
15006,9264,24,Required
15007,9242,2,Preferred
15008,9242,1,Required
15009,9242,25,Preferred
15010,9238,25,Preferred
15011,9167,22,Preferred
15012,9167,25,Nice-to-have
15013,9203,31,Required
15014,9203,19,Nice-to-have
15015,9257,22,Preferred
15016,9257,25,Preferred
15017,9191,35,Nice-to-have
15018,9191,33,Nice-to-have
15019,9120,35,Preferred
15020,9120,33,Preferred
15021,9262,24,Required
15022,9262,34,Required
15023,9212,8,Preferred
15024,9212,25,Preferred
15025,9102,22,Nice-to-have
15026,9102,25,Nice-to-have
15027,9172,10,Required
15028,9172,11,Required
15029,9165,20,Required
15030,9182,25,Preferred
15031,9246,20,Preferred
15032,9216,20,Nice-to-have
15033,9255,22,Required
15034,9255,25,Nice-to-have
15035,9169,20,Preferred
15036,9142,22,Required
15037,9142,25,Required
15038,9248,8,Preferred
15039,9248,25,Nice-to-have
15040,9146,28,Required
15041,9146,34,Nice-to-have
15042,9247,2,Nice-to-have
15043,9247,1,Required
15044,9247,25,Preferred
15045,9189,19,Nice-to-have
15046,9189,34,Preferred
15047,9250,22,Required
15048,9250,25,Required
15049,9145,22,Preferred
15050,9145,25,Preferred
15051,9215,25,Nice-to-have
15052,9223,19,Nice-to-have
15053,9223,34,Preferred
15054,9222,8,Required
15055,9222,25,Nice-to-have
15056,7974,35,Preferred
15057,7974,33,Required
15058,9200,19,Required
15059,9200,34,Required
15060,9252,2,Required
15061,9252,1,Nice-to-have
15062,9252,25,Preferred
15063,9193,31,Required
15064,9193,19,Preferred
15065,7980,35,Nice-to-have
15066,7980,33,Required
15067,9186,20,Required
15068,9269,2,Nice-to-have
15069,9269,1,Preferred
15070,9269,25,Nice-to-have
15071,8007,34,Preferred
15072,8007,24,Preferred
15073,9245,25,Preferred
15074,9143,16,Required
15075,9143,26,Nice-to-have
15076,9143,17,Required
15077,9226,35,Nice-to-have
15078,9226,33,Nice-to-have
15079,9195,34,Nice-to-have
15080,9195,24,Preferred
15081,9174,25,Nice-to-have
15082,9218,25,Preferred
15083,9227,22,Required
15084,9227,25,Required
15085,9225,20,Nice-to-have
15086,8025,28,Preferred
15087,8025,34,Preferred
15088,9204,32,Required
15089,8109,24,Preferred
15090,8109,28,Preferred
15091,8109,2,Nice-to-have
15092,7985,35,Nice-to-have
15093,7985,33,Required
15094,9141,14,Required
15095,9141,12,Nice-to-have
15096,9141,25,Required
15097,9197,22,Preferred
15098,9197,25,Nice-to-have
15099,8006,28,Nice-to-have
15100,8006,34,Preferred
15101,9268,20,Required
15102,9260,19,Required
15103,9260,34,Preferred
15104,9184,22,Nice-to-have
15105,9184,25,Nice-to-have
15106,9241,32,Required
15107,9267,22,Preferred
15108,9267,25,Preferred
15109,9214,19,Preferred
15110,9214,34,Preferred
15111,7973,35,Nice-to-have
15112,7973,33,Required
15113,9251,35,Nice-to-have
15114,9251,33,Preferred
15115,9179,25,Nice-to-have
15116,7982,35,Preferred
15117,7982,33,Preferred
15118,7971,31,Nice-to-have
15119,7971,19,Preferred
15120,7994,31,Nice-to-have
15121,7994,19,Preferred
15122,7975,35,Preferred
15123,7975,33,Required
15124,9256,22,Nice-to-have
15125,9256,25,Preferred
15126,8008,35,Required
15127,8008,33,Required
15128,9148,6,Nice-to-have
15129,9148,7,Nice-to-have
15130,7983,32,Required
15131,7996,26,Preferred
15132,9194,31,Required
15133,9194,19,Required
15134,9217,25,Nice-to-have
15135,9308,25,Preferred
15136,9298,31,Required
15137,9298,19,Preferred
15138,7977,31,Preferred
15139,7977,19,Preferred
15140,9198,22,Nice-to-have
15141,9198,25,Preferred
15142,9166,22,Preferred
15143,9166,25,Required
15144,7995,28,Required
15145,7995,34,Required
15146,8026,20,Required
15147,9149,34,Preferred
15148,9149,24,Nice-to-have
15149,8022,35,Nice-to-have
15150,8022,33,Required
15151,9147,35,Required
15152,9147,33,Required
15153,9219,24,Preferred
15154,9219,34,Nice-to-have
15155,7997,35,Preferred
15156,7997,33,Nice-to-have
15157,7969,35,Nice-to-have
15158,7969,33,Nice-to-have
15159,9263,20,Nice-to-have
15160,8056,20,Required
15161,8024,28,Preferred
15162,8024,34,Required
15163,9168,22,Preferred
15164,9168,25,Required
15165,9253,35,Required
15166,9253,33,Nice-to-have
15167,7978,28,Required
15168,7978,34,Required
15169,9266,22,Nice-to-have
15170,9266,25,Preferred
15171,8023,35,Required
15172,8023,33,Nice-to-have
15173,7986,35,Preferred
15174,7986,33,Required
15175,8028,34,Required
15176,8028,24,Required
15177,9261,35,Preferred
15178,9261,33,Preferred
15179,8081,24,Preferred
15180,8081,28,Preferred
15181,8081,2,Required
15182,9272,13,Preferred
15183,9254,28,Preferred
15184,9254,34,Required
15185,7976,20,Required
15186,7990,20,Preferred
15187,9173,6,Nice-to-have
15188,9173,7,Nice-to-have
15189,9309,13,Preferred
15190,7979,28,Nice-to-have
15191,7979,34,Preferred
15192,8057,24,Nice-to-have
15193,8057,28,Nice-to-have
15194,8057,2,Required
15195,9239,22,Required
15196,9239,25,Required
15197,8114,20,Preferred
15198,7992,20,Preferred
15199,8113,35,Nice-to-have
15200,8113,33,Nice-to-have
15201,8014,2,Nice-to-have
15202,8014,1,Required
15203,8014,25,Required
15204,8112,35,Preferred
15205,8112,33,Preferred
15206,8059,35,Required
15207,8059,33,Preferred
15208,8045,34,Preferred
15209,8045,24,Required
15210,8047,32,Required
15211,7999,35,Required
15212,7999,33,Required
15213,8020,35,Preferred
15214,8020,33,Nice-to-have
15215,9289,13,Required
15216,8083,25,Preferred
15217,7989,35,Required
15218,7989,33,Preferred
15219,7972,22,Nice-to-have
15220,7972,25,Preferred
15221,8019,35,Required
15222,8019,33,Required
15223,8017,35,Preferred
15224,8017,33,Required
15225,9240,22,Nice-to-have
15226,9240,25,Required
15227,8111,20,Nice-to-have
15228,8000,19,Required
15229,8000,34,Preferred
15230,7998,34,Preferred
15231,7998,24,Preferred
15232,9271,22,Required
15233,9271,25,Preferred
15234,8003,35,Preferred
15235,8003,33,Preferred
15236,8086,22,Nice-to-have
15237,8086,25,Preferred
15238,8046,25,Preferred
15239,8043,19,Preferred
15240,8043,34,Preferred
15241,8084,34,Nice-to-have
15242,8084,24,Required
15243,8016,28,Preferred
15244,8016,34,Preferred
15245,9283,13,Required
15246,9299,20,Preferred
15247,9185,22,Nice-to-have
15248,9185,25,Preferred
15249,9310,20,Preferred
15250,8085,35,Nice-to-have
15251,8085,33,Preferred
15252,9103,22,Required
15253,9103,25,Nice-to-have
15254,9270,17,Preferred
15255,8049,22,Required
15256,8049,25,Required
15257,8082,35,Required
15258,8082,33,Nice-to-have
15259,8009,23,Required
15260,8010,25,Nice-to-have
15261,8031,19,Nice-to-have
15262,8031,34,Preferred
15263,8021,23,Required
15264,9282,6,Nice-to-have
15265,9282,7,Preferred
15266,8039,13,Preferred
15267,8063,13,Nice-to-have
15268,8030,25,Required
15269,8035,13,Preferred
15270,8048,20,Required
15271,8037,13,Preferred
15272,7987,25,Preferred
15273,8002,22,Nice-to-have
15274,8002,25,Preferred
15275,9190,34,Nice-to-have
15276,9190,24,Nice-to-have
15277,8123,13,Nice-to-have
15278,8040,13,Required
15279,8091,13,Nice-to-have
15280,8041,31,Nice-to-have
15281,8041,19,Preferred
15282,9311,14,Nice-to-have
15283,8062,35,Nice-to-have
15284,8062,33,Nice-to-have
15285,8058,31,Preferred
15286,8058,19,Nice-to-have
15287,8143,13,Preferred
15288,8116,32,Nice-to-have
15289,8122,13,Preferred
15290,8001,34,Preferred
15291,8001,24,Nice-to-have
15292,8092,13,Preferred
15293,8118,34,Preferred
15294,8118,24,Required
15295,8090,13,Nice-to-have
15296,9320,22,Nice-to-have
15297,9320,25,Required
15298,8110,34,Required
15299,8110,35,Nice-to-have
15300,8124,13,Nice-to-have
15301,8033,23,Preferred
15302,9275,22,Nice-to-have
15303,9275,25,Nice-to-have
15304,8144,35,Required
15305,8144,33,Required
15306,9370,31,Nice-to-have
15307,9370,19,Nice-to-have
15308,9258,25,Nice-to-have
15309,8155,13,Nice-to-have
15310,9192,34,Required
15311,8018,10,Preferred
15312,8018,11,Required
15313,9301,35,Nice-to-have
15314,9301,33,Nice-to-have
15315,8036,13,Required
15316,9314,22,Required
15317,9314,25,Nice-to-have
15318,9278,22,Preferred
15319,9278,25,Nice-to-have
15320,9292,24,Preferred
15321,9292,34,Nice-to-have
15322,8088,13,Required
15323,9317,24,Preferred
15324,9317,34,Nice-to-have
15325,7991,20,Nice-to-have
15326,9371,28,Preferred
15327,9371,34,Preferred
15328,9312,35,Nice-to-have
15329,9312,33,Preferred
15330,9290,13,Preferred
15331,9316,22,Nice-to-have
15332,9316,25,Preferred
15333,8011,35,Required
15334,8011,33,Preferred
15335,7993,31,Preferred
15336,7993,19,Preferred
15337,9244,25,Required
15338,8119,35,Nice-to-have
15339,8119,33,Required
15340,7981,35,Preferred
15341,7981,33,Nice-to-have
15342,9291,22,Preferred
15343,9291,25,Required
15344,9276,20,Preferred
15345,8126,35,Required
15346,8126,33,Preferred
15347,8125,13,Required
15348,9284,24,Nice-to-have
15349,8060,35,Required
15350,8060,33,Preferred
15351,8158,20,Nice-to-have
15352,9368,22,Preferred
15353,9368,25,Required
15354,8034,13,Required
15355,8027,31,Required
15356,8027,19,Required
15357,9323,19,Preferred
15358,9323,34,Nice-to-have
15359,8087,10,Nice-to-have
15360,8087,11,Nice-to-have
15361,8121,31,Nice-to-have
15362,8121,19,Required
15363,9313,22,Required
15364,9313,25,Preferred
15365,8061,34,Nice-to-have
15366,8061,24,Required
15367,8013,35,Required
15368,8013,33,Preferred
15369,8095,35,Required
15370,8095,33,Required
15371,9315,35,Preferred
15372,9315,33,Required
15373,9369,20,Nice-to-have
15374,9342,6,Nice-to-have
15375,9342,7,Required
15376,8157,20,Required
15377,8050,22,Required
15378,8050,25,Nice-to-have
15379,8015,34,Preferred
15380,8015,24,Nice-to-have
15381,9293,6,Required
15382,9293,7,Preferred
15383,9286,20,Preferred
15384,8094,22,Required
15385,8094,25,Preferred
15386,8120,34,Preferred
15387,8120,24,Required
15388,8115,25,Preferred
15389,8005,13,Preferred
15390,8038,13,Nice-to-have
15391,8142,13,Required
15392,9288,13,Required
15393,9341,24,Nice-to-have
15394,9341,34,Preferred
15395,8044,13,Nice-to-have
15396,8004,13,Required
15397,9274,8,Required
15398,9274,25,Preferred
15399,8012,22,Preferred
15400,8012,25,Preferred
15401,9285,34,Nice-to-have
15402,9285,24,Nice-to-have
15403,9339,8,Preferred
15404,9339,25,Nice-to-have
15405,9324,19,Preferred
15406,9324,34,Required
15407,9296,20,Preferred
15408,9321,34,Preferred
15409,9321,35,Nice-to-have
15410,9302,20,Preferred
15411,9280,20,Preferred
15412,8029,25,Required
15413,9303,20,Required
15414,9295,20,Preferred
15415,9340,35,Nice-to-have
15416,9340,33,Preferred
15417,9273,21,Nice-to-have
15418,9300,8,Nice-to-have
15419,9300,25,Required
15420,9213,25,Required
15421,8159,34,Preferred
15422,8159,17,Required
15423,8055,35,Nice-to-have
15424,8055,33,Required
15425,8053,34,Nice-to-have
15426,8053,17,Required
15427,8096,32,Preferred
15428,8145,35,Required
15429,8145,33,Preferred
15430,9279,20,Nice-to-have
15431,9322,20,Nice-to-have
15432,8128,35,Preferred
15433,8128,33,Nice-to-have
15434,8042,35,Preferred
15435,8042,33,Preferred
15436,8147,20,Required
15437,8183,35,Preferred
15438,8183,33,Nice-to-have
15439,8117,25,Preferred
15440,8065,35,Preferred
15441,8065,33,Required
15442,9344,20,Preferred
15443,8146,35,Nice-to-have
15444,8146,33,Nice-to-have
15445,8032,20,Required
15446,8184,34,Required
15447,8184,35,Required
15448,8129,14,Nice-to-have
15449,8129,12,Nice-to-have
15450,8129,25,Preferred
15451,8199,14,Preferred
15452,8199,12,Preferred
15453,8199,25,Nice-to-have
15454,9297,2,Preferred
15455,9297,15,Required
15456,9297,22,Required
15457,9343,20,Preferred
15458,8102,25,Nice-to-have
15459,8097,34,Nice-to-have
15460,8097,24,Nice-to-have
15461,8089,13,Required
15462,8198,35,Nice-to-have
15463,8198,33,Required
15464,9318,22,Required
15465,8185,34,Preferred
15466,8185,24,Preferred
15467,9277,34,Preferred
15468,9277,35,Nice-to-have
15469,8054,19,Preferred
15470,8054,34,Preferred
15471,9372,20,Preferred
15472,8168,35,Nice-to-have
15473,8168,33,Preferred
15474,8160,35,Nice-to-have
15475,8160,33,Preferred
15476,8075,34,Required
15477,8075,24,Preferred
15478,8052,13,Preferred
15479,8202,34,Preferred
15480,8202,24,Preferred
15481,8106,35,Nice-to-have
15482,8106,33,Required
15483,8136,20,Nice-to-have
15484,8108,13,Required
15485,8218,14,Required
15486,8218,12,Required
15487,8218,25,Required
15488,8165,20,Nice-to-have
15489,8130,34,Preferred
15490,8130,35,Preferred
15491,8104,20,Preferred
15492,8192,34,Nice-to-have
15493,8192,24,Required
15494,8133,35,Required
15495,8133,33,Required
15496,8154,34,Nice-to-have
15497,8154,24,Required
15498,8194,22,Nice-to-have
15499,8194,25,Required
15500,8070,19,Required
15501,8070,34,Required
15502,8069,25,Nice-to-have
15503,8186,35,Nice-to-have
15504,8186,33,Preferred
15505,8073,20,Required
15506,8078,35,Nice-to-have
15507,8078,33,Nice-to-have
15508,8132,35,Preferred
15509,8132,33,Required
15510,8216,32,Preferred
15511,8103,34,Preferred
15512,8103,24,Preferred
15513,8074,34,Preferred
15514,8074,24,Nice-to-have
15515,8162,20,Preferred
15516,8205,28,Preferred
15517,8205,34,Required
15518,7988,26,Required
15519,8188,35,Preferred
15520,8188,33,Preferred
15521,8166,34,Preferred
15522,8166,24,Preferred
15523,8175,34,Nice-to-have
15524,8175,24,Preferred
15525,8191,34,Required
15526,8191,24,Required
15527,8099,25,Preferred
15528,8173,34,Preferred
15529,8173,24,Nice-to-have
15530,8153,34,Preferred
15531,8153,24,Preferred
15532,9346,19,Required
15533,9346,34,Preferred
15534,8138,34,Preferred
15535,8138,24,Nice-to-have
15536,8174,34,Preferred
15537,8174,24,Preferred
15538,8177,35,Required
15539,8177,33,Required
15540,8178,26,Preferred
15541,8107,20,Nice-to-have
15542,9375,32,Required
15543,9469,24,Required
15544,9469,34,Nice-to-have
15545,8100,34,Preferred
15546,8100,24,Preferred
15547,9325,34,Nice-to-have
15548,9325,24,Preferred
15549,8079,13,Nice-to-have
15550,8220,34,Preferred
15551,8220,24,Nice-to-have
15552,8176,34,Preferred
15553,8176,24,Nice-to-have
15554,8179,11,Required
15555,9347,22,Required
15556,8207,19,Nice-to-have
15557,8207,34,Nice-to-have
15558,8196,20,Preferred
15559,9374,34,Required
15560,9374,17,Preferred
15561,8139,35,Required
15562,8139,33,Preferred
15563,9470,25,Required
15564,9333,22,Nice-to-have
15565,9333,25,Nice-to-have
15566,8249,22,Nice-to-have
15567,8249,25,Required
15568,8156,13,Required
15569,9399,22,Preferred
15570,9399,25,Nice-to-have
15571,8131,31,Required
15572,8131,19,Preferred
15573,8204,20,Required
15574,9281,22,Required
15575,8152,35,Preferred
15576,8152,33,Required
15577,9385,13,Preferred
15578,8201,35,Preferred
15579,8201,33,Preferred
15580,8206,14,Preferred
15581,8206,12,Preferred
15582,8206,25,Nice-to-have
15583,9305,28,Preferred
15584,8105,34,Preferred
15585,8105,24,Nice-to-have
15586,8190,35,Preferred
15587,8190,33,Nice-to-have
15588,8208,35,Preferred
15589,8208,33,Preferred
15590,9306,22,Nice-to-have
15591,8189,20,Required
15592,8071,32,Preferred
15593,9358,25,Required
15594,8067,26,Nice-to-have
15595,9482,22,Required
15596,9482,25,Required
15597,9359,13,Nice-to-have
15598,8169,14,Required
15599,8169,12,Required
15600,8169,25,Nice-to-have
15601,9428,34,Preferred
15602,9428,17,Nice-to-have
15603,9382,22,Required
15604,9382,25,Preferred
15605,9330,25,Nice-to-have
15606,9328,34,Preferred
15607,9328,17,Preferred
15608,9361,25,Nice-to-have
15609,9319,19,Required
15610,9319,34,Nice-to-have
15611,9414,13,Required
15612,9396,3,Preferred
15613,9396,29,Nice-to-have
15614,9396,28,Nice-to-have
15615,9329,35,Nice-to-have
15616,9329,33,Nice-to-have
15617,8214,34,Required
15618,8214,24,Preferred
15619,8163,35,Nice-to-have
15620,8163,33,Required
15621,9413,25,Required
15622,8077,35,Nice-to-have
15623,8077,33,Preferred
15624,9379,20,Preferred
15625,9483,22,Nice-to-have
15626,9483,25,Nice-to-have
15627,9433,22,Preferred
15628,9433,25,Preferred
15629,8181,35,Nice-to-have
15630,8181,33,Required
15631,8141,35,Required
15632,8141,33,Nice-to-have
15633,8171,22,Nice-to-have
15634,8171,25,Preferred
15635,9429,20,Preferred
15636,8134,25,Preferred
15637,9448,22,Preferred
15638,9448,25,Required
15639,9304,22,Nice-to-have
15640,9360,35,Preferred
15641,9360,33,Nice-to-have
15642,9350,22,Nice-to-have
15643,9350,25,Preferred
15644,9450,25,Required
15645,8195,22,Required
15646,8195,25,Preferred
15647,8197,25,Required
15648,8182,35,Nice-to-have
15649,8182,33,Preferred
15650,8203,34,Preferred
15651,8203,24,Required
15652,9422,22,Nice-to-have
15653,9422,25,Required
15654,9400,25,Required
15655,8161,14,Nice-to-have
15656,8161,12,Required
15657,8161,25,Required
15658,8187,35,Preferred
15659,8187,33,Nice-to-have
15660,8180,35,Required
15661,8180,33,Required
15662,9408,22,Nice-to-have
15663,8068,31,Required
15664,8068,19,Preferred
15665,9287,31,Nice-to-have
15666,9287,19,Preferred
15667,8051,13,Preferred
15668,9419,22,Preferred
15669,9419,25,Required
15670,8276,14,Required
15671,9445,34,Preferred
15672,9445,17,Nice-to-have
15673,8217,35,Required
15674,8217,33,Nice-to-have
15675,9420,20,Required
15676,8080,25,Required
15677,9294,35,Preferred
15678,9294,33,Preferred
15679,9447,25,Nice-to-have
15680,9481,8,Nice-to-have
15681,9481,25,Required
15682,9351,20,Preferred
15683,9446,35,Nice-to-have
15684,9446,33,Required
15685,8148,28,Preferred
15686,9434,22,Required
15687,9434,25,Required
15688,9438,13,Required
15689,9384,20,Nice-to-have
15690,9402,25,Preferred
15691,9355,9,Required
15692,9355,25,Preferred
15693,9355,34,Preferred
15694,9462,28,Nice-to-have
15695,9462,34,Required
15696,8230,22,Preferred
15697,8230,25,Required
15698,9395,28,Nice-to-have
15699,9395,34,Required
15700,9307,19,Required
15701,9307,34,Nice-to-have
15702,9477,25,Nice-to-have
15703,9439,34,Preferred
15704,9439,24,Preferred
15705,9389,2,Preferred
15706,9389,1,Required
15707,9389,25,Nice-to-have
15708,8127,20,Required
15709,9401,20,Nice-to-have
15710,9332,25,Preferred
15711,9363,34,Required
15712,9363,24,Preferred
15713,8252,34,Preferred
15714,8252,24,Nice-to-have
15715,9437,22,Required
15716,9437,25,Preferred
15717,9352,20,Nice-to-have
15718,8242,32,Required
15719,9327,26,Required
15720,9380,25,Preferred
15721,9459,34,Nice-to-have
15722,9459,17,Required
15723,8219,35,Preferred
15724,8219,33,Nice-to-have
15725,9334,20,Nice-to-have
15726,9491,34,Required
15727,9491,24,Preferred
15728,8135,35,Preferred
15729,8135,33,Nice-to-have
15730,9417,25,Nice-to-have
15731,8093,22,Required
15732,8093,25,Nice-to-have
15733,9430,25,Required
15734,9397,32,Nice-to-have
15735,9386,2,Nice-to-have
15736,9386,1,Required
15737,9386,25,Nice-to-have
15738,8303,20,Preferred
15739,9489,35,Nice-to-have
15740,9489,33,Required
15741,8274,6,Required
15742,8274,7,Required
15743,9415,20,Preferred
15744,9349,13,Preferred
15745,8064,35,Nice-to-have
15746,8064,33,Required
15747,9423,7,Preferred
15748,9423,35,Preferred
15749,9423,17,Required
15750,9475,13,Nice-to-have
15751,8292,22,Nice-to-have
15752,8292,25,Preferred
15753,9461,34,Required
15754,9461,17,Required
15755,8253,22,Required
15756,8253,25,Preferred
15757,8245,35,Preferred
15758,8245,33,Nice-to-have
15759,8263,34,Nice-to-have
15760,8263,24,Nice-to-have
15761,9508,22,Preferred
15762,9508,25,Preferred
15763,9451,25,Required
15764,9452,25,Preferred
15765,8151,34,Nice-to-have
15766,8151,24,Nice-to-have
15767,9410,22,Preferred
15768,9449,25,Nice-to-have
15769,9391,13,Required
15770,9412,25,Nice-to-have
15771,9381,31,Nice-to-have
15772,9381,19,Nice-to-have
15773,9471,31,Preferred
15774,9471,19,Nice-to-have
15775,8200,20,Preferred
15776,9504,35,Required
15777,9504,33,Nice-to-have
15778,9485,13,Preferred
15779,8312,19,Preferred
15780,8312,34,Required
15781,8072,35,Preferred
15782,8072,33,Nice-to-have
15783,9378,22,Nice-to-have
15784,9378,25,Required
15785,8164,35,Nice-to-have
15786,8164,33,Nice-to-have
15787,8277,35,Nice-to-have
15788,8277,33,Preferred
15789,9436,25,Preferred
15790,8275,22,Preferred
15791,8275,25,Preferred
15792,9376,35,Preferred
15793,9376,33,Required
15794,9460,7,Nice-to-have
15795,9460,35,Nice-to-have
15796,9460,17,Nice-to-have
15797,9326,35,Preferred
15798,9326,33,Nice-to-have
15799,8233,35,Required
15800,8233,33,Preferred
15801,9456,22,Required
15802,9456,25,Nice-to-have
15803,9421,28,Preferred
15804,9421,29,Nice-to-have
15805,9421,30,Required
15806,8209,35,Required
15807,8209,33,Preferred
15808,9464,26,Nice-to-have
15809,9390,23,Preferred
15810,9356,22,Required
15811,9356,25,Preferred
15812,8254,22,Preferred
15813,8254,25,Required
15814,9366,34,Required
15815,9366,17,Nice-to-have
15816,8221,34,Required
15817,8221,24,Required
15818,9426,20,Required
15819,8225,32,Preferred
15820,9377,27,Required
15821,9393,8,Required
15822,9393,25,Nice-to-have
15823,8226,20,Nice-to-have
15824,9418,13,Nice-to-have
15825,9500,5,Nice-to-have
15826,9500,11,Nice-to-have
15827,9500,20,Required
15828,9455,25,Preferred
15829,9478,13,Required
15830,9492,8,Nice-to-have
15831,9492,25,Preferred
15832,9494,22,Preferred
15833,9494,25,Preferred
15834,9473,35,Required
15835,9473,33,Required
15836,9480,22,Preferred
15837,9480,25,Nice-to-have
15838,9488,7,Required
15839,9488,35,Required
15840,9488,17,Nice-to-have
15841,8212,24,Required
15842,8212,34,Required
15843,9406,8,Preferred
15844,9406,25,Preferred
15845,8299,13,Required
15846,8222,35,Preferred
15847,8222,33,Nice-to-have
15848,8172,13,Nice-to-have
15849,9373,34,Preferred
15850,9373,17,Nice-to-have
15851,8279,13,Required
15852,9510,17,Nice-to-have
15853,9510,31,Nice-to-have
15854,9513,6,Preferred
15855,9513,7,Preferred
15856,9336,25,Nice-to-have
15857,8255,13,Nice-to-have
15858,9499,7,Preferred
15859,9499,35,Preferred
15860,9499,17,Required
15861,9467,25,Nice-to-have
15862,8302,8,Nice-to-have
15863,8302,25,Required
15864,9348,27,Nice-to-have
15865,9392,35,Preferred
15866,9392,33,Nice-to-have
15867,9472,35,Required
15868,9472,33,Required
15869,8215,13,Preferred
15870,9503,34,Nice-to-have
15871,9503,35,Required
15872,9367,35,Nice-to-have
15873,9367,33,Required
15874,8291,28,Required
15875,8291,29,Nice-to-have
15876,8291,30,Required
15877,8243,26,Preferred
15878,9512,22,Nice-to-have
15879,9512,25,Required
15880,9383,20,Required
15881,8066,28,Preferred
15882,8193,34,Preferred
15883,8193,24,Preferred
15884,9487,34,Preferred
15885,9487,17,Preferred
15886,8304,13,Nice-to-have
15887,8295,13,Nice-to-have
15888,9431,25,Required
15889,8235,13,Required
15890,9486,13,Preferred
15891,8211,34,Nice-to-have
15892,8211,24,Preferred
15893,9440,19,Preferred
15894,9440,34,Required
15895,9530,22,Nice-to-have
15896,9530,25,Preferred
15897,9476,25,Preferred
15898,8170,14,Nice-to-have
15899,8170,12,Required
15900,8170,25,Required
15901,9457,24,Required
15902,9457,34,Required
15903,9354,13,Nice-to-have
15904,9432,22,Preferred
15905,9432,25,Nice-to-have
15906,9427,21,Nice-to-have
15907,9424,34,Preferred
15908,9424,24,Required
15909,9484,13,Required
15910,9531,13,Preferred
15911,9479,8,Preferred
15912,9479,25,Required
15913,9495,16,Required
15914,8076,34,Nice-to-have
15915,8076,24,Preferred
15916,9398,34,Required
15917,9398,35,Preferred
15918,8266,31,Required
15919,8266,19,Preferred
15920,8210,25,Nice-to-have
15921,8244,13,Preferred
15922,9394,28,Preferred
15923,9394,34,Nice-to-have
15924,9353,8,Preferred
15925,9353,25,Preferred
15926,9407,22,Nice-to-have
15927,9407,25,Nice-to-have
15928,9416,25,Preferred
15929,8294,20,Required
15930,9501,6,Required
15931,9501,7,Preferred
15932,8335,19,Nice-to-have
15933,8335,34,Preferred
15934,8269,4,Required
15935,9506,20,Required
15936,9506,25,Required
15937,9506,35,Nice-to-have
15938,9404,25,Nice-to-have
15939,8101,34,Preferred
15940,8101,24,Nice-to-have
15941,8258,31,Preferred
15942,8258,19,Preferred
15943,9509,35,Nice-to-have
15944,9509,33,Required
15945,8338,25,Required
15946,8390,20,Nice-to-have
15947,9528,13,Preferred
15948,8167,13,Required
15949,8326,35,Required
15950,8326,33,Nice-to-have
15951,8293,19,Required
15952,8293,34,Preferred
15953,8317,8,Nice-to-have
15954,8317,25,Required
15955,9543,35,Nice-to-have
15956,9543,33,Nice-to-have
15957,9524,35,Preferred
15958,9524,13,Required
15959,9527,13,Required
15960,9520,13,Required
15961,9365,34,Required
15962,9365,17,Preferred
15963,9515,13,Nice-to-have
15964,8345,22,Required
15965,8345,25,Required
15966,8296,13,Nice-to-have
15967,9409,26,Required
15968,8371,8,Preferred
15969,8371,23,Required
15970,8371,35,Required
15971,9364,34,Preferred
15972,9364,17,Preferred
15973,9337,35,Preferred
15974,9337,33,Preferred
15975,9511,34,Preferred
15976,9511,24,Preferred
15977,8337,20,Preferred
15978,8261,35,Nice-to-have
15979,8261,33,Nice-to-have
15980,8319,19,Nice-to-have
15981,8319,34,Nice-to-have
15982,8241,21,Preferred
15983,8398,34,Nice-to-have
15984,8398,24,Preferred
15985,8405,34,Preferred
15986,8405,24,Nice-to-have
15987,9516,13,Preferred
15988,8360,25,Nice-to-have
15989,8331,14,Nice-to-have
15990,8331,12,Preferred
15991,8331,25,Required
15992,9551,13,Nice-to-have
15993,8307,13,Preferred
15994,9553,13,Preferred
15995,9331,20,Nice-to-have
15996,9345,26,Required
15997,8267,35,Required
15998,8267,33,Nice-to-have
15999,8315,25,Required
16000,9498,13,Nice-to-have
16001,8290,22,Preferred
16002,8290,25,Required
16003,8232,22,Preferred
16004,8232,25,Required
16005,9529,35,Required
16006,9529,13,Nice-to-have
16007,9441,22,Required
16008,9441,25,Preferred
16009,9517,13,Required
16010,8377,28,Nice-to-have
16011,8377,34,Preferred
16012,9539,26,Nice-to-have
16013,8347,35,Required
16014,8347,33,Nice-to-have
16015,9435,25,Nice-to-have
16016,8392,8,Nice-to-have
16017,8392,23,Preferred
16018,8392,35,Nice-to-have
16019,8273,19,Preferred
16020,8273,34,Required
16021,8358,25,Preferred
16022,8264,20,Nice-to-have
16023,8329,31,Nice-to-have
16024,8329,19,Required
16025,8404,34,Preferred
16026,8404,24,Required
16027,8313,21,Preferred
16028,8313,14,Preferred
16029,8313,30,Nice-to-have
16030,8385,26,Preferred
16031,9444,25,Required
16032,8359,25,Nice-to-have
16033,8330,20,Nice-to-have
16034,8330,25,Preferred
16035,8330,35,Nice-to-have
16036,9405,35,Preferred
16037,9405,33,Preferred
16038,8268,35,Nice-to-have
16039,8268,33,Required
16040,8308,31,Preferred
16041,8308,19,Nice-to-have
16042,8282,13,Preferred
16043,8339,35,Preferred
16044,8339,33,Nice-to-have
16045,9550,13,Required
16046,9555,26,Nice-to-have
16047,9555,17,Nice-to-have
16048,8289,34,Required
16049,8289,24,Required
16050,8289,28,Preferred
16051,9566,13,Required
16052,9560,35,Required
16053,9560,33,Preferred
16054,8327,34,Nice-to-have
16055,8327,24,Preferred
16056,8324,22,Required
16057,8324,25,Preferred
16058,8336,10,Preferred
16059,8336,11,Preferred
16060,8395,26,Preferred
16061,8357,20,Nice-to-have
16062,8298,6,Required
16063,8298,7,Preferred
16064,8350,24,Nice-to-have
16065,8350,34,Preferred
16066,9507,13,Nice-to-have
16067,8257,13,Nice-to-have
16068,9576,35,Nice-to-have
16069,9576,33,Nice-to-have
16070,8150,20,Required
16071,8387,25,Preferred
16072,9577,35,Nice-to-have
16073,9577,33,Nice-to-have
16074,8149,35,Nice-to-have
16075,8149,33,Required
16076,8386,9,Nice-to-have
16077,9403,25,Nice-to-have
16078,8368,5,Required
16079,9558,13,Preferred
16080,9466,26,Required
16081,9570,25,Required
16082,9519,13,Nice-to-have
16083,9564,28,Nice-to-have
16084,9564,34,Preferred
16085,8394,25,Required
16086,9522,13,Nice-to-have
16087,9465,35,Nice-to-have
16088,9465,33,Required
16089,8410,19,Required
16090,8410,34,Nice-to-have
16091,8413,34,Required
16092,8413,35,Required
16093,9559,13,Preferred
16094,8418,2,Nice-to-have
16095,9542,35,Required
16096,9542,33,Nice-to-have
16097,9338,22,Preferred
16098,9338,25,Required
16099,9563,32,Nice-to-have
16100,8272,22,Nice-to-have
16101,8272,25,Nice-to-have
16102,9458,13,Preferred
16103,8351,14,Nice-to-have
16104,8351,12,Nice-to-have
16105,8351,25,Preferred
16106,8321,13,Required
16107,8383,25,Nice-to-have
16108,8262,13,Nice-to-have
16109,8285,26,Preferred
16110,8365,26,Nice-to-have
16111,8229,26,Preferred
16112,9533,13,Preferred
16113,9579,33,Preferred
16114,8363,34,Preferred
16115,8363,24,Required
16116,8402,22,Required
16117,8402,25,Required
16118,8348,26,Preferred
16119,8213,35,Required
16120,8213,33,Preferred
16121,9581,31,Required
16122,9581,19,Preferred
16123,8098,34,Preferred
16124,8098,24,Nice-to-have
16125,8400,34,Preferred
16126,8400,24,Nice-to-have
16127,8407,4,Nice-to-have
16128,8407,28,Required
16129,8286,13,Nice-to-have
16130,8367,26,Preferred
16131,8325,8,Required
16132,8325,23,Nice-to-have
16133,8325,35,Nice-to-have
16134,9572,34,Preferred
16135,9572,24,Preferred
16136,8380,26,Nice-to-have
16137,9388,34,Required
16138,9388,24,Required
16139,9583,21,Required
16140,8247,35,Required
16141,8247,33,Nice-to-have
16142,9497,13,Required
16143,9616,28,Required
16144,9616,29,Required
16145,9616,30,Nice-to-have
16146,9453,28,Required
16147,9453,29,Preferred
16148,9453,30,Required
16149,8450,9,Nice-to-have
16150,9546,13,Preferred
16151,8389,25,Preferred
16152,9514,35,Required
16153,9514,33,Preferred
16154,9585,35,Nice-to-have
16155,9585,33,Preferred
16156,8320,19,Nice-to-have
16157,8320,34,Preferred
16158,8430,32,Preferred
16159,9454,24,Required
16160,9454,34,Nice-to-have
16161,9578,20,Nice-to-have
16162,8354,26,Preferred
16163,8288,26,Required
16164,9540,13,Required
16165,8441,9,Nice-to-have
16166,9525,20,Nice-to-have
16167,9548,14,Preferred
16168,9548,12,Preferred
16169,9548,25,Preferred
16170,8236,26,Preferred
16171,8306,26,Preferred
16172,9357,25,Preferred
16173,8396,25,Nice-to-have
16174,9538,13,Nice-to-have
16175,8416,32,Required
16176,8240,26,Preferred
16177,8260,26,Preferred
16178,8316,26,Preferred
16179,8224,26,Nice-to-have
16180,8333,21,Preferred
16181,8234,31,Nice-to-have
16182,8234,19,Nice-to-have
16183,9620,34,Nice-to-have
16184,9620,24,Preferred
16185,8429,33,Preferred
16186,8318,26,Preferred
16187,8408,21,Required
16188,8256,26,Preferred
16189,8372,19,Nice-to-have
16190,8372,34,Nice-to-have
16191,8228,26,Preferred
16192,9536,13,Nice-to-have
16193,8425,25,Nice-to-have
16194,8443,20,Nice-to-have
16195,8352,26,Preferred
16196,8431,24,Nice-to-have
16197,8431,34,Preferred
16198,9618,13,Nice-to-have
16199,8446,20,Preferred
16200,9493,20,Required
16201,9493,25,Preferred
16202,9493,35,Required
16203,9573,6,Required
16204,9573,7,Required
16205,9521,13,Required
16206,8271,31,Preferred
16207,8271,19,Nice-to-have
16208,8381,26,Nice-to-have
16209,8231,19,Required
16210,8231,34,Nice-to-have
16211,9615,20,Required
16212,9568,35,Nice-to-have
16213,9571,20,Nice-to-have
16214,8439,25,Required
16215,9526,32,Required
16216,9655,22,Required
16217,9655,25,Nice-to-have
16218,9642,25,Required
16219,9584,34,Preferred
16220,9584,24,Nice-to-have
16221,8309,31,Preferred
16222,8309,19,Required
16223,9640,34,Nice-to-have
16224,9640,24,Required
16225,9544,13,Required
16226,8436,13,Nice-to-have
16227,8391,35,Required
16228,8391,33,Nice-to-have
16229,8370,26,Nice-to-have
16230,9591,35,Required
16231,9591,33,Required
16232,9556,14,Preferred
16233,9556,12,Preferred
16234,9556,25,Preferred
16235,8297,26,Preferred
16236,9629,22,Preferred
16237,9629,25,Required
16238,8417,32,Required
16239,9654,31,Nice-to-have
16240,9654,19,Required
16241,8409,22,Nice-to-have
16242,8409,25,Nice-to-have
16243,9614,32,Nice-to-have
16244,9625,20,Nice-to-have
16245,9609,34,Preferred
16246,9597,20,Required
16247,9589,20,Required
16248,9660,34,Required
16249,9660,24,Nice-to-have
16250,8421,25,Preferred
16251,9593,14,Nice-to-have
16252,8251,2,Nice-to-have
16253,8251,1,Required
16254,8251,25,Required
16255,9574,35,Nice-to-have
16256,9631,22,Nice-to-have
16257,9631,25,Preferred
16258,8420,35,Preferred
16259,8420,33,Nice-to-have
16260,9425,13,Preferred
16261,9602,20,Nice-to-have
16262,8342,26,Preferred
16263,8287,26,Nice-to-have
16264,9610,34,Nice-to-have
16265,9610,24,Preferred
16266,9547,13,Preferred
16267,8412,34,Required
16268,8412,24,Required
16269,8237,26,Required
16270,8444,34,Nice-to-have
16271,8444,24,Nice-to-have
16272,9619,35,Preferred
16273,9619,33,Nice-to-have
16274,8281,26,Nice-to-have
16275,8311,35,Preferred
16276,8311,33,Preferred
16277,8265,26,Preferred
16278,9639,34,Preferred
16279,9639,24,Nice-to-have
16280,9628,34,Nice-to-have
16281,9628,24,Nice-to-have
16282,9650,22,Preferred
16283,9650,25,Preferred
16284,9569,22,Preferred
16285,9569,25,Nice-to-have
16286,9541,20,Required
16287,8374,32,Nice-to-have
16288,9644,31,Required
16289,9644,19,Required
16290,8364,22,Nice-to-have
16291,8364,25,Preferred
16292,8453,34,Required
16293,8453,24,Preferred
16294,9622,24,Preferred
16295,9622,34,Required
16296,9653,22,Required
16297,9653,25,Preferred
16298,8447,9,Preferred
16299,8423,32,Required
16300,9658,24,Required
16301,9658,34,Nice-to-have
16302,8378,35,Required
16303,8378,33,Nice-to-have
16304,9552,20,Preferred
16305,9387,35,Required
16306,9387,33,Required
16307,9675,22,Required
16308,9675,25,Required
16309,9647,25,Nice-to-have
16310,8442,22,Nice-to-have
16311,8442,25,Required
16312,9612,34,Preferred
16313,9592,14,Nice-to-have
16314,9532,35,Required
16315,9532,33,Required
16316,9554,15,Preferred
16317,9554,13,Nice-to-have
16318,9630,20,Required
16319,9633,25,Nice-to-have
16320,9645,35,Required
16321,9645,33,Nice-to-have
16322,8406,32,Nice-to-have
16323,8353,25,Preferred
16324,9623,10,Nice-to-have
16325,9623,11,Required
16326,9502,31,Nice-to-have
16327,9502,19,Nice-to-have
16328,9611,20,Required
16329,8434,34,Required
16330,8434,35,Nice-to-have
16331,8401,25,Nice-to-have
16332,9667,13,Required
16333,8323,25,Required
16334,8340,26,Required
16335,8403,4,Nice-to-have
16336,8403,28,Preferred
16337,9636,35,Nice-to-have
16338,9636,33,Required
16339,8373,9,Preferred
16340,8393,26,Nice-to-have
16341,9682,22,Required
16342,9682,25,Nice-to-have
16343,8449,19,Nice-to-have
16344,8449,34,Nice-to-have
16345,8344,26,Nice-to-have
16346,9672,28,Required
16347,9672,34,Nice-to-have
16348,8414,25,Preferred
16349,9657,8,Required
16350,9657,25,Required
16351,9687,22,Preferred
16352,9687,25,Required
16353,9670,24,Required
16354,9670,34,Nice-to-have
16355,9661,24,Required
16356,9661,34,Nice-to-have
16357,8399,32,Required
16358,9468,17,Required
16359,9468,31,Required
16360,8246,26,Preferred
16361,8328,8,Preferred
16362,8328,23,Required
16363,8328,35,Preferred
16364,8432,25,Required
16365,9663,19,Nice-to-have
16366,9663,34,Nice-to-have
16367,8349,26,Preferred
16368,9700,22,Required
16369,9700,25,Nice-to-have
16370,9549,35,Preferred
16371,9549,33,Nice-to-have
16372,8355,26,Nice-to-have
16373,8227,26,Preferred
16374,9691,32,Preferred
16375,9335,25,Nice-to-have
16376,8382,25,Preferred
16377,9607,20,Nice-to-have
16378,9641,25,Nice-to-have
16379,8379,26,Required
16380,9638,13,Required
16381,9523,26,Preferred
16382,9523,13,Preferred
16383,8411,25,Required
16384,9652,19,Nice-to-have
16385,9652,34,Required
16386,9646,28,Preferred
16387,9646,34,Nice-to-have
16388,8305,26,Required
16389,8341,26,Preferred
16390,9557,20,Nice-to-have
16391,8452,25,Nice-to-have
16392,9632,28,Preferred
16393,9632,34,Preferred
16394,9606,20,Nice-to-have
16395,8433,19,Preferred
16396,8433,34,Required
16397,9561,35,Nice-to-have
16398,9561,33,Nice-to-have
16399,8362,25,Required
16400,8419,13,Preferred
16401,9649,25,Nice-to-have
16402,9637,34,Preferred
16403,9637,24,Nice-to-have
16404,8464,19,Nice-to-have
16405,8464,34,Nice-to-have
16406,9694,35,Nice-to-have
16407,9694,33,Preferred
16408,8455,31,Required
16409,8455,19,Preferred
16410,9496,26,Required
16411,9496,13,Required
16412,8223,26,Required
16413,8435,20,Nice-to-have
16414,9692,34,Required
16415,9692,24,Required
16416,9671,20,Required
16417,8478,35,Nice-to-have
16418,8478,33,Preferred
16419,8463,22,Nice-to-have
16420,8463,25,Nice-to-have
16421,8469,22,Nice-to-have
16422,8469,25,Preferred
16423,9535,20,Nice-to-have
16424,9596,20,Preferred
16425,9673,33,Nice-to-have
16426,9673,20,Preferred
16427,8280,26,Required
16428,9595,32,Nice-to-have
16429,8454,35,Nice-to-have
16430,8454,33,Preferred
16431,9545,13,Required
16432,8480,32,Required
16433,8456,25,Required
16434,8473,20,Nice-to-have
16435,8445,34,Required
16436,8445,24,Nice-to-have
16437,9587,20,Required
16438,8422,14,Preferred
16439,8422,12,Preferred
16440,8422,25,Nice-to-have
16441,9608,3,Nice-to-have
16442,9608,29,Preferred
16443,9608,28,Preferred
16444,9599,20,Required
16445,8438,9,Preferred
16446,9534,13,Nice-to-have
16447,8250,34,Nice-to-have
16448,8250,24,Required
16449,9601,20,Nice-to-have
16450,8471,25,Nice-to-have
16451,9474,20,Nice-to-have
16452,9588,34,Nice-to-have
16453,9588,24,Preferred
16454,9537,35,Preferred
16455,9537,33,Nice-to-have
16456,9701,24,Required
16457,9701,34,Preferred
16458,9693,22,Nice-to-have
16459,9693,25,Preferred
16460,8424,19,Nice-to-have
16461,8424,34,Nice-to-have
16462,8482,25,Required
16463,9679,19,Preferred
16464,9679,34,Preferred
16465,8356,26,Nice-to-have
16466,8472,28,Nice-to-have
16467,8472,34,Preferred
16468,9688,22,Preferred
16469,9688,25,Nice-to-have
16470,9617,20,Preferred
16471,9695,35,Nice-to-have
16472,9695,33,Nice-to-have
16473,9206,25,Nice-to-have
16474,9680,22,Required
16475,9680,25,Preferred
16476,9627,32,Preferred
16477,9490,28,Required
16478,9490,34,Required
16479,9567,35,Preferred
16480,9567,33,Required
16481,8343,26,Nice-to-have
16482,9442,22,Preferred
16483,9442,25,Preferred
16484,8384,25,Preferred
16485,8137,16,Required
16486,8137,26,Nice-to-have
16487,8137,17,Required
16488,8451,34,Nice-to-have
16489,8451,35,Required
16490,9698,35,Required
16491,9698,33,Required
16492,8301,26,Preferred
16493,9621,34,Preferred
16494,9621,24,Preferred
16495,9621,25,Preferred
16496,9683,20,Required
16497,9594,20,Required
16498,9648,35,Required
16499,9648,33,Preferred
16500,8346,34,Required
16501,8346,24,Required
16502,9659,24,Nice-to-have
16503,9659,34,Preferred
16504,9686,20,Nice-to-have
16505,9575,35,Preferred
16506,9575,33,Required
16507,9605,13,Preferred
16508,9662,34,Nice-to-have
16509,9662,24,Nice-to-have
16510,8470,35,Nice-to-have
16511,8470,33,Required
16512,8459,25,Preferred
16513,9699,22,Nice-to-have
16514,9699,25,Required
16515,9678,22,Preferred
16516,9678,25,Preferred
16517,9580,34,Nice-to-have
16518,9580,24,Preferred
16519,9690,20,Preferred
16520,9635,20,Nice-to-have
16521,9443,34,Preferred
16522,9443,24,Nice-to-have
16523,8239,26,Nice-to-have
16524,9684,22,Required
16525,9684,25,Nice-to-have
16526,9666,20,Preferred
16527,8437,11,Required
16528,9656,24,Preferred
16529,9656,34,Preferred
16530,9590,23,Preferred
16531,9685,22,Required
16532,9685,25,Preferred
16533,9664,20,Nice-to-have
16534,8475,8,Nice-to-have
16535,8475,25,Required
16536,9463,28,Preferred
16537,9463,34,Nice-to-have
16538,9518,35,Preferred
16539,9518,13,Required
16540,8283,26,Required
16541,9702,34,Required
16542,9702,24,Preferred
16543,8458,34,Required
16544,8458,24,Required
16545,9411,20,Nice-to-have
16546,8270,26,Required
16547,9704,35,Required
16548,9704,33,Preferred
16549,9705,34,Required
16550,9705,24,Required
16551,9651,14,Nice-to-have
16552,9651,12,Required
16553,9651,25,Required
16554,9604,3,Required
16555,9604,29,Required
16556,9604,28,Preferred
16557,8375,34,Nice-to-have
16558,8375,24,Required
16559,8334,26,Required
16560,9708,34,Required
16561,9708,24,Nice-to-have
16562,9696,19,Preferred
16563,9696,34,Required
16564,8314,19,Preferred
16565,8314,34,Preferred
16566,8457,32,Nice-to-have
16567,8369,26,Nice-to-have
16568,8474,32,Nice-to-have
16569,9677,9,Required
16570,9677,25,Required
16571,9677,34,Required
16572,8477,34,Required
16573,9665,28,Nice-to-have
16574,9665,34,Required
16575,9703,34,Preferred
16576,9703,24,Preferred
16577,8361,26,Nice-to-have
16578,8310,26,Nice-to-have
16579,9600,34,Required
16580,9600,24,Nice-to-have
16581,9600,25,Nice-to-have
16582,8322,25,Preferred
16583,8427,32,Nice-to-have
16584,8479,8,Required
16585,8479,25,Preferred
16586,8462,2,Nice-to-have
16587,8462,1,Nice-to-have
16588,8462,25,Required
16589,9674,20,Nice-to-have
16590,9565,26,Required
16591,9362,2,Preferred
16592,9362,1,Nice-to-have
16593,9362,25,Preferred
16594,9681,34,Preferred
16595,9681,24,Nice-to-have
16596,9505,20,Required
16597,9505,25,Required
16598,9505,35,Preferred
16599,8440,20,Preferred
16600,8278,13,Required
16601,8376,26,Preferred
16602,8140,35,Nice-to-have
16603,8140,33,Preferred
16604,9711,22,Preferred
16605,9711,25,Preferred
16606,9562,35,Nice-to-have
16607,9562,33,Required
16608,9643,19,Preferred
16609,9643,34,Nice-to-have
16610,8465,35,Required
16611,8465,33,Preferred
16612,8366,26,Required
16613,9689,22,Required
16614,9689,25,Preferred
16615,8259,26,Preferred
16616,9668,20,Preferred
16617,8476,34,Preferred
16618,8476,24,Preferred
16619,8415,13,Nice-to-have
16620,8388,25,Nice-to-have
16621,8238,26,Required
16622,9624,22,Nice-to-have
16623,9624,25,Required
16624,8466,20,Nice-to-have
16625,8483,25,Nice-to-have
16626,9669,20,Nice-to-have
16627,8300,26,Preferred
16628,8284,26,Nice-to-have
16629,9707,21,Required
16630,8248,26,Nice-to-have
16631,9598,20,Nice-to-have
16632,9582,13,Required
16633,8467,20,Preferred
16634,9613,35,Preferred
16635,9613,33,Preferred
16636,8426,25,Nice-to-have
16637,9676,22,Required
16638,9676,25,Nice-to-have
16639,8460,13,Preferred
16640,9721,20,Preferred
16641,9712,20,Preferred
16642,9586,20,Preferred
16643,8332,26,Required
16644,9603,20,Required
16645,9634,25,Nice-to-have
16646,9626,22,Preferred
16647,9626,25,Preferred
16648,9719,22,Nice-to-have
16649,9719,25,Nice-to-have
16650,9716,22,Preferred
16651,9716,25,Preferred
16652,9726,25,Nice-to-have
16653,8484,31,Preferred
16654,8397,25,Nice-to-have
16655,8448,19,Required
16656,8448,34,Required
16657,9713,20,Preferred
16658,9717,35,Nice-to-have
16659,9717,33,Preferred
16660,9715,34,Required
16661,9715,24,Required
16662,9720,20,Preferred
16663,9709,34,Preferred
16664,9709,24,Preferred
16665,9714,35,Nice-to-have
16666,9714,33,Preferred
16667,8481,24,Nice-to-have
16668,8481,20,Nice-to-have
16669,8481,8,Preferred
16670,9718,35,Nice-to-have
16671,9718,33,Preferred
16672,9727,20,Nice-to-have
16673,8428,32,Preferred
16674,9728,35,Nice-to-have
16675,9728,33,Required
16676,9725,20,Preferred
16677,9723,20,Nice-to-have
16678,9697,22,Nice-to-have
16679,9697,25,Required
16680,9710,35,Preferred
16681,9710,33,Nice-to-have
16682,8461,19,Preferred
16683,9724,8,Preferred
16684,9724,25,Preferred
16685,9722,34,Required
16686,9722,24,Required
16687,9706,34,Nice-to-have
16688,9706,24,Required
16689,8485,34,Nice-to-have
16690,9729,14,Nice-to-have
16691,9729,12,Preferred
16692,9729,25,Required
16693,8468,34,Preferred
16694,8468,24,Required
16695,9732,6,Required
16696,9732,7,Required
16697,9730,13,Preferred
16698,9734,25,Nice-to-have
16699,9735,13,Nice-to-have
16700,8486,6,Preferred
16701,8486,7,Preferred
16702,9736,13,Preferred
16703,9733,6,Nice-to-have
16704,9733,7,Required
16705,9731,6,Required
16706,9731,7,Nice-to-have
16707,30,26,Preferred
16708,30,32,Nice-to-have
16709,30,31,Nice-to-have
16710,31,34,Preferred
16711,3,20,Nice-to-have
16712,37,28,Preferred
16713,37,34,Nice-to-have
16714,6,25,Preferred
16715,29,19,Nice-to-have
16716,29,34,Nice-to-have
16717,12,35,Required
16718,16,22,Required
16719,28,24,Required
16720,28,34,Preferred
16721,22,31,Nice-to-have
16722,22,19,Required
16723,5639,28,Nice-to-have
16724,5639,34,Preferred
16725,3309,6,Preferred
16726,3309,7,Required
16727,33,20,Required
16728,8,13,Nice-to-have
16729,20,34,Nice-to-have
16730,20,24,Nice-to-have
16731,27,13,Preferred
16732,18,22,Preferred
16733,18,25,Required
16734,15,32,Preferred
16735,10,34,Preferred
16736,10,35,Required
16737,4,25,Required
16738,36,35,Nice-to-have
16739,36,24,Nice-to-have
16740,5,21,Required
16741,21,22,Preferred
16742,21,25,Preferred
16743,7,17,Required
16744,9,22,Nice-to-have
16745,9,23,Nice-to-have
16746,9,27,Required
16747,17,14,Preferred
16748,17,12,Required
16749,17,25,Nice-to-have
16750,23,20,Nice-to-have
