user_skill_id,user_id,skill_id,proficiency_level,acquired_date
1,1,34,Advanced,2016-01-01
2,1,28,Advanced,2016-01-01
3,1,24,Advanced,2016-01-01
4,1,17,Advanced,2016-01-01
5,2,14,Advanced,2014-01-01
6,2,15,Advanced,2014-01-01
7,2,12,Advanced,2014-01-01
8,2,23,Advanced,2014-01-01
9,3,15,Advanced,2017-01-01
10,3,23,Advanced,2017-01-01
11,3,14,Advanced,2017-01-01
12,4,14,Advanced,2016-01-01
13,4,15,Advanced,2016-01-01
14,4,12,Advanced,2016-01-01
15,4,23,Advanced,2016-01-01
16,5,15,Intermediate,2018-01-01
17,5,23,Intermediate,2018-01-01
18,5,14,Intermediate,2018-01-01
19,6,15,Advanced,2016-01-01
20,6,23,Advanced,2016-01-01
21,6,14,Advanced,2016-01-01
22,7,15,Advanced,2012-01-01
23,7,23,Advanced,2012-01-01
24,7,14,Advanced,2012-01-01
25,8,15,Beginner,2023-01-01
26,8,23,Beginner,2023-01-01
27,8,14,Beginner,2023-01-01
28,9,33,Advanced,2014-01-01
29,9,35,Advanced,2014-01-01
30,9,8,Advanced,2014-01-01
31,9,27,Advanced,2014-01-01
32,10,13,Expert,2007-01-01
33,10,17,Expert,2007-01-01
34,10,34,Expert,2007-01-01
35,11,15,Intermediate,2018-01-01
36,11,23,Intermediate,2018-01-01
37,11,14,Intermediate,2018-01-01
38,12,15,Advanced,2014-01-01
39,12,23,Advanced,2014-01-01
40,12,14,Advanced,2014-01-01
41,13,14,Intermediate,2019-01-01
42,13,15,Intermediate,2019-01-01
43,13,12,Intermediate,2019-01-01
44,13,23,Intermediate,2019-01-01
45,14,15,Intermediate,2021-01-01
46,14,23,Intermediate,2021-01-01
47,14,14,Intermediate,2021-01-01
48,15,15,Intermediate,2018-01-01
49,15,23,Intermediate,2018-01-01
50,15,14,Intermediate,2018-01-01
51,16,33,Advanced,2014-01-01
52,16,35,Advanced,2014-01-01
53,16,8,Advanced,2014-01-01
54,16,27,Advanced,2014-01-01
55,17,14,Advanced,2017-01-01
56,17,15,Advanced,2017-01-01
57,17,12,Advanced,2017-01-01
58,17,23,Advanced,2017-01-01
59,18,15,Beginner,2023-01-01
60,18,23,Beginner,2023-01-01
61,18,14,Beginner,2023-01-01
62,19,35,Expert,1993-01-01
63,19,18,Expert,1993-01-01
64,19,8,Expert,1993-01-01
65,19,32,Expert,1993-01-01
66,20,14,Intermediate,2018-01-01
67,20,15,Intermediate,2018-01-01
68,20,12,Intermediate,2018-01-01
69,20,23,Intermediate,2018-01-01
70,21,33,Intermediate,2019-01-01
71,21,35,Intermediate,2019-01-01
72,21,8,Intermediate,2019-01-01
73,21,27,Intermediate,2019-01-01
74,22,34,Advanced,2014-01-01
75,22,17,Advanced,2014-01-01
76,22,24,Advanced,2014-01-01
77,23,16,Expert,2011-01-01
78,23,17,Expert,2011-01-01
79,23,26,Expert,2011-01-01
80,24,14,Beginner,2024-01-01
81,24,15,Beginner,2024-01-01
82,24,12,Beginner,2024-01-01
83,24,23,Beginner,2024-01-01
84,25,14,Advanced,2016-01-01
85,25,15,Advanced,2016-01-01
86,25,12,Advanced,2016-01-01
87,25,23,Advanced,2016-01-01
88,26,35,Expert,1998-01-01
89,26,18,Expert,1998-01-01
90,26,8,Expert,1998-01-01
91,26,32,Expert,1998-01-01
92,27,14,Advanced,2014-01-01
93,27,15,Advanced,2014-01-01
94,27,12,Advanced,2014-01-01
95,27,23,Advanced,2014-01-01
96,28,34,Advanced,2014-01-01
97,28,28,Advanced,2014-01-01
98,28,24,Advanced,2014-01-01
99,28,17,Advanced,2014-01-01
100,29,13,Expert,2000-01-01
101,29,17,Expert,2000-01-01
102,29,34,Expert,2000-01-01
103,30,35,Expert,2002-01-01
104,30,18,Expert,2002-01-01
105,30,8,Expert,2002-01-01
106,30,32,Expert,2002-01-01
107,31,15,Advanced,2017-01-01
108,31,23,Advanced,2017-01-01
109,31,14,Advanced,2017-01-01
110,32,13,Advanced,2015-01-01
111,32,17,Advanced,2015-01-01
112,32,34,Advanced,2015-01-01
113,33,15,Advanced,2014-01-01
114,33,23,Advanced,2014-01-01
115,33,14,Advanced,2014-01-01
116,34,34,Expert,2005-01-01
117,34,17,Expert,2005-01-01
118,34,24,Expert,2005-01-01
119,35,14,Intermediate,2018-01-01
120,35,15,Intermediate,2018-01-01
121,35,12,Intermediate,2018-01-01
122,35,23,Intermediate,2018-01-01
123,36,14,Intermediate,2018-01-01
124,36,15,Intermediate,2018-01-01
125,36,12,Intermediate,2018-01-01
126,36,23,Intermediate,2018-01-01
127,37,34,Intermediate,2021-01-01
128,37,17,Intermediate,2021-01-01
129,37,24,Intermediate,2021-01-01
130,38,34,Beginner,2022-01-01
131,38,17,Beginner,2022-01-01
132,38,24,Beginner,2022-01-01
133,39,14,Intermediate,2018-01-01
134,39,15,Intermediate,2018-01-01
135,39,12,Intermediate,2018-01-01
136,39,23,Intermediate,2018-01-01
137,40,34,Advanced,2014-01-01
138,40,28,Advanced,2014-01-01
139,40,24,Advanced,2014-01-01
140,40,17,Advanced,2014-01-01
141,41,15,Beginner,2023-01-01
142,41,23,Beginner,2023-01-01
143,41,14,Beginner,2023-01-01
144,42,15,Beginner,2023-01-01
145,42,23,Beginner,2023-01-01
146,42,14,Beginner,2023-01-01
147,43,15,Beginner,2023-01-01
148,43,23,Beginner,2023-01-01
149,43,14,Beginner,2023-01-01
150,44,34,Advanced,2015-01-01
151,44,28,Advanced,2015-01-01
152,44,24,Advanced,2015-01-01
153,44,17,Advanced,2015-01-01
154,45,15,Advanced,2012-01-01
155,45,23,Advanced,2012-01-01
156,45,14,Advanced,2012-01-01
157,46,16,Expert,2001-01-01
158,46,17,Expert,2001-01-01
159,46,26,Expert,2001-01-01
160,47,34,Advanced,2014-01-01
161,47,28,Advanced,2014-01-01
162,47,24,Advanced,2014-01-01
163,47,17,Advanced,2014-01-01
164,48,14,Advanced,2016-01-01
165,48,15,Advanced,2016-01-01
166,48,12,Advanced,2016-01-01
167,48,23,Advanced,2016-01-01
168,49,34,Expert,2010-01-01
169,49,28,Expert,2010-01-01
170,49,24,Expert,2010-01-01
171,49,17,Expert,2010-01-01
172,50,15,Beginner,2023-01-01
173,50,23,Beginner,2023-01-01
174,50,14,Beginner,2023-01-01
175,51,15,Expert,2001-01-01
176,51,23,Expert,2001-01-01
177,51,14,Expert,2001-01-01
178,52,15,Beginner,2022-01-01
179,52,23,Beginner,2022-01-01
180,52,14,Beginner,2022-01-01
181,53,34,Advanced,2015-01-01
182,53,28,Advanced,2015-01-01
183,53,24,Advanced,2015-01-01
184,53,17,Advanced,2015-01-01
185,54,13,Advanced,2014-01-01
186,54,17,Advanced,2014-01-01
187,54,34,Advanced,2014-01-01
188,55,34,Intermediate,2019-01-01
189,55,28,Intermediate,2019-01-01
190,55,24,Intermediate,2019-01-01
191,55,17,Intermediate,2019-01-01
192,56,16,Expert,2009-01-01
193,56,17,Expert,2009-01-01
194,56,26,Expert,2009-01-01
195,57,34,Advanced,2015-01-01
196,57,28,Advanced,2015-01-01
197,57,24,Advanced,2015-01-01
198,57,17,Advanced,2015-01-01
199,58,15,Intermediate,2020-01-01
200,58,23,Intermediate,2020-01-01
201,58,14,Intermediate,2020-01-01
202,59,15,Advanced,2014-01-01
203,59,23,Advanced,2014-01-01
204,59,14,Advanced,2014-01-01
205,60,33,Advanced,2017-01-01
206,60,35,Advanced,2017-01-01
207,60,8,Advanced,2017-01-01
208,60,27,Advanced,2017-01-01
209,61,33,Advanced,2015-01-01
210,61,35,Advanced,2015-01-01
211,61,8,Advanced,2015-01-01
212,61,27,Advanced,2015-01-01
213,62,15,Advanced,2014-01-01
214,62,23,Advanced,2014-01-01
215,62,14,Advanced,2014-01-01
216,63,16,Expert,1995-01-01
217,63,17,Expert,1995-01-01
218,63,26,Expert,1995-01-01
219,64,34,Expert,1996-01-01
220,64,28,Expert,1996-01-01
221,64,24,Expert,1996-01-01
222,64,17,Expert,1996-01-01
223,65,13,Expert,2007-01-01
224,65,17,Expert,2007-01-01
225,65,34,Expert,2007-01-01
226,66,35,Expert,2003-01-01
227,66,18,Expert,2003-01-01
228,66,8,Expert,2003-01-01
229,66,32,Expert,2003-01-01
230,67,33,Intermediate,2018-01-01
231,67,35,Intermediate,2018-01-01
232,67,8,Intermediate,2018-01-01
233,67,27,Intermediate,2018-01-01
234,68,14,Expert,1999-01-01
235,68,15,Expert,1999-01-01
236,68,12,Expert,1999-01-01
237,68,23,Expert,1999-01-01
238,69,14,Intermediate,2019-01-01
239,69,15,Intermediate,2019-01-01
240,69,12,Intermediate,2019-01-01
241,69,23,Intermediate,2019-01-01
242,70,14,Beginner,2022-01-01
243,70,15,Beginner,2022-01-01
244,70,12,Beginner,2022-01-01
245,70,23,Beginner,2022-01-01
246,71,34,Expert,2004-01-01
247,71,28,Expert,2004-01-01
248,71,24,Expert,2004-01-01
249,71,17,Expert,2004-01-01
250,72,14,Intermediate,2018-01-01
251,72,15,Intermediate,2018-01-01
252,72,12,Intermediate,2018-01-01
253,72,23,Intermediate,2018-01-01
254,73,14,Beginner,2023-01-01
255,73,15,Beginner,2023-01-01
256,73,12,Beginner,2023-01-01
257,73,23,Beginner,2023-01-01
258,74,14,Advanced,2014-01-01
259,74,15,Advanced,2014-01-01
260,74,12,Advanced,2014-01-01
261,74,23,Advanced,2014-01-01
262,75,15,Intermediate,2019-01-01
263,75,23,Intermediate,2019-01-01
264,75,14,Intermediate,2019-01-01
265,76,33,Advanced,2013-01-01
266,76,35,Advanced,2013-01-01
267,76,8,Advanced,2013-01-01
268,76,27,Advanced,2013-01-01
269,77,34,Expert,2008-01-01
270,77,28,Expert,2008-01-01
271,77,24,Expert,2008-01-01
272,77,17,Expert,2008-01-01
273,78,16,Expert,2007-01-01
274,78,17,Expert,2007-01-01
275,78,26,Expert,2007-01-01
276,79,16,Expert,2008-01-01
277,79,17,Expert,2008-01-01
278,79,26,Expert,2008-01-01
279,80,32,Expert,2008-01-01
280,80,26,Expert,2008-01-01
281,80,7,Expert,2008-01-01
282,81,15,Advanced,2014-01-01
283,81,23,Advanced,2014-01-01
284,81,14,Advanced,2014-01-01
285,82,14,Intermediate,2018-01-01
286,82,15,Intermediate,2018-01-01
287,82,12,Intermediate,2018-01-01
288,82,23,Intermediate,2018-01-01
289,83,34,Expert,2000-01-01
290,83,28,Expert,2000-01-01
291,83,24,Expert,2000-01-01
292,83,17,Expert,2000-01-01
293,84,14,Expert,2007-01-01
294,84,15,Expert,2007-01-01
295,84,12,Expert,2007-01-01
296,84,23,Expert,2007-01-01
297,85,33,Intermediate,2019-01-01
298,85,35,Intermediate,2019-01-01
299,85,8,Intermediate,2019-01-01
300,85,27,Intermediate,2019-01-01
301,86,33,Expert,1987-01-01
302,86,35,Expert,1987-01-01
303,86,8,Expert,1987-01-01
304,86,27,Expert,1987-01-01
305,87,34,Intermediate,2021-01-01
306,87,17,Intermediate,2021-01-01
307,87,24,Intermediate,2021-01-01
308,88,15,Advanced,2014-01-01
309,88,23,Advanced,2014-01-01
310,88,14,Advanced,2014-01-01
311,89,13,Advanced,2013-01-01
312,89,17,Advanced,2013-01-01
313,89,34,Advanced,2013-01-01
314,90,34,Advanced,2015-01-01
315,90,28,Advanced,2015-01-01
316,90,24,Advanced,2015-01-01
317,90,17,Advanced,2015-01-01
318,91,13,Expert,2002-01-01
319,91,17,Expert,2002-01-01
320,91,34,Expert,2002-01-01
321,92,34,Advanced,2013-01-01
322,92,28,Advanced,2013-01-01
323,92,24,Advanced,2013-01-01
324,92,17,Advanced,2013-01-01
325,93,34,Advanced,2013-01-01
326,93,28,Advanced,2013-01-01
327,93,24,Advanced,2013-01-01
328,93,17,Advanced,2013-01-01
329,94,13,Expert,2003-01-01
330,94,17,Expert,2003-01-01
331,94,34,Expert,2003-01-01
332,95,34,Advanced,2012-01-01
333,95,28,Advanced,2012-01-01
334,95,24,Advanced,2012-01-01
335,95,17,Advanced,2012-01-01
336,96,16,Expert,2008-01-01
337,96,17,Expert,2008-01-01
338,96,26,Expert,2008-01-01
339,97,34,Intermediate,2020-01-01
340,97,28,Intermediate,2020-01-01
341,97,24,Intermediate,2020-01-01
342,97,17,Intermediate,2020-01-01
343,98,34,Intermediate,2019-01-01
344,98,28,Intermediate,2019-01-01
345,98,24,Intermediate,2019-01-01
346,98,17,Intermediate,2019-01-01
347,99,34,Expert,1986-01-01
348,99,28,Expert,1986-01-01
349,99,24,Expert,1986-01-01
350,99,17,Expert,1986-01-01
351,100,15,Expert,2007-01-01
352,100,23,Expert,2007-01-01
353,100,14,Expert,2007-01-01
354,101,32,Advanced,2017-01-01
355,101,26,Advanced,2017-01-01
356,101,7,Advanced,2017-01-01
357,102,14,Beginner,2023-01-01
358,102,15,Beginner,2023-01-01
359,102,12,Beginner,2023-01-01
360,102,23,Beginner,2023-01-01
361,103,15,Beginner,2023-01-01
362,103,23,Beginner,2023-01-01
363,103,14,Beginner,2023-01-01
364,104,14,Expert,2008-01-01
365,104,15,Expert,2008-01-01
366,104,12,Expert,2008-01-01
367,104,23,Expert,2008-01-01
368,105,13,Expert,2007-01-01
369,105,17,Expert,2007-01-01
370,105,34,Expert,2007-01-01
371,106,35,Expert,1994-01-01
372,106,18,Expert,1994-01-01
373,106,8,Expert,1994-01-01
374,106,32,Expert,1994-01-01
375,107,16,Expert,1996-01-01
376,107,17,Expert,1996-01-01
377,107,26,Expert,1996-01-01
378,108,34,Intermediate,2018-01-01
379,108,28,Intermediate,2018-01-01
380,108,24,Intermediate,2018-01-01
381,108,17,Intermediate,2018-01-01
382,109,14,Beginner,2022-01-01
383,109,15,Beginner,2022-01-01
384,109,12,Beginner,2022-01-01
385,109,23,Beginner,2022-01-01
386,110,15,Beginner,2023-01-01
387,110,23,Beginner,2023-01-01
388,110,14,Beginner,2023-01-01
389,111,13,Expert,2001-01-01
390,111,17,Expert,2001-01-01
391,111,34,Expert,2001-01-01
392,112,15,Advanced,2015-01-01
393,112,23,Advanced,2015-01-01
394,112,14,Advanced,2015-01-01
395,113,35,Expert,2001-01-01
396,113,18,Expert,2001-01-01
397,113,8,Expert,2001-01-01
398,113,32,Expert,2001-01-01
399,114,15,Intermediate,2018-01-01
400,114,23,Intermediate,2018-01-01
401,114,14,Intermediate,2018-01-01
402,115,14,Advanced,2012-01-01
403,115,15,Advanced,2012-01-01
404,115,12,Advanced,2012-01-01
405,115,23,Advanced,2012-01-01
406,116,34,Advanced,2012-01-01
407,116,28,Advanced,2012-01-01
408,116,24,Advanced,2012-01-01
409,116,17,Advanced,2012-01-01
410,117,35,Expert,2010-01-01
411,117,18,Expert,2010-01-01
412,117,8,Expert,2010-01-01
413,117,32,Expert,2010-01-01
414,118,34,Advanced,2014-01-01
415,118,28,Advanced,2014-01-01
416,118,24,Advanced,2014-01-01
417,118,17,Advanced,2014-01-01
418,119,15,Advanced,2017-01-01
419,119,23,Advanced,2017-01-01
420,119,14,Advanced,2017-01-01
421,120,35,Expert,1999-01-01
422,120,18,Expert,1999-01-01
423,120,8,Expert,1999-01-01
424,120,32,Expert,1999-01-01
425,121,14,Advanced,2014-01-01
426,121,15,Advanced,2014-01-01
427,121,12,Advanced,2014-01-01
428,121,23,Advanced,2014-01-01
429,122,34,Advanced,2016-01-01
430,122,28,Advanced,2016-01-01
431,122,24,Advanced,2016-01-01
432,122,17,Advanced,2016-01-01
433,123,14,Advanced,2017-01-01
434,123,15,Advanced,2017-01-01
435,123,12,Advanced,2017-01-01
436,123,23,Advanced,2017-01-01
437,124,16,Expert,2001-01-01
438,124,17,Expert,2001-01-01
439,124,26,Expert,2001-01-01
440,125,34,Advanced,2012-01-01
441,125,28,Advanced,2012-01-01
442,125,24,Advanced,2012-01-01
443,125,17,Advanced,2012-01-01
444,126,14,Intermediate,2019-01-01
445,126,15,Intermediate,2019-01-01
446,126,12,Intermediate,2019-01-01
447,126,23,Intermediate,2019-01-01
448,127,13,Expert,1984-01-01
449,127,17,Expert,1984-01-01
450,127,34,Expert,1984-01-01
451,128,34,Beginner,2024-01-01
452,128,17,Beginner,2024-01-01
453,128,24,Beginner,2024-01-01
454,129,15,Intermediate,2021-01-01
455,129,23,Intermediate,2021-01-01
456,129,14,Intermediate,2021-01-01
457,130,33,Expert,2008-01-01
458,130,35,Expert,2008-01-01
459,130,8,Expert,2008-01-01
460,130,27,Expert,2008-01-01
461,131,14,Expert,2006-01-01
462,131,15,Expert,2006-01-01
463,131,12,Expert,2006-01-01
464,131,23,Expert,2006-01-01
465,132,34,Expert,2008-01-01
466,132,28,Expert,2008-01-01
467,132,24,Expert,2008-01-01
468,132,17,Expert,2008-01-01
469,133,34,Intermediate,2020-01-01
470,133,28,Intermediate,2020-01-01
471,133,24,Intermediate,2020-01-01
472,133,17,Intermediate,2020-01-01
473,134,34,Advanced,2012-01-01
474,134,28,Advanced,2012-01-01
475,134,24,Advanced,2012-01-01
476,134,17,Advanced,2012-01-01
477,135,32,Advanced,2016-01-01
478,135,26,Advanced,2016-01-01
479,135,7,Advanced,2016-01-01
480,136,33,Advanced,2017-01-01
481,136,35,Advanced,2017-01-01
482,136,8,Advanced,2017-01-01
483,136,27,Advanced,2017-01-01
484,137,33,Expert,2006-01-01
485,137,35,Expert,2006-01-01
486,137,8,Expert,2006-01-01
487,137,27,Expert,2006-01-01
488,138,34,Expert,2007-01-01
489,138,28,Expert,2007-01-01
490,138,24,Expert,2007-01-01
491,138,17,Expert,2007-01-01
492,139,34,Intermediate,2018-01-01
493,139,28,Intermediate,2018-01-01
494,139,24,Intermediate,2018-01-01
495,139,17,Intermediate,2018-01-01
496,140,32,Advanced,2012-01-01
497,140,26,Advanced,2012-01-01
498,140,7,Advanced,2012-01-01
499,141,15,Advanced,2014-01-01
500,141,23,Advanced,2014-01-01
501,141,14,Advanced,2014-01-01
502,142,14,Advanced,2015-01-01
503,142,15,Advanced,2015-01-01
504,142,12,Advanced,2015-01-01
505,142,23,Advanced,2015-01-01
506,143,14,Expert,2005-01-01
507,143,15,Expert,2005-01-01
508,143,12,Expert,2005-01-01
509,143,23,Expert,2005-01-01
510,144,14,Intermediate,2019-01-01
511,144,15,Intermediate,2019-01-01
512,144,12,Intermediate,2019-01-01
513,144,23,Intermediate,2019-01-01
514,145,34,Advanced,2015-01-01
515,145,28,Advanced,2015-01-01
516,145,24,Advanced,2015-01-01
517,145,17,Advanced,2015-01-01
518,146,14,Advanced,2016-01-01
519,146,15,Advanced,2016-01-01
520,146,12,Advanced,2016-01-01
521,146,23,Advanced,2016-01-01
522,147,15,Intermediate,2018-01-01
523,147,23,Intermediate,2018-01-01
524,147,14,Intermediate,2018-01-01
525,148,35,Expert,2003-01-01
526,148,18,Expert,2003-01-01
527,148,8,Expert,2003-01-01
528,148,32,Expert,2003-01-01
529,149,15,Advanced,2017-01-01
530,149,23,Advanced,2017-01-01
531,149,14,Advanced,2017-01-01
532,150,15,Beginner,2023-01-01
533,150,23,Beginner,2023-01-01
534,150,14,Beginner,2023-01-01
535,151,14,Expert,2004-01-01
536,151,15,Expert,2004-01-01
537,151,12,Expert,2004-01-01
538,151,23,Expert,2004-01-01
539,152,34,Advanced,2014-01-01
540,152,28,Advanced,2014-01-01
541,152,24,Advanced,2014-01-01
542,152,17,Advanced,2014-01-01
543,153,34,Expert,2011-01-01
544,153,17,Expert,2011-01-01
545,153,24,Expert,2011-01-01
546,154,15,Expert,2004-01-01
547,154,23,Expert,2004-01-01
548,154,14,Expert,2004-01-01
549,155,34,Advanced,2015-01-01
550,155,28,Advanced,2015-01-01
551,155,24,Advanced,2015-01-01
552,155,17,Advanced,2015-01-01
553,156,33,Advanced,2014-01-01
554,156,35,Advanced,2014-01-01
555,156,8,Advanced,2014-01-01
556,156,27,Advanced,2014-01-01
557,157,33,Advanced,2014-01-01
558,157,35,Advanced,2014-01-01
559,157,8,Advanced,2014-01-01
560,157,27,Advanced,2014-01-01
561,158,14,Advanced,2015-01-01
562,158,15,Advanced,2015-01-01
563,158,12,Advanced,2015-01-01
564,158,23,Advanced,2015-01-01
565,159,34,Expert,2009-01-01
566,159,28,Expert,2009-01-01
567,159,24,Expert,2009-01-01
568,159,17,Expert,2009-01-01
569,160,34,Intermediate,2018-01-01
570,160,17,Intermediate,2018-01-01
571,160,24,Intermediate,2018-01-01
572,161,14,Beginner,2022-01-01
573,161,15,Beginner,2022-01-01
574,161,12,Beginner,2022-01-01
575,161,23,Beginner,2022-01-01
576,162,14,Intermediate,2018-01-01
577,162,15,Intermediate,2018-01-01
578,162,12,Intermediate,2018-01-01
579,162,23,Intermediate,2018-01-01
580,163,14,Intermediate,2019-01-01
581,163,15,Intermediate,2019-01-01
582,163,12,Intermediate,2019-01-01
583,163,23,Intermediate,2019-01-01
584,164,13,Advanced,2012-01-01
585,164,17,Advanced,2012-01-01
586,164,34,Advanced,2012-01-01
587,165,14,Beginner,2023-01-01
588,165,15,Beginner,2023-01-01
589,165,12,Beginner,2023-01-01
590,165,23,Beginner,2023-01-01
591,166,35,Expert,2003-01-01
592,166,18,Expert,2003-01-01
593,166,8,Expert,2003-01-01
594,166,32,Expert,2003-01-01
595,167,14,Expert,2011-01-01
596,167,15,Expert,2011-01-01
597,167,12,Expert,2011-01-01
598,167,23,Expert,2011-01-01
599,168,34,Advanced,2012-01-01
600,168,28,Advanced,2012-01-01
601,168,24,Advanced,2012-01-01
602,168,17,Advanced,2012-01-01
603,169,34,Advanced,2012-01-01
604,169,28,Advanced,2012-01-01
605,169,24,Advanced,2012-01-01
606,169,17,Advanced,2012-01-01
607,170,14,Advanced,2016-01-01
608,170,15,Advanced,2016-01-01
609,170,12,Advanced,2016-01-01
610,170,23,Advanced,2016-01-01
611,171,14,Intermediate,2018-01-01
612,171,15,Intermediate,2018-01-01
613,171,12,Intermediate,2018-01-01
614,171,23,Intermediate,2018-01-01
615,172,34,Beginner,2023-01-01
616,172,17,Beginner,2023-01-01
617,172,24,Beginner,2023-01-01
618,173,15,Expert,2011-01-01
619,173,23,Expert,2011-01-01
620,173,14,Expert,2011-01-01
621,174,15,Advanced,2012-01-01
622,174,23,Advanced,2012-01-01
623,174,14,Advanced,2012-01-01
624,175,34,Advanced,2015-01-01
625,175,28,Advanced,2015-01-01
626,175,24,Advanced,2015-01-01
627,175,17,Advanced,2015-01-01
628,176,14,Expert,2005-01-01
629,176,15,Expert,2005-01-01
630,176,12,Expert,2005-01-01
631,176,23,Expert,2005-01-01
632,177,14,Intermediate,2020-01-01
633,177,15,Intermediate,2020-01-01
634,177,12,Intermediate,2020-01-01
635,177,23,Intermediate,2020-01-01
636,178,15,Beginner,2023-01-01
637,178,23,Beginner,2023-01-01
638,178,14,Beginner,2023-01-01
639,179,34,Expert,2000-01-01
640,179,28,Expert,2000-01-01
641,179,24,Expert,2000-01-01
642,179,17,Expert,2000-01-01
643,180,15,Beginner,2022-01-01
644,180,23,Beginner,2022-01-01
645,180,14,Beginner,2022-01-01
646,181,14,Advanced,2017-01-01
647,181,15,Advanced,2017-01-01
648,181,12,Advanced,2017-01-01
649,181,23,Advanced,2017-01-01
650,182,14,Advanced,2015-01-01
651,182,15,Advanced,2015-01-01
652,182,12,Advanced,2015-01-01
653,182,23,Advanced,2015-01-01
654,183,34,Intermediate,2020-01-01
655,183,17,Intermediate,2020-01-01
656,183,24,Intermediate,2020-01-01
657,184,15,Intermediate,2019-01-01
658,184,23,Intermediate,2019-01-01
659,184,14,Intermediate,2019-01-01
660,185,33,Intermediate,2019-01-01
661,185,35,Intermediate,2019-01-01
662,185,8,Intermediate,2019-01-01
663,185,27,Intermediate,2019-01-01
664,186,14,Advanced,2016-01-01
665,186,15,Advanced,2016-01-01
666,186,12,Advanced,2016-01-01
667,186,23,Advanced,2016-01-01
668,187,35,Expert,2003-01-01
669,187,18,Expert,2003-01-01
670,187,8,Expert,2003-01-01
671,187,32,Expert,2003-01-01
672,188,16,Expert,1988-01-01
673,188,17,Expert,1988-01-01
674,188,26,Expert,1988-01-01
675,189,33,Advanced,2014-01-01
676,189,35,Advanced,2014-01-01
677,189,8,Advanced,2014-01-01
678,189,27,Advanced,2014-01-01
679,190,13,Expert,2003-01-01
680,190,17,Expert,2003-01-01
681,190,34,Expert,2003-01-01
682,191,35,Expert,1990-01-01
683,191,18,Expert,1990-01-01
684,191,8,Expert,1990-01-01
685,191,32,Expert,1990-01-01
686,192,14,Advanced,2017-01-01
687,192,15,Advanced,2017-01-01
688,192,12,Advanced,2017-01-01
689,192,23,Advanced,2017-01-01
690,193,33,Advanced,2016-01-01
691,193,35,Advanced,2016-01-01
692,193,8,Advanced,2016-01-01
693,193,27,Advanced,2016-01-01
694,194,14,Advanced,2017-01-01
695,194,15,Advanced,2017-01-01
696,194,12,Advanced,2017-01-01
697,194,23,Advanced,2017-01-01
698,195,35,Expert,2002-01-01
699,195,18,Expert,2002-01-01
700,195,8,Expert,2002-01-01
701,195,32,Expert,2002-01-01
702,196,14,Advanced,2016-01-01
703,196,15,Advanced,2016-01-01
704,196,12,Advanced,2016-01-01
705,196,23,Advanced,2016-01-01
706,197,15,Advanced,2014-01-01
707,197,23,Advanced,2014-01-01
708,197,14,Advanced,2014-01-01
709,198,33,Advanced,2013-01-01
710,198,35,Advanced,2013-01-01
711,198,8,Advanced,2013-01-01
712,198,27,Advanced,2013-01-01
713,199,33,Expert,2010-01-01
714,199,35,Expert,2010-01-01
715,199,8,Expert,2010-01-01
716,199,27,Expert,2010-01-01
717,200,33,Advanced,2015-01-01
718,200,35,Advanced,2015-01-01
719,200,8,Advanced,2015-01-01
720,200,27,Advanced,2015-01-01
721,201,33,Intermediate,2018-01-01
722,201,35,Intermediate,2018-01-01
723,201,8,Intermediate,2018-01-01
724,201,27,Intermediate,2018-01-01
725,202,33,Advanced,2017-01-01
726,202,35,Advanced,2017-01-01
727,202,8,Advanced,2017-01-01
728,202,27,Advanced,2017-01-01
729,203,14,Intermediate,2019-01-01
730,203,15,Intermediate,2019-01-01
731,203,12,Intermediate,2019-01-01
732,203,23,Intermediate,2019-01-01
733,204,15,Expert,2009-01-01
734,204,23,Expert,2009-01-01
735,204,14,Expert,2009-01-01
736,205,13,Expert,2007-01-01
737,205,17,Expert,2007-01-01
738,205,34,Expert,2007-01-01
739,206,34,Advanced,2014-01-01
740,206,28,Advanced,2014-01-01
741,206,24,Advanced,2014-01-01
742,206,17,Advanced,2014-01-01
743,207,14,Intermediate,2020-01-01
744,207,15,Intermediate,2020-01-01
745,207,12,Intermediate,2020-01-01
746,207,23,Intermediate,2020-01-01
747,208,15,Advanced,2016-01-01
748,208,23,Advanced,2016-01-01
749,208,14,Advanced,2016-01-01
750,209,13,Intermediate,2019-01-01
751,209,17,Intermediate,2019-01-01
752,209,34,Intermediate,2019-01-01
753,210,13,Expert,2007-01-01
754,210,17,Expert,2007-01-01
755,210,34,Expert,2007-01-01
756,211,34,Expert,2010-01-01
757,211,28,Expert,2010-01-01
758,211,24,Expert,2010-01-01
759,211,17,Expert,2010-01-01
760,212,33,Advanced,2012-01-01
761,212,35,Advanced,2012-01-01
762,212,8,Advanced,2012-01-01
763,212,27,Advanced,2012-01-01
764,213,34,Advanced,2017-01-01
765,213,28,Advanced,2017-01-01
766,213,24,Advanced,2017-01-01
767,213,17,Advanced,2017-01-01
768,214,16,Expert,2008-01-01
769,214,17,Expert,2008-01-01
770,214,26,Expert,2008-01-01
771,215,14,Advanced,2016-01-01
772,215,15,Advanced,2016-01-01
773,215,12,Advanced,2016-01-01
774,215,23,Advanced,2016-01-01
775,216,35,Expert,2008-01-01
776,216,18,Expert,2008-01-01
777,216,8,Expert,2008-01-01
778,216,32,Expert,2008-01-01
779,217,34,Advanced,2015-01-01
780,217,28,Advanced,2015-01-01
781,217,24,Advanced,2015-01-01
782,217,17,Advanced,2015-01-01
783,218,14,Advanced,2017-01-01
784,218,15,Advanced,2017-01-01
785,218,12,Advanced,2017-01-01
786,218,23,Advanced,2017-01-01
787,219,34,Expert,2001-01-01
788,219,28,Expert,2001-01-01
789,219,24,Expert,2001-01-01
790,219,17,Expert,2001-01-01
791,220,34,Expert,2008-01-01
792,220,28,Expert,2008-01-01
793,220,24,Expert,2008-01-01
794,220,17,Expert,2008-01-01
795,221,15,Expert,2008-01-01
796,221,23,Expert,2008-01-01
797,221,14,Expert,2008-01-01
798,222,14,Advanced,2017-01-01
799,222,15,Advanced,2017-01-01
800,222,12,Advanced,2017-01-01
801,222,23,Advanced,2017-01-01
802,223,16,Advanced,2014-01-01
803,223,17,Advanced,2014-01-01
804,223,26,Advanced,2014-01-01
805,224,34,Expert,2007-01-01
806,224,28,Expert,2007-01-01
807,224,24,Expert,2007-01-01
808,224,17,Expert,2007-01-01
809,225,33,Intermediate,2018-01-01
810,225,35,Intermediate,2018-01-01
811,225,8,Intermediate,2018-01-01
812,225,27,Intermediate,2018-01-01
813,226,14,Advanced,2017-01-01
814,226,15,Advanced,2017-01-01
815,226,12,Advanced,2017-01-01
816,226,23,Advanced,2017-01-01
817,227,34,Expert,2011-01-01
818,227,17,Expert,2011-01-01
819,227,24,Expert,2011-01-01
820,228,34,Advanced,2013-01-01
821,228,28,Advanced,2013-01-01
822,228,24,Advanced,2013-01-01
823,228,17,Advanced,2013-01-01
824,229,34,Advanced,2014-01-01
825,229,28,Advanced,2014-01-01
826,229,24,Advanced,2014-01-01
827,229,17,Advanced,2014-01-01
828,230,14,Intermediate,2020-01-01
829,230,15,Intermediate,2020-01-01
830,230,12,Intermediate,2020-01-01
831,230,23,Intermediate,2020-01-01
832,231,15,Intermediate,2018-01-01
833,231,23,Intermediate,2018-01-01
834,231,14,Intermediate,2018-01-01
835,232,35,Expert,2002-01-01
836,232,18,Expert,2002-01-01
837,232,8,Expert,2002-01-01
838,232,32,Expert,2002-01-01
839,233,32,Advanced,2017-01-01
840,233,26,Advanced,2017-01-01
841,233,7,Advanced,2017-01-01
842,234,35,Expert,1992-01-01
843,234,18,Expert,1992-01-01
844,234,8,Expert,1992-01-01
845,234,32,Expert,1992-01-01
846,235,15,Advanced,2016-01-01
847,235,23,Advanced,2016-01-01
848,235,14,Advanced,2016-01-01
849,236,35,Expert,2002-01-01
850,236,18,Expert,2002-01-01
851,236,8,Expert,2002-01-01
852,236,32,Expert,2002-01-01
853,237,15,Expert,2011-01-01
854,237,23,Expert,2011-01-01
855,237,14,Expert,2011-01-01
856,238,35,Expert,1991-01-01
857,238,18,Expert,1991-01-01
858,238,8,Expert,1991-01-01
859,238,32,Expert,1991-01-01
860,239,34,Intermediate,2018-01-01
861,239,17,Intermediate,2018-01-01
862,239,24,Intermediate,2018-01-01
863,240,15,Intermediate,2020-01-01
864,240,23,Intermediate,2020-01-01
865,240,14,Intermediate,2020-01-01
866,241,15,Advanced,2017-01-01
867,241,23,Advanced,2017-01-01
868,241,14,Advanced,2017-01-01
869,242,34,Intermediate,2020-01-01
870,242,28,Intermediate,2020-01-01
871,242,24,Intermediate,2020-01-01
872,242,17,Intermediate,2020-01-01
873,243,14,Expert,2007-01-01
874,243,15,Expert,2007-01-01
875,243,12,Expert,2007-01-01
876,243,23,Expert,2007-01-01
877,244,14,Advanced,2015-01-01
878,244,15,Advanced,2015-01-01
879,244,12,Advanced,2015-01-01
880,244,23,Advanced,2015-01-01
881,245,35,Expert,1999-01-01
882,245,18,Expert,1999-01-01
883,245,8,Expert,1999-01-01
884,245,32,Expert,1999-01-01
885,246,16,Advanced,2015-01-01
886,246,17,Advanced,2015-01-01
887,246,26,Advanced,2015-01-01
888,247,14,Beginner,2022-01-01
889,247,15,Beginner,2022-01-01
890,247,12,Beginner,2022-01-01
891,247,23,Beginner,2022-01-01
892,248,33,Expert,2011-01-01
893,248,35,Expert,2011-01-01
894,248,8,Expert,2011-01-01
895,248,27,Expert,2011-01-01
896,249,14,Expert,2007-01-01
897,249,15,Expert,2007-01-01
898,249,12,Expert,2007-01-01
899,249,23,Expert,2007-01-01
900,250,33,Advanced,2015-01-01
901,250,35,Advanced,2015-01-01
902,250,8,Advanced,2015-01-01
903,250,27,Advanced,2015-01-01
904,251,33,Expert,2007-01-01
905,251,35,Expert,2007-01-01
906,251,8,Expert,2007-01-01
907,251,27,Expert,2007-01-01
908,252,13,Expert,2004-01-01
909,252,17,Expert,2004-01-01
910,252,34,Expert,2004-01-01
911,253,14,Intermediate,2018-01-01
912,253,15,Intermediate,2018-01-01
913,253,12,Intermediate,2018-01-01
914,253,23,Intermediate,2018-01-01
915,254,14,Advanced,2014-01-01
916,254,15,Advanced,2014-01-01
917,254,12,Advanced,2014-01-01
918,254,23,Advanced,2014-01-01
919,255,34,Advanced,2014-01-01
920,255,28,Advanced,2014-01-01
921,255,24,Advanced,2014-01-01
922,255,17,Advanced,2014-01-01
923,256,33,Intermediate,2019-01-01
924,256,35,Intermediate,2019-01-01
925,256,8,Intermediate,2019-01-01
926,256,27,Intermediate,2019-01-01
927,257,15,Advanced,2014-01-01
928,257,23,Advanced,2014-01-01
929,257,14,Advanced,2014-01-01
930,258,16,Expert,2002-01-01
931,258,17,Expert,2002-01-01
932,258,26,Expert,2002-01-01
933,259,14,Beginner,2023-01-01
934,259,15,Beginner,2023-01-01
935,259,12,Beginner,2023-01-01
936,259,23,Beginner,2023-01-01
937,260,15,Intermediate,2018-01-01
938,260,23,Intermediate,2018-01-01
939,260,14,Intermediate,2018-01-01
940,261,15,Intermediate,2019-01-01
941,261,23,Intermediate,2019-01-01
942,261,14,Intermediate,2019-01-01
943,262,34,Expert,2011-01-01
944,262,28,Expert,2011-01-01
945,262,24,Expert,2011-01-01
946,262,17,Expert,2011-01-01
947,263,15,Advanced,2015-01-01
948,263,23,Advanced,2015-01-01
949,263,14,Advanced,2015-01-01
950,264,35,Expert,1996-01-01
951,264,18,Expert,1996-01-01
952,264,8,Expert,1996-01-01
953,264,32,Expert,1996-01-01
954,265,15,Intermediate,2019-01-01
955,265,23,Intermediate,2019-01-01
956,265,14,Intermediate,2019-01-01
957,266,34,Advanced,2014-01-01
958,266,28,Advanced,2014-01-01
959,266,24,Advanced,2014-01-01
960,266,17,Advanced,2014-01-01
961,267,13,Advanced,2014-01-01
962,267,17,Advanced,2014-01-01
963,267,34,Advanced,2014-01-01
964,268,13,Intermediate,2018-01-01
965,268,17,Intermediate,2018-01-01
966,268,34,Intermediate,2018-01-01
967,269,13,Expert,2003-01-01
968,269,17,Expert,2003-01-01
969,269,34,Expert,2003-01-01
970,270,15,Expert,2008-01-01
971,270,23,Expert,2008-01-01
972,270,14,Expert,2008-01-01
973,271,35,Expert,1987-01-01
974,271,18,Expert,1987-01-01
975,271,8,Expert,1987-01-01
976,271,32,Expert,1987-01-01
977,272,35,Advanced,2014-01-01
978,272,18,Advanced,2014-01-01
979,272,8,Advanced,2014-01-01
980,272,32,Advanced,2014-01-01
981,273,14,Intermediate,2019-01-01
982,273,15,Intermediate,2019-01-01
983,273,12,Intermediate,2019-01-01
984,273,23,Intermediate,2019-01-01
985,274,34,Advanced,2017-01-01
986,274,28,Advanced,2017-01-01
987,274,24,Advanced,2017-01-01
988,274,17,Advanced,2017-01-01
989,275,14,Intermediate,2021-01-01
990,275,15,Intermediate,2021-01-01
991,275,12,Intermediate,2021-01-01
992,275,23,Intermediate,2021-01-01
993,276,16,Expert,2009-01-01
994,276,17,Expert,2009-01-01
995,276,26,Expert,2009-01-01
996,277,35,Advanced,2014-01-01
997,277,18,Advanced,2014-01-01
998,277,8,Advanced,2014-01-01
999,277,32,Advanced,2014-01-01
1000,278,34,Advanced,2016-01-01
1001,278,28,Advanced,2016-01-01
1002,278,24,Advanced,2016-01-01
1003,278,17,Advanced,2016-01-01
1004,279,33,Intermediate,2018-01-01
1005,279,35,Intermediate,2018-01-01
1006,279,8,Intermediate,2018-01-01
1007,279,27,Intermediate,2018-01-01
1008,280,16,Expert,1996-01-01
1009,280,17,Expert,1996-01-01
1010,280,26,Expert,1996-01-01
1011,281,16,Expert,2003-01-01
1012,281,17,Expert,2003-01-01
1013,281,26,Expert,2003-01-01
1014,282,34,Expert,2004-01-01
1015,282,28,Expert,2004-01-01
1016,282,24,Expert,2004-01-01
1017,282,17,Expert,2004-01-01
1018,283,34,Advanced,2014-01-01
1019,283,28,Advanced,2014-01-01
1020,283,24,Advanced,2014-01-01
1021,283,17,Advanced,2014-01-01
1022,284,15,Advanced,2012-01-01
1023,284,23,Advanced,2012-01-01
1024,284,14,Advanced,2012-01-01
1025,285,13,Intermediate,2019-01-01
1026,285,17,Intermediate,2019-01-01
1027,285,34,Intermediate,2019-01-01
1028,286,14,Expert,2007-01-01
1029,286,15,Expert,2007-01-01
1030,286,12,Expert,2007-01-01
1031,286,23,Expert,2007-01-01
1032,287,15,Expert,2005-01-01
1033,287,23,Expert,2005-01-01
1034,287,14,Expert,2005-01-01
1035,288,13,Advanced,2014-01-01
1036,288,17,Advanced,2014-01-01
1037,288,34,Advanced,2014-01-01
1038,289,15,Intermediate,2019-01-01
1039,289,23,Intermediate,2019-01-01
1040,289,14,Intermediate,2019-01-01
1041,290,14,Intermediate,2019-01-01
1042,290,15,Intermediate,2019-01-01
1043,290,12,Intermediate,2019-01-01
1044,290,23,Intermediate,2019-01-01
1045,291,16,Expert,2002-01-01
1046,291,17,Expert,2002-01-01
1047,291,26,Expert,2002-01-01
1048,292,14,Advanced,2014-01-01
1049,292,15,Advanced,2014-01-01
1050,292,12,Advanced,2014-01-01
1051,292,23,Advanced,2014-01-01
1052,293,34,Beginner,2022-01-01
1053,293,17,Beginner,2022-01-01
1054,293,24,Beginner,2022-01-01
1055,294,34,Advanced,2016-01-01
1056,294,28,Advanced,2016-01-01
1057,294,24,Advanced,2016-01-01
1058,294,17,Advanced,2016-01-01
1059,295,14,Intermediate,2020-01-01
1060,295,15,Intermediate,2020-01-01
1061,295,12,Intermediate,2020-01-01
1062,295,23,Intermediate,2020-01-01
1063,296,34,Expert,2001-01-01
1064,296,28,Expert,2001-01-01
1065,296,24,Expert,2001-01-01
1066,296,17,Expert,2001-01-01
1067,297,15,Beginner,2024-01-01
1068,297,23,Beginner,2024-01-01
1069,297,14,Beginner,2024-01-01
1070,298,34,Advanced,2012-01-01
1071,298,28,Advanced,2012-01-01
1072,298,24,Advanced,2012-01-01
1073,298,17,Advanced,2012-01-01
1074,299,15,Intermediate,2020-01-01
1075,299,23,Intermediate,2020-01-01
1076,299,14,Intermediate,2020-01-01
1077,300,33,Expert,2011-01-01
1078,300,35,Expert,2011-01-01
1079,300,8,Expert,2011-01-01
1080,300,27,Expert,2011-01-01
1081,301,35,Expert,2002-01-01
1082,301,18,Expert,2002-01-01
1083,301,8,Expert,2002-01-01
1084,301,32,Expert,2002-01-01
1085,302,34,Beginner,2024-01-01
1086,302,17,Beginner,2024-01-01
1087,302,24,Beginner,2024-01-01
1088,303,13,Advanced,2015-01-01
1089,303,17,Advanced,2015-01-01
1090,303,34,Advanced,2015-01-01
1091,304,34,Advanced,2014-01-01
1092,304,28,Advanced,2014-01-01
1093,304,24,Advanced,2014-01-01
1094,304,17,Advanced,2014-01-01
1095,305,13,Expert,2005-01-01
1096,305,17,Expert,2005-01-01
1097,305,34,Expert,2005-01-01
1098,306,15,Advanced,2013-01-01
1099,306,23,Advanced,2013-01-01
1100,306,14,Advanced,2013-01-01
1101,307,34,Expert,2011-01-01
1102,307,28,Expert,2011-01-01
1103,307,24,Expert,2011-01-01
1104,307,17,Expert,2011-01-01
1105,308,16,Expert,2005-01-01
1106,308,17,Expert,2005-01-01
1107,308,26,Expert,2005-01-01
1108,309,13,Advanced,2012-01-01
1109,309,17,Advanced,2012-01-01
1110,309,34,Advanced,2012-01-01
1111,310,14,Intermediate,2018-01-01
1112,310,15,Intermediate,2018-01-01
1113,310,12,Intermediate,2018-01-01
1114,310,23,Intermediate,2018-01-01
1115,311,32,Advanced,2015-01-01
1116,311,26,Advanced,2015-01-01
1117,311,7,Advanced,2015-01-01
1118,312,15,Expert,2000-01-01
1119,312,23,Expert,2000-01-01
1120,312,14,Expert,2000-01-01
1121,313,14,Intermediate,2021-01-01
1122,313,15,Intermediate,2021-01-01
1123,313,12,Intermediate,2021-01-01
1124,313,23,Intermediate,2021-01-01
1125,314,35,Advanced,2012-01-01
1126,314,18,Advanced,2012-01-01
1127,314,8,Advanced,2012-01-01
1128,314,32,Advanced,2012-01-01
1129,315,35,Expert,2003-01-01
1130,315,18,Expert,2003-01-01
1131,315,8,Expert,2003-01-01
1132,315,32,Expert,2003-01-01
1133,316,15,Advanced,2015-01-01
1134,316,23,Advanced,2015-01-01
1135,316,14,Advanced,2015-01-01
1136,317,13,Expert,1999-01-01
1137,317,17,Expert,1999-01-01
1138,317,34,Expert,1999-01-01
1139,318,14,Advanced,2013-01-01
1140,318,15,Advanced,2013-01-01
1141,318,12,Advanced,2013-01-01
1142,318,23,Advanced,2013-01-01
1143,319,14,Intermediate,2020-01-01
1144,319,15,Intermediate,2020-01-01
1145,319,12,Intermediate,2020-01-01
1146,319,23,Intermediate,2020-01-01
1147,320,34,Expert,2011-01-01
1148,320,28,Expert,2011-01-01
1149,320,24,Expert,2011-01-01
1150,320,17,Expert,2011-01-01
1151,321,34,Intermediate,2019-01-01
1152,321,28,Intermediate,2019-01-01
1153,321,24,Intermediate,2019-01-01
1154,321,17,Intermediate,2019-01-01
1155,322,34,Expert,2011-01-01
1156,322,28,Expert,2011-01-01
1157,322,24,Expert,2011-01-01
1158,322,17,Expert,2011-01-01
1159,323,14,Advanced,2014-01-01
1160,323,15,Advanced,2014-01-01
1161,323,12,Advanced,2014-01-01
1162,323,23,Advanced,2014-01-01
1163,324,14,Intermediate,2019-01-01
1164,324,15,Intermediate,2019-01-01
1165,324,12,Intermediate,2019-01-01
1166,324,23,Intermediate,2019-01-01
1167,325,14,Advanced,2013-01-01
1168,325,15,Advanced,2013-01-01
1169,325,12,Advanced,2013-01-01
1170,325,23,Advanced,2013-01-01
1171,326,33,Advanced,2014-01-01
1172,326,35,Advanced,2014-01-01
1173,326,8,Advanced,2014-01-01
1174,326,27,Advanced,2014-01-01
1175,327,35,Expert,2003-01-01
1176,327,18,Expert,2003-01-01
1177,327,8,Expert,2003-01-01
1178,327,32,Expert,2003-01-01
1179,328,34,Advanced,2012-01-01
1180,328,28,Advanced,2012-01-01
1181,328,24,Advanced,2012-01-01
1182,328,17,Advanced,2012-01-01
1183,329,34,Advanced,2015-01-01
1184,329,28,Advanced,2015-01-01
1185,329,24,Advanced,2015-01-01
1186,329,17,Advanced,2015-01-01
1187,330,16,Expert,2003-01-01
1188,330,17,Expert,2003-01-01
1189,330,26,Expert,2003-01-01
1190,331,15,Advanced,2015-01-01
1191,331,23,Advanced,2015-01-01
1192,331,14,Advanced,2015-01-01
1193,332,34,Intermediate,2018-01-01
1194,332,28,Intermediate,2018-01-01
1195,332,24,Intermediate,2018-01-01
1196,332,17,Intermediate,2018-01-01
1197,333,14,Expert,2004-01-01
1198,333,15,Expert,2004-01-01
1199,333,12,Expert,2004-01-01
1200,333,23,Expert,2004-01-01
1201,334,13,Advanced,2014-01-01
1202,334,17,Advanced,2014-01-01
1203,334,34,Advanced,2014-01-01
1204,335,14,Advanced,2012-01-01
1205,335,15,Advanced,2012-01-01
1206,335,12,Advanced,2012-01-01
1207,335,23,Advanced,2012-01-01
1208,336,34,Intermediate,2018-01-01
1209,336,28,Intermediate,2018-01-01
1210,336,24,Intermediate,2018-01-01
1211,336,17,Intermediate,2018-01-01
1212,337,15,Advanced,2017-01-01
1213,337,23,Advanced,2017-01-01
1214,337,14,Advanced,2017-01-01
1215,338,15,Intermediate,2020-01-01
1216,338,23,Intermediate,2020-01-01
1217,338,14,Intermediate,2020-01-01
1218,339,34,Advanced,2014-01-01
1219,339,28,Advanced,2014-01-01
1220,339,24,Advanced,2014-01-01
1221,339,17,Advanced,2014-01-01
1222,340,34,Advanced,2016-01-01
1223,340,28,Advanced,2016-01-01
1224,340,24,Advanced,2016-01-01
1225,340,17,Advanced,2016-01-01
1226,341,33,Advanced,2016-01-01
1227,341,35,Advanced,2016-01-01
1228,341,8,Advanced,2016-01-01
1229,341,27,Advanced,2016-01-01
1230,342,16,Advanced,2012-01-01
1231,342,17,Advanced,2012-01-01
1232,342,26,Advanced,2012-01-01
1233,343,33,Advanced,2013-01-01
1234,343,35,Advanced,2013-01-01
1235,343,8,Advanced,2013-01-01
1236,343,27,Advanced,2013-01-01
1237,344,34,Advanced,2017-01-01
1238,344,28,Advanced,2017-01-01
1239,344,24,Advanced,2017-01-01
1240,344,17,Advanced,2017-01-01
1241,345,33,Expert,2007-01-01
1242,345,35,Expert,2007-01-01
1243,345,8,Expert,2007-01-01
1244,345,27,Expert,2007-01-01
1245,346,14,Intermediate,2020-01-01
1246,346,15,Intermediate,2020-01-01
1247,346,12,Intermediate,2020-01-01
1248,346,23,Intermediate,2020-01-01
1249,347,33,Advanced,2016-01-01
1250,347,35,Advanced,2016-01-01
1251,347,8,Advanced,2016-01-01
1252,347,27,Advanced,2016-01-01
1253,348,34,Intermediate,2019-01-01
1254,348,17,Intermediate,2019-01-01
1255,348,24,Intermediate,2019-01-01
1256,349,16,Expert,2008-01-01
1257,349,17,Expert,2008-01-01
1258,349,26,Expert,2008-01-01
1259,350,34,Intermediate,2020-01-01
1260,350,28,Intermediate,2020-01-01
1261,350,24,Intermediate,2020-01-01
1262,350,17,Intermediate,2020-01-01
1263,351,32,Intermediate,2020-01-01
1264,351,26,Intermediate,2020-01-01
1265,351,7,Intermediate,2020-01-01
1266,352,15,Advanced,2016-01-01
1267,352,23,Advanced,2016-01-01
1268,352,14,Advanced,2016-01-01
1269,353,35,Expert,2009-01-01
1270,353,18,Expert,2009-01-01
1271,353,8,Expert,2009-01-01
1272,353,32,Expert,2009-01-01
1273,354,14,Expert,2011-01-01
1274,354,15,Expert,2011-01-01
1275,354,12,Expert,2011-01-01
1276,354,23,Expert,2011-01-01
1277,355,34,Intermediate,2020-01-01
1278,355,28,Intermediate,2020-01-01
1279,355,24,Intermediate,2020-01-01
1280,355,17,Intermediate,2020-01-01
1281,356,34,Advanced,2016-01-01
1282,356,28,Advanced,2016-01-01
1283,356,24,Advanced,2016-01-01
1284,356,17,Advanced,2016-01-01
1285,357,13,Expert,2010-01-01
1286,357,17,Expert,2010-01-01
1287,357,34,Expert,2010-01-01
1288,358,34,Intermediate,2021-01-01
1289,358,17,Intermediate,2021-01-01
1290,358,24,Intermediate,2021-01-01
1291,359,34,Advanced,2017-01-01
1292,359,28,Advanced,2017-01-01
1293,359,24,Advanced,2017-01-01
1294,359,17,Advanced,2017-01-01
1295,360,34,Expert,2008-01-01
1296,360,28,Expert,2008-01-01
1297,360,24,Expert,2008-01-01
1298,360,17,Expert,2008-01-01
1299,361,13,Expert,2009-01-01
1300,361,17,Expert,2009-01-01
1301,361,34,Expert,2009-01-01
1302,362,15,Advanced,2014-01-01
1303,362,23,Advanced,2014-01-01
1304,362,14,Advanced,2014-01-01
1305,363,34,Intermediate,2021-01-01
1306,363,17,Intermediate,2021-01-01
1307,363,24,Intermediate,2021-01-01
1308,364,34,Beginner,2023-01-01
1309,364,17,Beginner,2023-01-01
1310,364,24,Beginner,2023-01-01
1311,365,15,Expert,2007-01-01
1312,365,23,Expert,2007-01-01
1313,365,14,Expert,2007-01-01
1314,366,33,Advanced,2017-01-01
1315,366,35,Advanced,2017-01-01
1316,366,8,Advanced,2017-01-01
1317,366,27,Advanced,2017-01-01
1318,367,34,Advanced,2016-01-01
1319,367,28,Advanced,2016-01-01
1320,367,24,Advanced,2016-01-01
1321,367,17,Advanced,2016-01-01
1322,368,13,Expert,2004-01-01
1323,368,17,Expert,2004-01-01
1324,368,34,Expert,2004-01-01
1325,369,34,Advanced,2016-01-01
1326,369,28,Advanced,2016-01-01
1327,369,24,Advanced,2016-01-01
1328,369,17,Advanced,2016-01-01
1329,370,14,Intermediate,2021-01-01
1330,370,15,Intermediate,2021-01-01
1331,370,12,Intermediate,2021-01-01
1332,370,23,Intermediate,2021-01-01
1333,371,34,Beginner,2023-01-01
1334,371,17,Beginner,2023-01-01
1335,371,24,Beginner,2023-01-01
1336,372,14,Intermediate,2018-01-01
1337,372,15,Intermediate,2018-01-01
1338,372,12,Intermediate,2018-01-01
1339,372,23,Intermediate,2018-01-01
1340,373,13,Advanced,2014-01-01
1341,373,17,Advanced,2014-01-01
1342,373,34,Advanced,2014-01-01
1343,374,15,Intermediate,2019-01-01
1344,374,23,Intermediate,2019-01-01
1345,374,14,Intermediate,2019-01-01
1346,375,34,Advanced,2017-01-01
1347,375,28,Advanced,2017-01-01
1348,375,24,Advanced,2017-01-01
1349,375,17,Advanced,2017-01-01
1350,376,13,Expert,1998-01-01
1351,376,17,Expert,1998-01-01
1352,376,34,Expert,1998-01-01
1353,377,34,Expert,2006-01-01
1354,377,28,Expert,2006-01-01
1355,377,24,Expert,2006-01-01
1356,377,17,Expert,2006-01-01
1357,378,14,Intermediate,2018-01-01
1358,378,15,Intermediate,2018-01-01
1359,378,12,Intermediate,2018-01-01
1360,378,23,Intermediate,2018-01-01
1361,379,34,Advanced,2015-01-01
1362,379,28,Advanced,2015-01-01
1363,379,24,Advanced,2015-01-01
1364,379,17,Advanced,2015-01-01
1365,380,35,Expert,1994-01-01
1366,380,18,Expert,1994-01-01
1367,380,8,Expert,1994-01-01
1368,380,32,Expert,1994-01-01
1369,381,34,Intermediate,2019-01-01
1370,381,28,Intermediate,2019-01-01
1371,381,24,Intermediate,2019-01-01
1372,381,17,Intermediate,2019-01-01
1373,382,34,Beginner,2023-01-01
1374,382,17,Beginner,2023-01-01
1375,382,24,Beginner,2023-01-01
1376,383,14,Advanced,2017-01-01
1377,383,15,Advanced,2017-01-01
1378,383,12,Advanced,2017-01-01
1379,383,23,Advanced,2017-01-01
1380,384,14,Beginner,2022-01-01
1381,384,15,Beginner,2022-01-01
1382,384,12,Beginner,2022-01-01
1383,384,23,Beginner,2022-01-01
1384,385,34,Advanced,2014-01-01
1385,385,28,Advanced,2014-01-01
1386,385,24,Advanced,2014-01-01
1387,385,17,Advanced,2014-01-01
1388,386,14,Intermediate,2021-01-01
1389,386,15,Intermediate,2021-01-01
1390,386,12,Intermediate,2021-01-01
1391,386,23,Intermediate,2021-01-01
1392,387,15,Expert,2006-01-01
1393,387,23,Expert,2006-01-01
1394,387,14,Expert,2006-01-01
1395,388,34,Advanced,2016-01-01
1396,388,28,Advanced,2016-01-01
1397,388,24,Advanced,2016-01-01
1398,388,17,Advanced,2016-01-01
1399,389,15,Advanced,2016-01-01
1400,389,23,Advanced,2016-01-01
1401,389,14,Advanced,2016-01-01
1402,390,33,Expert,2006-01-01
1403,390,35,Expert,2006-01-01
1404,390,8,Expert,2006-01-01
1405,390,27,Expert,2006-01-01
1406,391,16,Expert,1999-01-01
1407,391,17,Expert,1999-01-01
1408,391,26,Expert,1999-01-01
1409,392,15,Expert,2004-01-01
1410,392,23,Expert,2004-01-01
1411,392,14,Expert,2004-01-01
1412,393,16,Expert,2000-01-01
1413,393,17,Expert,2000-01-01
1414,393,26,Expert,2000-01-01
1415,394,34,Intermediate,2018-01-01
1416,394,28,Intermediate,2018-01-01
1417,394,24,Intermediate,2018-01-01
1418,394,17,Intermediate,2018-01-01
1419,395,33,Expert,2011-01-01
1420,395,35,Expert,2011-01-01
1421,395,8,Expert,2011-01-01
1422,395,27,Expert,2011-01-01
1423,396,15,Advanced,2016-01-01
1424,396,23,Advanced,2016-01-01
1425,396,14,Advanced,2016-01-01
1426,397,13,Advanced,2016-01-01
1427,397,17,Advanced,2016-01-01
1428,397,34,Advanced,2016-01-01
1429,398,34,Intermediate,2019-01-01
1430,398,28,Intermediate,2019-01-01
1431,398,24,Intermediate,2019-01-01
1432,398,17,Intermediate,2019-01-01
1433,399,14,Expert,2009-01-01
1434,399,15,Expert,2009-01-01
1435,399,12,Expert,2009-01-01
1436,399,23,Expert,2009-01-01
1437,400,15,Intermediate,2020-01-01
1438,400,23,Intermediate,2020-01-01
1439,400,14,Intermediate,2020-01-01
1440,401,35,Expert,2003-01-01
1441,401,18,Expert,2003-01-01
1442,401,8,Expert,2003-01-01
1443,401,32,Expert,2003-01-01
1444,402,34,Expert,1988-01-01
1445,402,28,Expert,1988-01-01
1446,402,24,Expert,1988-01-01
1447,402,17,Expert,1988-01-01
1448,403,34,Intermediate,2018-01-01
1449,403,28,Intermediate,2018-01-01
1450,403,24,Intermediate,2018-01-01
1451,403,17,Intermediate,2018-01-01
1452,404,34,Advanced,2014-01-01
1453,404,28,Advanced,2014-01-01
1454,404,24,Advanced,2014-01-01
1455,404,17,Advanced,2014-01-01
1456,405,15,Advanced,2014-01-01
1457,405,23,Advanced,2014-01-01
1458,405,14,Advanced,2014-01-01
1459,406,15,Intermediate,2018-01-01
1460,406,23,Intermediate,2018-01-01
1461,406,14,Intermediate,2018-01-01
1462,407,33,Expert,1996-01-01
1463,407,35,Expert,1996-01-01
1464,407,8,Expert,1996-01-01
1465,407,27,Expert,1996-01-01
1466,408,14,Advanced,2016-01-01
1467,408,15,Advanced,2016-01-01
1468,408,12,Advanced,2016-01-01
1469,408,23,Advanced,2016-01-01
1470,409,35,Expert,1993-01-01
1471,409,18,Expert,1993-01-01
1472,409,8,Expert,1993-01-01
1473,409,32,Expert,1993-01-01
1474,410,14,Expert,2005-01-01
1475,410,15,Expert,2005-01-01
1476,410,12,Expert,2005-01-01
1477,410,23,Expert,2005-01-01
1478,411,33,Advanced,2013-01-01
1479,411,35,Advanced,2013-01-01
1480,411,8,Advanced,2013-01-01
1481,411,27,Advanced,2013-01-01
1482,412,35,Expert,1991-01-01
1483,412,18,Expert,1991-01-01
1484,412,8,Expert,1991-01-01
1485,412,32,Expert,1991-01-01
1486,413,33,Expert,2005-01-01
1487,413,35,Expert,2005-01-01
1488,413,8,Expert,2005-01-01
1489,413,27,Expert,2005-01-01
1490,414,13,Advanced,2017-01-01
1491,414,17,Advanced,2017-01-01
1492,414,34,Advanced,2017-01-01
1493,415,34,Intermediate,2018-01-01
1494,415,17,Intermediate,2018-01-01
1495,415,24,Intermediate,2018-01-01
1496,416,34,Intermediate,2021-01-01
1497,416,17,Intermediate,2021-01-01
1498,416,24,Intermediate,2021-01-01
1499,417,15,Beginner,2023-01-01
1500,417,23,Beginner,2023-01-01
1501,417,14,Beginner,2023-01-01
1502,418,35,Expert,2003-01-01
1503,418,18,Expert,2003-01-01
1504,418,8,Expert,2003-01-01
1505,418,32,Expert,2003-01-01
1506,419,14,Intermediate,2021-01-01
1507,419,15,Intermediate,2021-01-01
1508,419,12,Intermediate,2021-01-01
1509,419,23,Intermediate,2021-01-01
1510,420,15,Advanced,2015-01-01
1511,420,23,Advanced,2015-01-01
1512,420,14,Advanced,2015-01-01
1513,421,16,Advanced,2014-01-01
1514,421,17,Advanced,2014-01-01
1515,421,26,Advanced,2014-01-01
1516,422,14,Intermediate,2018-01-01
1517,422,15,Intermediate,2018-01-01
1518,422,12,Intermediate,2018-01-01
1519,422,23,Intermediate,2018-01-01
1520,423,32,Beginner,2023-01-01
1521,423,26,Beginner,2023-01-01
1522,423,7,Beginner,2023-01-01
1523,424,34,Advanced,2014-01-01
1524,424,28,Advanced,2014-01-01
1525,424,24,Advanced,2014-01-01
1526,424,17,Advanced,2014-01-01
1527,425,35,Expert,1992-01-01
1528,425,18,Expert,1992-01-01
1529,425,8,Expert,1992-01-01
1530,425,32,Expert,1992-01-01
1531,426,35,Expert,1996-01-01
1532,426,18,Expert,1996-01-01
1533,426,8,Expert,1996-01-01
1534,426,32,Expert,1996-01-01
1535,427,15,Advanced,2012-01-01
1536,427,23,Advanced,2012-01-01
1537,427,14,Advanced,2012-01-01
1538,428,34,Expert,2002-01-01
1539,428,28,Expert,2002-01-01
1540,428,24,Expert,2002-01-01
1541,428,17,Expert,2002-01-01
1542,429,33,Expert,2004-01-01
1543,429,35,Expert,2004-01-01
1544,429,8,Expert,2004-01-01
1545,429,27,Expert,2004-01-01
1546,430,16,Expert,1998-01-01
1547,430,17,Expert,1998-01-01
1548,430,26,Expert,1998-01-01
1549,431,15,Intermediate,2018-01-01
1550,431,23,Intermediate,2018-01-01
1551,431,14,Intermediate,2018-01-01
1552,432,15,Expert,2005-01-01
1553,432,23,Expert,2005-01-01
1554,432,14,Expert,2005-01-01
1555,433,14,Expert,2010-01-01
1556,433,15,Expert,2010-01-01
1557,433,12,Expert,2010-01-01
1558,433,23,Expert,2010-01-01
1559,434,34,Expert,2009-01-01
1560,434,28,Expert,2009-01-01
1561,434,24,Expert,2009-01-01
1562,434,17,Expert,2009-01-01
1563,435,33,Expert,2011-01-01
1564,435,35,Expert,2011-01-01
1565,435,8,Expert,2011-01-01
1566,435,27,Expert,2011-01-01
1567,436,35,Expert,2009-01-01
1568,436,18,Expert,2009-01-01
1569,436,8,Expert,2009-01-01
1570,436,32,Expert,2009-01-01
1571,437,15,Advanced,2016-01-01
1572,437,23,Advanced,2016-01-01
1573,437,14,Advanced,2016-01-01
1574,438,34,Intermediate,2020-01-01
1575,438,17,Intermediate,2020-01-01
1576,438,24,Intermediate,2020-01-01
1577,439,13,Advanced,2014-01-01
1578,439,17,Advanced,2014-01-01
1579,439,34,Advanced,2014-01-01
1580,440,13,Advanced,2012-01-01
1581,440,17,Advanced,2012-01-01
1582,440,34,Advanced,2012-01-01
1583,441,32,Advanced,2013-01-01
1584,441,26,Advanced,2013-01-01
1585,441,7,Advanced,2013-01-01
1586,442,15,Advanced,2016-01-01
1587,442,23,Advanced,2016-01-01
1588,442,14,Advanced,2016-01-01
1589,443,34,Advanced,2014-01-01
1590,443,28,Advanced,2014-01-01
1591,443,24,Advanced,2014-01-01
1592,443,17,Advanced,2014-01-01
1593,444,15,Intermediate,2020-01-01
1594,444,23,Intermediate,2020-01-01
1595,444,14,Intermediate,2020-01-01
1596,445,34,Expert,2010-01-01
1597,445,28,Expert,2010-01-01
1598,445,24,Expert,2010-01-01
1599,445,17,Expert,2010-01-01
1600,446,35,Expert,1987-01-01
1601,446,18,Expert,1987-01-01
1602,446,8,Expert,1987-01-01
1603,446,32,Expert,1987-01-01
1604,447,34,Expert,2008-01-01
1605,447,28,Expert,2008-01-01
1606,447,24,Expert,2008-01-01
1607,447,17,Expert,2008-01-01
1608,448,34,Expert,2009-01-01
1609,448,28,Expert,2009-01-01
1610,448,24,Expert,2009-01-01
1611,448,17,Expert,2009-01-01
1612,449,33,Expert,2002-01-01
1613,449,35,Expert,2002-01-01
1614,449,8,Expert,2002-01-01
1615,449,27,Expert,2002-01-01
1616,450,15,Advanced,2016-01-01
1617,450,23,Advanced,2016-01-01
1618,450,14,Advanced,2016-01-01
1619,451,34,Advanced,2014-01-01
1620,451,28,Advanced,2014-01-01
1621,451,24,Advanced,2014-01-01
1622,451,17,Advanced,2014-01-01
1623,452,33,Advanced,2014-01-01
1624,452,35,Advanced,2014-01-01
1625,452,8,Advanced,2014-01-01
1626,452,27,Advanced,2014-01-01
1627,453,34,Advanced,2015-01-01
1628,453,28,Advanced,2015-01-01
1629,453,24,Advanced,2015-01-01
1630,453,17,Advanced,2015-01-01
1631,454,32,Advanced,2016-01-01
1632,454,26,Advanced,2016-01-01
1633,454,7,Advanced,2016-01-01
1634,455,33,Advanced,2016-01-01
1635,455,35,Advanced,2016-01-01
1636,455,8,Advanced,2016-01-01
1637,455,27,Advanced,2016-01-01
1638,456,16,Advanced,2014-01-01
1639,456,17,Advanced,2014-01-01
1640,456,26,Advanced,2014-01-01
1641,457,35,Advanced,2014-01-01
1642,457,18,Advanced,2014-01-01
1643,457,8,Advanced,2014-01-01
1644,457,32,Advanced,2014-01-01
1645,458,34,Beginner,2024-01-01
1646,458,17,Beginner,2024-01-01
1647,458,24,Beginner,2024-01-01
1648,459,34,Expert,2004-01-01
1649,459,28,Expert,2004-01-01
1650,459,24,Expert,2004-01-01
1651,459,17,Expert,2004-01-01
1652,460,13,Advanced,2014-01-01
1653,460,17,Advanced,2014-01-01
1654,460,34,Advanced,2014-01-01
1655,461,34,Advanced,2016-01-01
1656,461,28,Advanced,2016-01-01
1657,461,24,Advanced,2016-01-01
1658,461,17,Advanced,2016-01-01
1659,462,34,Intermediate,2019-01-01
1660,462,28,Intermediate,2019-01-01
1661,462,24,Intermediate,2019-01-01
1662,462,17,Intermediate,2019-01-01
1663,463,34,Advanced,2014-01-01
1664,463,28,Advanced,2014-01-01
1665,463,24,Advanced,2014-01-01
1666,463,17,Advanced,2014-01-01
1667,464,15,Beginner,2023-01-01
1668,464,23,Beginner,2023-01-01
1669,464,14,Beginner,2023-01-01
1670,465,33,Advanced,2012-01-01
1671,465,35,Advanced,2012-01-01
1672,465,8,Advanced,2012-01-01
1673,465,27,Advanced,2012-01-01
1674,466,13,Expert,1996-01-01
1675,466,17,Expert,1996-01-01
1676,466,34,Expert,1996-01-01
1677,467,35,Expert,2002-01-01
1678,467,18,Expert,2002-01-01
1679,467,8,Expert,2002-01-01
1680,467,32,Expert,2002-01-01
1681,468,34,Advanced,2015-01-01
1682,468,28,Advanced,2015-01-01
1683,468,24,Advanced,2015-01-01
1684,468,17,Advanced,2015-01-01
1685,469,14,Expert,2006-01-01
1686,469,15,Expert,2006-01-01
1687,469,12,Expert,2006-01-01
1688,469,23,Expert,2006-01-01
1689,470,34,Intermediate,2018-01-01
1690,470,28,Intermediate,2018-01-01
1691,470,24,Intermediate,2018-01-01
1692,470,17,Intermediate,2018-01-01
1693,471,34,Intermediate,2021-01-01
1694,471,17,Intermediate,2021-01-01
1695,471,24,Intermediate,2021-01-01
1696,472,13,Expert,2006-01-01
1697,472,17,Expert,2006-01-01
1698,472,34,Expert,2006-01-01
1699,473,33,Advanced,2016-01-01
1700,473,35,Advanced,2016-01-01
1701,473,8,Advanced,2016-01-01
1702,473,27,Advanced,2016-01-01
1703,474,16,Expert,1993-01-01
1704,474,17,Expert,1993-01-01
1705,474,26,Expert,1993-01-01
1706,475,14,Intermediate,2018-01-01
1707,475,15,Intermediate,2018-01-01
1708,475,12,Intermediate,2018-01-01
1709,475,23,Intermediate,2018-01-01
1710,476,34,Intermediate,2018-01-01
1711,476,28,Intermediate,2018-01-01
1712,476,24,Intermediate,2018-01-01
1713,476,17,Intermediate,2018-01-01
1714,477,15,Beginner,2023-01-01
1715,477,23,Beginner,2023-01-01
1716,477,14,Beginner,2023-01-01
1717,478,35,Expert,1992-01-01
1718,478,18,Expert,1992-01-01
1719,478,8,Expert,1992-01-01
1720,478,32,Expert,1992-01-01
1721,479,34,Advanced,2017-01-01
1722,479,17,Advanced,2017-01-01
1723,479,24,Advanced,2017-01-01
1724,480,15,Intermediate,2018-01-01
1725,480,23,Intermediate,2018-01-01
1726,480,14,Intermediate,2018-01-01
1727,481,34,Beginner,2023-01-01
1728,481,17,Beginner,2023-01-01
1729,481,24,Beginner,2023-01-01
1730,482,14,Intermediate,2018-01-01
1731,482,15,Intermediate,2018-01-01
1732,482,12,Intermediate,2018-01-01
1733,482,23,Intermediate,2018-01-01
1734,483,34,Advanced,2015-01-01
1735,483,28,Advanced,2015-01-01
1736,483,24,Advanced,2015-01-01
1737,483,17,Advanced,2015-01-01
1738,484,15,Advanced,2015-01-01
1739,484,23,Advanced,2015-01-01
1740,484,14,Advanced,2015-01-01
1741,485,34,Expert,2011-01-01
1742,485,28,Expert,2011-01-01
1743,485,24,Expert,2011-01-01
1744,485,17,Expert,2011-01-01
1745,486,14,Intermediate,2018-01-01
1746,486,15,Intermediate,2018-01-01
1747,486,12,Intermediate,2018-01-01
1748,486,23,Intermediate,2018-01-01
1749,487,34,Expert,2007-01-01
1750,487,28,Expert,2007-01-01
1751,487,24,Expert,2007-01-01
1752,487,17,Expert,2007-01-01
1753,488,14,Beginner,2023-01-01
1754,488,15,Beginner,2023-01-01
1755,488,12,Beginner,2023-01-01
1756,488,23,Beginner,2023-01-01
1757,489,13,Advanced,2014-01-01
1758,489,17,Advanced,2014-01-01
1759,489,34,Advanced,2014-01-01
1760,490,16,Expert,2003-01-01
1761,490,17,Expert,2003-01-01
1762,490,26,Expert,2003-01-01
1763,491,14,Advanced,2016-01-01
1764,491,15,Advanced,2016-01-01
1765,491,12,Advanced,2016-01-01
1766,491,23,Advanced,2016-01-01
1767,492,15,Advanced,2014-01-01
1768,492,23,Advanced,2014-01-01
1769,492,14,Advanced,2014-01-01
1770,493,35,Expert,2003-01-01
1771,493,18,Expert,2003-01-01
1772,493,8,Expert,2003-01-01
1773,493,32,Expert,2003-01-01
1774,494,32,Advanced,2014-01-01
1775,494,26,Advanced,2014-01-01
1776,494,7,Advanced,2014-01-01
1777,495,34,Advanced,2016-01-01
1778,495,17,Advanced,2016-01-01
1779,495,24,Advanced,2016-01-01
1780,496,34,Intermediate,2019-01-01
1781,496,17,Intermediate,2019-01-01
1782,496,24,Intermediate,2019-01-01
1783,497,34,Intermediate,2021-01-01
1784,497,17,Intermediate,2021-01-01
1785,497,24,Intermediate,2021-01-01
1786,498,35,Expert,1998-01-01
1787,498,18,Expert,1998-01-01
1788,498,8,Expert,1998-01-01
1789,498,32,Expert,1998-01-01
1790,499,14,Intermediate,2021-01-01
1791,499,15,Intermediate,2021-01-01
1792,499,12,Intermediate,2021-01-01
1793,499,23,Intermediate,2021-01-01
1794,500,34,Intermediate,2018-01-01
1795,500,28,Intermediate,2018-01-01
1796,500,24,Intermediate,2018-01-01
1797,500,17,Intermediate,2018-01-01
1798,501,14,Intermediate,2018-01-01
1799,501,15,Intermediate,2018-01-01
1800,501,12,Intermediate,2018-01-01
1801,501,23,Intermediate,2018-01-01
1802,502,14,Beginner,2023-01-01
1803,502,15,Beginner,2023-01-01
1804,502,12,Beginner,2023-01-01
1805,502,23,Beginner,2023-01-01
1806,503,34,Expert,2006-01-01
1807,503,28,Expert,2006-01-01
1808,503,24,Expert,2006-01-01
1809,503,17,Expert,2006-01-01
1810,504,14,Advanced,2014-01-01
1811,504,15,Advanced,2014-01-01
1812,504,12,Advanced,2014-01-01
1813,504,23,Advanced,2014-01-01
1814,505,34,Intermediate,2019-01-01
1815,505,28,Intermediate,2019-01-01
1816,505,24,Intermediate,2019-01-01
1817,505,17,Intermediate,2019-01-01
1818,506,15,Intermediate,2021-01-01
1819,506,23,Intermediate,2021-01-01
1820,506,14,Intermediate,2021-01-01
1821,507,33,Advanced,2014-01-01
1822,507,35,Advanced,2014-01-01
1823,507,8,Advanced,2014-01-01
1824,507,27,Advanced,2014-01-01
1825,508,34,Intermediate,2018-01-01
1826,508,28,Intermediate,2018-01-01
1827,508,24,Intermediate,2018-01-01
1828,508,17,Intermediate,2018-01-01
1829,509,14,Expert,2007-01-01
1830,509,15,Expert,2007-01-01
1831,509,12,Expert,2007-01-01
1832,509,23,Expert,2007-01-01
1833,510,13,Expert,2009-01-01
1834,510,17,Expert,2009-01-01
1835,510,34,Expert,2009-01-01
1836,511,32,Expert,2008-01-01
1837,511,26,Expert,2008-01-01
1838,511,7,Expert,2008-01-01
1839,512,33,Expert,2011-01-01
1840,512,35,Expert,2011-01-01
1841,512,8,Expert,2011-01-01
1842,512,27,Expert,2011-01-01
1843,513,14,Intermediate,2019-01-01
1844,513,15,Intermediate,2019-01-01
1845,513,12,Intermediate,2019-01-01
1846,513,23,Intermediate,2019-01-01
1847,514,14,Beginner,2023-01-01
1848,514,15,Beginner,2023-01-01
1849,514,12,Beginner,2023-01-01
1850,514,23,Beginner,2023-01-01
1851,515,14,Advanced,2014-01-01
1852,515,15,Advanced,2014-01-01
1853,515,12,Advanced,2014-01-01
1854,515,23,Advanced,2014-01-01
1855,516,15,Beginner,2023-01-01
1856,516,23,Beginner,2023-01-01
1857,516,14,Beginner,2023-01-01
1858,517,14,Intermediate,2019-01-01
1859,517,15,Intermediate,2019-01-01
1860,517,12,Intermediate,2019-01-01
1861,517,23,Intermediate,2019-01-01
1862,518,34,Intermediate,2020-01-01
1863,518,28,Intermediate,2020-01-01
1864,518,24,Intermediate,2020-01-01
1865,518,17,Intermediate,2020-01-01
1866,519,34,Advanced,2016-01-01
1867,519,28,Advanced,2016-01-01
1868,519,24,Advanced,2016-01-01
1869,519,17,Advanced,2016-01-01
1870,520,14,Advanced,2014-01-01
1871,520,15,Advanced,2014-01-01
1872,520,12,Advanced,2014-01-01
1873,520,23,Advanced,2014-01-01
1874,521,34,Advanced,2012-01-01
1875,521,28,Advanced,2012-01-01
1876,521,24,Advanced,2012-01-01
1877,521,17,Advanced,2012-01-01
1878,522,34,Intermediate,2018-01-01
1879,522,28,Intermediate,2018-01-01
1880,522,24,Intermediate,2018-01-01
1881,522,17,Intermediate,2018-01-01
1882,523,14,Intermediate,2020-01-01
1883,523,15,Intermediate,2020-01-01
1884,523,12,Intermediate,2020-01-01
1885,523,23,Intermediate,2020-01-01
1886,524,15,Expert,2004-01-01
1887,524,23,Expert,2004-01-01
1888,524,14,Expert,2004-01-01
1889,525,13,Advanced,2015-01-01
1890,525,17,Advanced,2015-01-01
1891,525,34,Advanced,2015-01-01
1892,526,34,Intermediate,2020-01-01
1893,526,28,Intermediate,2020-01-01
1894,526,24,Intermediate,2020-01-01
1895,526,17,Intermediate,2020-01-01
1896,527,13,Expert,2004-01-01
1897,527,17,Expert,2004-01-01
1898,527,34,Expert,2004-01-01
1899,528,34,Advanced,2014-01-01
1900,528,28,Advanced,2014-01-01
1901,528,24,Advanced,2014-01-01
1902,528,17,Advanced,2014-01-01
1903,529,34,Expert,2006-01-01
1904,529,28,Expert,2006-01-01
1905,529,24,Expert,2006-01-01
1906,529,17,Expert,2006-01-01
1907,530,13,Advanced,2014-01-01
1908,530,17,Advanced,2014-01-01
1909,530,34,Advanced,2014-01-01
1910,531,33,Advanced,2015-01-01
1911,531,35,Advanced,2015-01-01
1912,531,8,Advanced,2015-01-01
1913,531,27,Advanced,2015-01-01
1914,532,16,Advanced,2014-01-01
1915,532,17,Advanced,2014-01-01
1916,532,26,Advanced,2014-01-01
1917,533,34,Expert,2004-01-01
1918,533,28,Expert,2004-01-01
1919,533,24,Expert,2004-01-01
1920,533,17,Expert,2004-01-01
1921,534,34,Expert,2004-01-01
1922,534,28,Expert,2004-01-01
1923,534,24,Expert,2004-01-01
1924,534,17,Expert,2004-01-01
1925,535,16,Expert,1992-01-01
1926,535,17,Expert,1992-01-01
1927,535,26,Expert,1992-01-01
1928,536,35,Expert,2001-01-01
1929,536,18,Expert,2001-01-01
1930,536,8,Expert,2001-01-01
1931,536,32,Expert,2001-01-01
1932,537,34,Advanced,2014-01-01
1933,537,28,Advanced,2014-01-01
1934,537,24,Advanced,2014-01-01
1935,537,17,Advanced,2014-01-01
1936,538,33,Advanced,2015-01-01
1937,538,35,Advanced,2015-01-01
1938,538,8,Advanced,2015-01-01
1939,538,27,Advanced,2015-01-01
1940,539,35,Expert,2002-01-01
1941,539,18,Expert,2002-01-01
1942,539,8,Expert,2002-01-01
1943,539,32,Expert,2002-01-01
1944,540,34,Intermediate,2020-01-01
1945,540,17,Intermediate,2020-01-01
1946,540,24,Intermediate,2020-01-01
1947,541,14,Advanced,2014-01-01
1948,541,15,Advanced,2014-01-01
1949,541,12,Advanced,2014-01-01
1950,541,23,Advanced,2014-01-01
1951,542,16,Advanced,2014-01-01
1952,542,17,Advanced,2014-01-01
1953,542,26,Advanced,2014-01-01
1954,543,33,Advanced,2014-01-01
1955,543,35,Advanced,2014-01-01
1956,543,8,Advanced,2014-01-01
1957,543,27,Advanced,2014-01-01
1958,544,15,Advanced,2015-01-01
1959,544,23,Advanced,2015-01-01
1960,544,14,Advanced,2015-01-01
1961,545,34,Expert,1996-01-01
1962,545,28,Expert,1996-01-01
1963,545,24,Expert,1996-01-01
1964,545,17,Expert,1996-01-01
1965,546,34,Advanced,2014-01-01
1966,546,28,Advanced,2014-01-01
1967,546,24,Advanced,2014-01-01
1968,546,17,Advanced,2014-01-01
1969,547,34,Beginner,2023-01-01
1970,547,17,Beginner,2023-01-01
1971,547,24,Beginner,2023-01-01
1972,548,14,Advanced,2017-01-01
1973,548,15,Advanced,2017-01-01
1974,548,12,Advanced,2017-01-01
1975,548,23,Advanced,2017-01-01
1976,549,34,Advanced,2017-01-01
1977,549,28,Advanced,2017-01-01
1978,549,24,Advanced,2017-01-01
1979,549,17,Advanced,2017-01-01
1980,550,13,Advanced,2014-01-01
1981,550,17,Advanced,2014-01-01
1982,550,34,Advanced,2014-01-01
1983,551,15,Intermediate,2019-01-01
1984,551,23,Intermediate,2019-01-01
1985,551,14,Intermediate,2019-01-01
1986,552,32,Advanced,2012-01-01
1987,552,26,Advanced,2012-01-01
1988,552,7,Advanced,2012-01-01
1989,553,13,Expert,1994-01-01
1990,553,17,Expert,1994-01-01
1991,553,34,Expert,1994-01-01
1992,554,14,Intermediate,2019-01-01
1993,554,15,Intermediate,2019-01-01
1994,554,12,Intermediate,2019-01-01
1995,554,23,Intermediate,2019-01-01
1996,555,13,Advanced,2015-01-01
1997,555,17,Advanced,2015-01-01
1998,555,34,Advanced,2015-01-01
1999,556,34,Beginner,2022-01-01
2000,556,17,Beginner,2022-01-01
2001,556,24,Beginner,2022-01-01
2002,557,15,Expert,2005-01-01
2003,557,23,Expert,2005-01-01
2004,557,14,Expert,2005-01-01
2005,558,13,Expert,2008-01-01
2006,558,17,Expert,2008-01-01
2007,558,34,Expert,2008-01-01
2008,559,15,Advanced,2014-01-01
2009,559,23,Advanced,2014-01-01
2010,559,14,Advanced,2014-01-01
2011,560,14,Intermediate,2018-01-01
2012,560,15,Intermediate,2018-01-01
2013,560,12,Intermediate,2018-01-01
2014,560,23,Intermediate,2018-01-01
2015,561,33,Advanced,2017-01-01
2016,561,35,Advanced,2017-01-01
2017,561,8,Advanced,2017-01-01
2018,561,27,Advanced,2017-01-01
2019,562,35,Expert,1990-01-01
2020,562,18,Expert,1990-01-01
2021,562,8,Expert,1990-01-01
2022,562,32,Expert,1990-01-01
2023,563,14,Advanced,2014-01-01
2024,563,15,Advanced,2014-01-01
2025,563,12,Advanced,2014-01-01
2026,563,23,Advanced,2014-01-01
2027,564,34,Intermediate,2018-01-01
2028,564,28,Intermediate,2018-01-01
2029,564,24,Intermediate,2018-01-01
2030,564,17,Intermediate,2018-01-01
2031,565,34,Advanced,2015-01-01
2032,565,17,Advanced,2015-01-01
2033,565,24,Advanced,2015-01-01
2034,566,14,Beginner,2022-01-01
2035,566,15,Beginner,2022-01-01
2036,566,12,Beginner,2022-01-01
2037,566,23,Beginner,2022-01-01
2038,567,34,Advanced,2016-01-01
2039,567,28,Advanced,2016-01-01
2040,567,24,Advanced,2016-01-01
2041,567,17,Advanced,2016-01-01
2042,568,34,Intermediate,2018-01-01
2043,568,28,Intermediate,2018-01-01
2044,568,24,Intermediate,2018-01-01
2045,568,17,Intermediate,2018-01-01
2046,569,35,Expert,2000-01-01
2047,569,18,Expert,2000-01-01
2048,569,8,Expert,2000-01-01
2049,569,32,Expert,2000-01-01
2050,570,34,Advanced,2014-01-01
2051,570,28,Advanced,2014-01-01
2052,570,24,Advanced,2014-01-01
2053,570,17,Advanced,2014-01-01
2054,571,14,Intermediate,2019-01-01
2055,571,15,Intermediate,2019-01-01
2056,571,12,Intermediate,2019-01-01
2057,571,23,Intermediate,2019-01-01
2058,572,15,Intermediate,2019-01-01
2059,572,23,Intermediate,2019-01-01
2060,572,14,Intermediate,2019-01-01
2061,573,13,Advanced,2013-01-01
2062,573,17,Advanced,2013-01-01
2063,573,34,Advanced,2013-01-01
2064,574,34,Intermediate,2018-01-01
2065,574,28,Intermediate,2018-01-01
2066,574,24,Intermediate,2018-01-01
2067,574,17,Intermediate,2018-01-01
2068,575,14,Advanced,2014-01-01
2069,575,15,Advanced,2014-01-01
2070,575,12,Advanced,2014-01-01
2071,575,23,Advanced,2014-01-01
2072,576,33,Advanced,2015-01-01
2073,576,35,Advanced,2015-01-01
2074,576,8,Advanced,2015-01-01
2075,576,27,Advanced,2015-01-01
2076,577,34,Intermediate,2019-01-01
2077,577,28,Intermediate,2019-01-01
2078,577,24,Intermediate,2019-01-01
2079,577,17,Intermediate,2019-01-01
2080,578,14,Intermediate,2018-01-01
2081,578,15,Intermediate,2018-01-01
2082,578,12,Intermediate,2018-01-01
2083,578,23,Intermediate,2018-01-01
2084,579,33,Expert,2007-01-01
2085,579,35,Expert,2007-01-01
2086,579,8,Expert,2007-01-01
2087,579,27,Expert,2007-01-01
2088,580,14,Intermediate,2018-01-01
2089,580,15,Intermediate,2018-01-01
2090,580,12,Intermediate,2018-01-01
2091,580,23,Intermediate,2018-01-01
2092,581,34,Intermediate,2021-01-01
2093,581,17,Intermediate,2021-01-01
2094,581,24,Intermediate,2021-01-01
2095,582,15,Advanced,2017-01-01
2096,582,23,Advanced,2017-01-01
2097,582,14,Advanced,2017-01-01
2098,583,13,Advanced,2016-01-01
2099,583,17,Advanced,2016-01-01
2100,583,34,Advanced,2016-01-01
2101,584,34,Intermediate,2018-01-01
2102,584,28,Intermediate,2018-01-01
2103,584,24,Intermediate,2018-01-01
2104,584,17,Intermediate,2018-01-01
2105,585,35,Expert,2000-01-01
2106,585,18,Expert,2000-01-01
2107,585,8,Expert,2000-01-01
2108,585,32,Expert,2000-01-01
2109,586,15,Beginner,2023-01-01
2110,586,23,Beginner,2023-01-01
2111,586,14,Beginner,2023-01-01
2112,587,15,Beginner,2023-01-01
2113,587,23,Beginner,2023-01-01
2114,587,14,Beginner,2023-01-01
2115,588,15,Advanced,2015-01-01
2116,588,23,Advanced,2015-01-01
2117,588,14,Advanced,2015-01-01
2118,589,16,Expert,1994-01-01
2119,589,17,Expert,1994-01-01
2120,589,26,Expert,1994-01-01
2121,590,15,Beginner,2023-01-01
2122,590,23,Beginner,2023-01-01
2123,590,14,Beginner,2023-01-01
2124,591,16,Expert,2010-01-01
2125,591,17,Expert,2010-01-01
2126,591,26,Expert,2010-01-01
2127,592,34,Intermediate,2018-01-01
2128,592,28,Intermediate,2018-01-01
2129,592,24,Intermediate,2018-01-01
2130,592,17,Intermediate,2018-01-01
2131,593,35,Expert,1998-01-01
2132,593,18,Expert,1998-01-01
2133,593,8,Expert,1998-01-01
2134,593,32,Expert,1998-01-01
2135,594,33,Advanced,2014-01-01
2136,594,35,Advanced,2014-01-01
2137,594,8,Advanced,2014-01-01
2138,594,27,Advanced,2014-01-01
2139,595,14,Advanced,2014-01-01
2140,595,15,Advanced,2014-01-01
2141,595,12,Advanced,2014-01-01
2142,595,23,Advanced,2014-01-01
2143,596,16,Expert,1984-01-01
2144,596,17,Expert,1984-01-01
2145,596,26,Expert,1984-01-01
2146,597,14,Advanced,2017-01-01
2147,597,15,Advanced,2017-01-01
2148,597,12,Advanced,2017-01-01
2149,597,23,Advanced,2017-01-01
2150,598,33,Advanced,2016-01-01
2151,598,35,Advanced,2016-01-01
2152,598,8,Advanced,2016-01-01
2153,598,27,Advanced,2016-01-01
2154,599,14,Intermediate,2019-01-01
2155,599,15,Intermediate,2019-01-01
2156,599,12,Intermediate,2019-01-01
2157,599,23,Intermediate,2019-01-01
2158,600,32,Advanced,2016-01-01
2159,600,26,Advanced,2016-01-01
2160,600,7,Advanced,2016-01-01
2161,601,33,Expert,2010-01-01
2162,601,35,Expert,2010-01-01
2163,601,8,Expert,2010-01-01
2164,601,27,Expert,2010-01-01
2165,602,15,Advanced,2014-01-01
2166,602,23,Advanced,2014-01-01
2167,602,14,Advanced,2014-01-01
2168,603,33,Advanced,2012-01-01
2169,603,35,Advanced,2012-01-01
2170,603,8,Advanced,2012-01-01
2171,603,27,Advanced,2012-01-01
2172,604,14,Beginner,2023-01-01
2173,604,15,Beginner,2023-01-01
2174,604,12,Beginner,2023-01-01
2175,604,23,Beginner,2023-01-01
2176,605,33,Advanced,2014-01-01
2177,605,35,Advanced,2014-01-01
2178,605,8,Advanced,2014-01-01
2179,605,27,Advanced,2014-01-01
2180,606,13,Expert,2011-01-01
2181,606,17,Expert,2011-01-01
2182,606,34,Expert,2011-01-01
2183,607,14,Intermediate,2018-01-01
2184,607,15,Intermediate,2018-01-01
2185,607,12,Intermediate,2018-01-01
2186,607,23,Intermediate,2018-01-01
2187,608,34,Advanced,2015-01-01
2188,608,28,Advanced,2015-01-01
2189,608,24,Advanced,2015-01-01
2190,608,17,Advanced,2015-01-01
2191,609,34,Advanced,2012-01-01
2192,609,28,Advanced,2012-01-01
2193,609,24,Advanced,2012-01-01
2194,609,17,Advanced,2012-01-01
2195,610,16,Expert,2002-01-01
2196,610,17,Expert,2002-01-01
2197,610,26,Expert,2002-01-01
2198,611,16,Advanced,2015-01-01
2199,611,17,Advanced,2015-01-01
2200,611,26,Advanced,2015-01-01
2201,612,33,Expert,2007-01-01
2202,612,35,Expert,2007-01-01
2203,612,8,Expert,2007-01-01
2204,612,27,Expert,2007-01-01
2205,613,34,Advanced,2016-01-01
2206,613,28,Advanced,2016-01-01
2207,613,24,Advanced,2016-01-01
2208,613,17,Advanced,2016-01-01
2209,614,32,Intermediate,2020-01-01
2210,614,26,Intermediate,2020-01-01
2211,614,7,Intermediate,2020-01-01
2212,615,14,Advanced,2016-01-01
2213,615,15,Advanced,2016-01-01
2214,615,12,Advanced,2016-01-01
2215,615,23,Advanced,2016-01-01
2216,616,14,Beginner,2024-01-01
2217,616,15,Beginner,2024-01-01
2218,616,12,Beginner,2024-01-01
2219,616,23,Beginner,2024-01-01
2220,617,35,Expert,1995-01-01
2221,617,18,Expert,1995-01-01
2222,617,8,Expert,1995-01-01
2223,617,32,Expert,1995-01-01
2224,618,13,Advanced,2014-01-01
2225,618,17,Advanced,2014-01-01
2226,618,34,Advanced,2014-01-01
2227,619,14,Intermediate,2018-01-01
2228,619,15,Intermediate,2018-01-01
2229,619,12,Intermediate,2018-01-01
2230,619,23,Intermediate,2018-01-01
2231,620,34,Advanced,2015-01-01
2232,620,28,Advanced,2015-01-01
2233,620,24,Advanced,2015-01-01
2234,620,17,Advanced,2015-01-01
2235,621,14,Intermediate,2018-01-01
2236,621,15,Intermediate,2018-01-01
2237,621,12,Intermediate,2018-01-01
2238,621,23,Intermediate,2018-01-01
2239,622,34,Expert,2006-01-01
2240,622,28,Expert,2006-01-01
2241,622,24,Expert,2006-01-01
2242,622,17,Expert,2006-01-01
2243,623,34,Advanced,2016-01-01
2244,623,28,Advanced,2016-01-01
2245,623,24,Advanced,2016-01-01
2246,623,17,Advanced,2016-01-01
2247,624,14,Advanced,2014-01-01
2248,624,15,Advanced,2014-01-01
2249,624,12,Advanced,2014-01-01
2250,624,23,Advanced,2014-01-01
2251,625,34,Expert,1989-01-01
2252,625,28,Expert,1989-01-01
2253,625,24,Expert,1989-01-01
2254,625,17,Expert,1989-01-01
2255,626,34,Expert,2006-01-01
2256,626,28,Expert,2006-01-01
2257,626,24,Expert,2006-01-01
2258,626,17,Expert,2006-01-01
2259,627,14,Advanced,2015-01-01
2260,627,15,Advanced,2015-01-01
2261,627,12,Advanced,2015-01-01
2262,627,23,Advanced,2015-01-01
2263,628,33,Expert,1993-01-01
2264,628,35,Expert,1993-01-01
2265,628,8,Expert,1993-01-01
2266,628,27,Expert,1993-01-01
2267,629,34,Advanced,2015-01-01
2268,629,28,Advanced,2015-01-01
2269,629,24,Advanced,2015-01-01
2270,629,17,Advanced,2015-01-01
2271,630,32,Intermediate,2018-01-01
2272,630,26,Intermediate,2018-01-01
2273,630,7,Intermediate,2018-01-01
2274,631,33,Intermediate,2020-01-01
2275,631,35,Intermediate,2020-01-01
2276,631,8,Intermediate,2020-01-01
2277,631,27,Intermediate,2020-01-01
2278,632,15,Advanced,2014-01-01
2279,632,23,Advanced,2014-01-01
2280,632,14,Advanced,2014-01-01
2281,633,14,Advanced,2016-01-01
2282,633,15,Advanced,2016-01-01
2283,633,12,Advanced,2016-01-01
2284,633,23,Advanced,2016-01-01
2285,634,32,Intermediate,2018-01-01
2286,634,26,Intermediate,2018-01-01
2287,634,7,Intermediate,2018-01-01
2288,635,34,Intermediate,2019-01-01
2289,635,28,Intermediate,2019-01-01
2290,635,24,Intermediate,2019-01-01
2291,635,17,Intermediate,2019-01-01
2292,636,33,Expert,2007-01-01
2293,636,35,Expert,2007-01-01
2294,636,8,Expert,2007-01-01
2295,636,27,Expert,2007-01-01
2296,637,14,Advanced,2014-01-01
2297,637,15,Advanced,2014-01-01
2298,637,12,Advanced,2014-01-01
2299,637,23,Advanced,2014-01-01
2300,638,15,Intermediate,2020-01-01
2301,638,23,Intermediate,2020-01-01
2302,638,14,Intermediate,2020-01-01
2303,639,34,Intermediate,2019-01-01
2304,639,28,Intermediate,2019-01-01
2305,639,24,Intermediate,2019-01-01
2306,639,17,Intermediate,2019-01-01
2307,640,14,Advanced,2017-01-01
2308,640,15,Advanced,2017-01-01
2309,640,12,Advanced,2017-01-01
2310,640,23,Advanced,2017-01-01
2311,641,15,Intermediate,2018-01-01
2312,641,23,Intermediate,2018-01-01
2313,641,14,Intermediate,2018-01-01
2314,642,34,Advanced,2014-01-01
2315,642,28,Advanced,2014-01-01
2316,642,24,Advanced,2014-01-01
2317,642,17,Advanced,2014-01-01
2318,643,34,Intermediate,2021-01-01
2319,643,17,Intermediate,2021-01-01
2320,643,24,Intermediate,2021-01-01
2321,644,15,Expert,2007-01-01
2322,644,23,Expert,2007-01-01
2323,644,14,Expert,2007-01-01
2324,645,14,Advanced,2016-01-01
2325,645,15,Advanced,2016-01-01
2326,645,12,Advanced,2016-01-01
2327,645,23,Advanced,2016-01-01
2328,646,34,Intermediate,2019-01-01
2329,646,17,Intermediate,2019-01-01
2330,646,24,Intermediate,2019-01-01
2331,647,34,Expert,1996-01-01
2332,647,28,Expert,1996-01-01
2333,647,24,Expert,1996-01-01
2334,647,17,Expert,1996-01-01
2335,648,33,Expert,2008-01-01
2336,648,35,Expert,2008-01-01
2337,648,8,Expert,2008-01-01
2338,648,27,Expert,2008-01-01
2339,649,34,Advanced,2014-01-01
2340,649,17,Advanced,2014-01-01
2341,649,24,Advanced,2014-01-01
2342,650,16,Expert,1991-01-01
2343,650,17,Expert,1991-01-01
2344,650,26,Expert,1991-01-01
2345,651,13,Advanced,2012-01-01
2346,651,17,Advanced,2012-01-01
2347,651,34,Advanced,2012-01-01
2348,652,34,Advanced,2016-01-01
2349,652,28,Advanced,2016-01-01
2350,652,24,Advanced,2016-01-01
2351,652,17,Advanced,2016-01-01
2352,653,34,Advanced,2014-01-01
2353,653,28,Advanced,2014-01-01
2354,653,24,Advanced,2014-01-01
2355,653,17,Advanced,2014-01-01
2356,654,35,Expert,1993-01-01
2357,654,18,Expert,1993-01-01
2358,654,8,Expert,1993-01-01
2359,654,32,Expert,1993-01-01
2360,655,32,Expert,2011-01-01
2361,655,26,Expert,2011-01-01
2362,655,7,Expert,2011-01-01
2363,656,32,Advanced,2017-01-01
2364,656,26,Advanced,2017-01-01
2365,656,7,Advanced,2017-01-01
2366,657,15,Beginner,2023-01-01
2367,657,23,Beginner,2023-01-01
2368,657,14,Beginner,2023-01-01
2369,658,15,Advanced,2016-01-01
2370,658,23,Advanced,2016-01-01
2371,658,14,Advanced,2016-01-01
2372,659,14,Advanced,2016-01-01
2373,659,15,Advanced,2016-01-01
2374,659,12,Advanced,2016-01-01
2375,659,23,Advanced,2016-01-01
2376,660,34,Intermediate,2020-01-01
2377,660,28,Intermediate,2020-01-01
2378,660,24,Intermediate,2020-01-01
2379,660,17,Intermediate,2020-01-01
2380,661,15,Intermediate,2021-01-01
2381,661,23,Intermediate,2021-01-01
2382,661,14,Intermediate,2021-01-01
2383,662,33,Intermediate,2020-01-01
2384,662,35,Intermediate,2020-01-01
2385,662,8,Intermediate,2020-01-01
2386,662,27,Intermediate,2020-01-01
2387,663,34,Beginner,2022-01-01
2388,663,17,Beginner,2022-01-01
2389,663,24,Beginner,2022-01-01
2390,664,14,Beginner,2023-01-01
2391,664,15,Beginner,2023-01-01
2392,664,12,Beginner,2023-01-01
2393,664,23,Beginner,2023-01-01
2394,665,13,Expert,2007-01-01
2395,665,17,Expert,2007-01-01
2396,665,34,Expert,2007-01-01
2397,666,34,Intermediate,2021-01-01
2398,666,17,Intermediate,2021-01-01
2399,666,24,Intermediate,2021-01-01
2400,667,33,Intermediate,2020-01-01
2401,667,35,Intermediate,2020-01-01
2402,667,8,Intermediate,2020-01-01
2403,667,27,Intermediate,2020-01-01
2404,668,15,Advanced,2014-01-01
2405,668,23,Advanced,2014-01-01
2406,668,14,Advanced,2014-01-01
2407,669,14,Intermediate,2018-01-01
2408,669,15,Intermediate,2018-01-01
2409,669,12,Intermediate,2018-01-01
2410,669,23,Intermediate,2018-01-01
2411,670,15,Advanced,2016-01-01
2412,670,23,Advanced,2016-01-01
2413,670,14,Advanced,2016-01-01
2414,671,14,Beginner,2023-01-01
2415,671,15,Beginner,2023-01-01
2416,671,12,Beginner,2023-01-01
2417,671,23,Beginner,2023-01-01
2418,672,15,Beginner,2023-01-01
2419,672,23,Beginner,2023-01-01
2420,672,14,Beginner,2023-01-01
2421,673,34,Advanced,2014-01-01
2422,673,28,Advanced,2014-01-01
2423,673,24,Advanced,2014-01-01
2424,673,17,Advanced,2014-01-01
2425,674,14,Intermediate,2018-01-01
2426,674,15,Intermediate,2018-01-01
2427,674,12,Intermediate,2018-01-01
2428,674,23,Intermediate,2018-01-01
2429,675,13,Expert,2000-01-01
2430,675,17,Expert,2000-01-01
2431,675,34,Expert,2000-01-01
2432,676,34,Expert,2011-01-01
2433,676,17,Expert,2011-01-01
2434,676,24,Expert,2011-01-01
2435,677,13,Advanced,2014-01-01
2436,677,17,Advanced,2014-01-01
2437,677,34,Advanced,2014-01-01
2438,678,15,Expert,1995-01-01
2439,678,23,Expert,1995-01-01
2440,678,14,Expert,1995-01-01
2441,679,14,Expert,2011-01-01
2442,679,15,Expert,2011-01-01
2443,679,12,Expert,2011-01-01
2444,679,23,Expert,2011-01-01
2445,680,34,Advanced,2015-01-01
2446,680,28,Advanced,2015-01-01
2447,680,24,Advanced,2015-01-01
2448,680,17,Advanced,2015-01-01
2449,681,14,Advanced,2016-01-01
2450,681,15,Advanced,2016-01-01
2451,681,12,Advanced,2016-01-01
2452,681,23,Advanced,2016-01-01
2453,682,16,Expert,2009-01-01
2454,682,17,Expert,2009-01-01
2455,682,26,Expert,2009-01-01
2456,683,15,Intermediate,2019-01-01
2457,683,23,Intermediate,2019-01-01
2458,683,14,Intermediate,2019-01-01
2459,684,34,Beginner,2023-01-01
2460,684,17,Beginner,2023-01-01
2461,684,24,Beginner,2023-01-01
2462,685,34,Advanced,2013-01-01
2463,685,28,Advanced,2013-01-01
2464,685,24,Advanced,2013-01-01
2465,685,17,Advanced,2013-01-01
2466,686,34,Advanced,2017-01-01
2467,686,28,Advanced,2017-01-01
2468,686,24,Advanced,2017-01-01
2469,686,17,Advanced,2017-01-01
2470,687,15,Expert,2004-01-01
2471,687,23,Expert,2004-01-01
2472,687,14,Expert,2004-01-01
2473,688,15,Expert,2008-01-01
2474,688,23,Expert,2008-01-01
2475,688,14,Expert,2008-01-01
2476,689,34,Beginner,2023-01-01
2477,689,17,Beginner,2023-01-01
2478,689,24,Beginner,2023-01-01
2479,690,15,Beginner,2023-01-01
2480,690,23,Beginner,2023-01-01
2481,690,14,Beginner,2023-01-01
2482,691,13,Advanced,2014-01-01
2483,691,17,Advanced,2014-01-01
2484,691,34,Advanced,2014-01-01
2485,692,14,Intermediate,2021-01-01
2486,692,15,Intermediate,2021-01-01
2487,692,12,Intermediate,2021-01-01
2488,692,23,Intermediate,2021-01-01
2489,693,33,Advanced,2016-01-01
2490,693,35,Advanced,2016-01-01
2491,693,8,Advanced,2016-01-01
2492,693,27,Advanced,2016-01-01
2493,694,34,Expert,2008-01-01
2494,694,28,Expert,2008-01-01
2495,694,24,Expert,2008-01-01
2496,694,17,Expert,2008-01-01
2497,695,13,Intermediate,2018-01-01
2498,695,17,Intermediate,2018-01-01
2499,695,34,Intermediate,2018-01-01
2500,696,34,Expert,2007-01-01
2501,696,28,Expert,2007-01-01
2502,696,24,Expert,2007-01-01
2503,696,17,Expert,2007-01-01
2504,697,15,Advanced,2015-01-01
2505,697,23,Advanced,2015-01-01
2506,697,14,Advanced,2015-01-01
2507,698,34,Intermediate,2021-01-01
2508,698,17,Intermediate,2021-01-01
2509,698,24,Intermediate,2021-01-01
2510,699,34,Intermediate,2019-01-01
2511,699,28,Intermediate,2019-01-01
2512,699,24,Intermediate,2019-01-01
2513,699,17,Intermediate,2019-01-01
2514,700,35,Expert,1998-01-01
2515,700,18,Expert,1998-01-01
2516,700,8,Expert,1998-01-01
2517,700,32,Expert,1998-01-01
2518,701,14,Advanced,2017-01-01
2519,701,15,Advanced,2017-01-01
2520,701,12,Advanced,2017-01-01
2521,701,23,Advanced,2017-01-01
2522,702,35,Expert,2002-01-01
2523,702,18,Expert,2002-01-01
2524,702,8,Expert,2002-01-01
2525,702,32,Expert,2002-01-01
2526,703,34,Advanced,2014-01-01
2527,703,28,Advanced,2014-01-01
2528,703,24,Advanced,2014-01-01
2529,703,17,Advanced,2014-01-01
2530,704,34,Intermediate,2018-01-01
2531,704,28,Intermediate,2018-01-01
2532,704,24,Intermediate,2018-01-01
2533,704,17,Intermediate,2018-01-01
2534,705,34,Advanced,2012-01-01
2535,705,28,Advanced,2012-01-01
2536,705,24,Advanced,2012-01-01
2537,705,17,Advanced,2012-01-01
2538,706,34,Advanced,2015-01-01
2539,706,28,Advanced,2015-01-01
2540,706,24,Advanced,2015-01-01
2541,706,17,Advanced,2015-01-01
2542,707,34,Expert,2002-01-01
2543,707,28,Expert,2002-01-01
2544,707,24,Expert,2002-01-01
2545,707,17,Expert,2002-01-01
2546,708,33,Expert,2004-01-01
2547,708,35,Expert,2004-01-01
2548,708,8,Expert,2004-01-01
2549,708,27,Expert,2004-01-01
2550,709,34,Advanced,2012-01-01
2551,709,28,Advanced,2012-01-01
2552,709,24,Advanced,2012-01-01
2553,709,17,Advanced,2012-01-01
2554,710,14,Intermediate,2020-01-01
2555,710,15,Intermediate,2020-01-01
2556,710,12,Intermediate,2020-01-01
2557,710,23,Intermediate,2020-01-01
2558,711,35,Advanced,2014-01-01
2559,711,18,Advanced,2014-01-01
2560,711,8,Advanced,2014-01-01
2561,711,32,Advanced,2014-01-01
2562,712,14,Intermediate,2021-01-01
2563,712,15,Intermediate,2021-01-01
2564,712,12,Intermediate,2021-01-01
2565,712,23,Intermediate,2021-01-01
2566,713,14,Intermediate,2019-01-01
2567,713,15,Intermediate,2019-01-01
2568,713,12,Intermediate,2019-01-01
2569,713,23,Intermediate,2019-01-01
2570,714,15,Advanced,2016-01-01
2571,714,23,Advanced,2016-01-01
2572,714,14,Advanced,2016-01-01
2573,715,16,Expert,1992-01-01
2574,715,17,Expert,1992-01-01
2575,715,26,Expert,1992-01-01
2576,716,13,Intermediate,2018-01-01
2577,716,17,Intermediate,2018-01-01
2578,716,34,Intermediate,2018-01-01
2579,717,16,Expert,2003-01-01
2580,717,17,Expert,2003-01-01
2581,717,26,Expert,2003-01-01
2582,718,15,Intermediate,2020-01-01
2583,718,23,Intermediate,2020-01-01
2584,718,14,Intermediate,2020-01-01
2585,719,15,Advanced,2015-01-01
2586,719,23,Advanced,2015-01-01
2587,719,14,Advanced,2015-01-01
2588,720,34,Advanced,2015-01-01
2589,720,28,Advanced,2015-01-01
2590,720,24,Advanced,2015-01-01
2591,720,17,Advanced,2015-01-01
2592,721,14,Advanced,2017-01-01
2593,721,15,Advanced,2017-01-01
2594,721,12,Advanced,2017-01-01
2595,721,23,Advanced,2017-01-01
2596,722,33,Expert,2002-01-01
2597,722,35,Expert,2002-01-01
2598,722,8,Expert,2002-01-01
2599,722,27,Expert,2002-01-01
2600,723,14,Intermediate,2021-01-01
2601,723,15,Intermediate,2021-01-01
2602,723,12,Intermediate,2021-01-01
2603,723,23,Intermediate,2021-01-01
2604,724,33,Expert,2011-01-01
2605,724,35,Expert,2011-01-01
2606,724,8,Expert,2011-01-01
2607,724,27,Expert,2011-01-01
2608,725,33,Intermediate,2019-01-01
2609,725,35,Intermediate,2019-01-01
2610,725,8,Intermediate,2019-01-01
2611,725,27,Intermediate,2019-01-01
2612,726,15,Intermediate,2019-01-01
2613,726,23,Intermediate,2019-01-01
2614,726,14,Intermediate,2019-01-01
2615,727,33,Intermediate,2020-01-01
2616,727,35,Intermediate,2020-01-01
2617,727,8,Intermediate,2020-01-01
2618,727,27,Intermediate,2020-01-01
2619,728,14,Beginner,2024-01-01
2620,728,15,Beginner,2024-01-01
2621,728,12,Beginner,2024-01-01
2622,728,23,Beginner,2024-01-01
2623,729,33,Expert,2002-01-01
2624,729,35,Expert,2002-01-01
2625,729,8,Expert,2002-01-01
2626,729,27,Expert,2002-01-01
2627,730,13,Expert,2008-01-01
2628,730,17,Expert,2008-01-01
2629,730,34,Expert,2008-01-01
2630,731,16,Advanced,2015-01-01
2631,731,17,Advanced,2015-01-01
2632,731,26,Advanced,2015-01-01
2633,732,14,Beginner,2023-01-01
2634,732,15,Beginner,2023-01-01
2635,732,12,Beginner,2023-01-01
2636,732,23,Beginner,2023-01-01
2637,733,15,Intermediate,2020-01-01
2638,733,23,Intermediate,2020-01-01
2639,733,14,Intermediate,2020-01-01
2640,734,33,Advanced,2016-01-01
2641,734,35,Advanced,2016-01-01
2642,734,8,Advanced,2016-01-01
2643,734,27,Advanced,2016-01-01
2644,735,15,Intermediate,2020-01-01
2645,735,23,Intermediate,2020-01-01
2646,735,14,Intermediate,2020-01-01
2647,736,13,Expert,2005-01-01
2648,736,17,Expert,2005-01-01
2649,736,34,Expert,2005-01-01
2650,737,13,Expert,1997-01-01
2651,737,17,Expert,1997-01-01
2652,737,34,Expert,1997-01-01
2653,738,33,Advanced,2016-01-01
2654,738,35,Advanced,2016-01-01
2655,738,8,Advanced,2016-01-01
2656,738,27,Advanced,2016-01-01
2657,739,33,Expert,2003-01-01
2658,739,35,Expert,2003-01-01
2659,739,8,Expert,2003-01-01
2660,739,27,Expert,2003-01-01
2661,740,33,Intermediate,2020-01-01
2662,740,35,Intermediate,2020-01-01
2663,740,8,Intermediate,2020-01-01
2664,740,27,Intermediate,2020-01-01
2665,741,15,Intermediate,2021-01-01
2666,741,23,Intermediate,2021-01-01
2667,741,14,Intermediate,2021-01-01
2668,742,35,Expert,2003-01-01
2669,742,18,Expert,2003-01-01
2670,742,8,Expert,2003-01-01
2671,742,32,Expert,2003-01-01
2672,743,15,Advanced,2016-01-01
2673,743,23,Advanced,2016-01-01
2674,743,14,Advanced,2016-01-01
2675,744,33,Expert,1994-01-01
2676,744,35,Expert,1994-01-01
2677,744,8,Expert,1994-01-01
2678,744,27,Expert,1994-01-01
2679,745,13,Expert,2009-01-01
2680,745,17,Expert,2009-01-01
2681,745,34,Expert,2009-01-01
2682,746,13,Expert,2007-01-01
2683,746,17,Expert,2007-01-01
2684,746,34,Expert,2007-01-01
2685,747,16,Expert,2003-01-01
2686,747,17,Expert,2003-01-01
2687,747,26,Expert,2003-01-01
2688,748,34,Expert,2005-01-01
2689,748,28,Expert,2005-01-01
2690,748,24,Expert,2005-01-01
2691,748,17,Expert,2005-01-01
2692,749,34,Advanced,2017-01-01
2693,749,28,Advanced,2017-01-01
2694,749,24,Advanced,2017-01-01
2695,749,17,Advanced,2017-01-01
2696,750,35,Expert,1991-01-01
2697,750,18,Expert,1991-01-01
2698,750,8,Expert,1991-01-01
2699,750,32,Expert,1991-01-01
2700,751,34,Expert,2001-01-01
2701,751,28,Expert,2001-01-01
2702,751,24,Expert,2001-01-01
2703,751,17,Expert,2001-01-01
2704,752,34,Expert,2005-01-01
2705,752,28,Expert,2005-01-01
2706,752,24,Expert,2005-01-01
2707,752,17,Expert,2005-01-01
2708,753,15,Expert,2006-01-01
2709,753,23,Expert,2006-01-01
2710,753,14,Expert,2006-01-01
2711,754,33,Expert,2003-01-01
2712,754,35,Expert,2003-01-01
2713,754,8,Expert,2003-01-01
2714,754,27,Expert,2003-01-01
2715,755,34,Intermediate,2021-01-01
2716,755,17,Intermediate,2021-01-01
2717,755,24,Intermediate,2021-01-01
2718,756,35,Expert,1998-01-01
2719,756,18,Expert,1998-01-01
2720,756,8,Expert,1998-01-01
2721,756,32,Expert,1998-01-01
2722,757,15,Advanced,2014-01-01
2723,757,23,Advanced,2014-01-01
2724,757,14,Advanced,2014-01-01
2725,758,34,Expert,2008-01-01
2726,758,28,Expert,2008-01-01
2727,758,24,Expert,2008-01-01
2728,758,17,Expert,2008-01-01
2729,759,35,Expert,2010-01-01
2730,759,18,Expert,2010-01-01
2731,759,8,Expert,2010-01-01
2732,759,32,Expert,2010-01-01
2733,760,32,Intermediate,2018-01-01
2734,760,26,Intermediate,2018-01-01
2735,760,7,Intermediate,2018-01-01
2736,761,34,Expert,1994-01-01
2737,761,28,Expert,1994-01-01
2738,761,24,Expert,1994-01-01
2739,761,17,Expert,1994-01-01
2740,762,15,Advanced,2015-01-01
2741,762,23,Advanced,2015-01-01
2742,762,14,Advanced,2015-01-01
2743,763,14,Intermediate,2018-01-01
2744,763,15,Intermediate,2018-01-01
2745,763,12,Intermediate,2018-01-01
2746,763,23,Intermediate,2018-01-01
2747,764,34,Beginner,2023-01-01
2748,764,17,Beginner,2023-01-01
2749,764,24,Beginner,2023-01-01
2750,765,34,Beginner,2023-01-01
2751,765,17,Beginner,2023-01-01
2752,765,24,Beginner,2023-01-01
2753,766,14,Advanced,2016-01-01
2754,766,15,Advanced,2016-01-01
2755,766,12,Advanced,2016-01-01
2756,766,23,Advanced,2016-01-01
2757,767,16,Expert,1995-01-01
2758,767,17,Expert,1995-01-01
2759,767,26,Expert,1995-01-01
2760,768,13,Advanced,2016-01-01
2761,768,17,Advanced,2016-01-01
2762,768,34,Advanced,2016-01-01
2763,769,34,Advanced,2016-01-01
2764,769,28,Advanced,2016-01-01
2765,769,24,Advanced,2016-01-01
2766,769,17,Advanced,2016-01-01
2767,770,14,Intermediate,2019-01-01
2768,770,15,Intermediate,2019-01-01
2769,770,12,Intermediate,2019-01-01
2770,770,23,Intermediate,2019-01-01
2771,771,16,Expert,2001-01-01
2772,771,17,Expert,2001-01-01
2773,771,26,Expert,2001-01-01
2774,772,34,Expert,2011-01-01
2775,772,28,Expert,2011-01-01
2776,772,24,Expert,2011-01-01
2777,772,17,Expert,2011-01-01
2778,773,14,Expert,2006-01-01
2779,773,15,Expert,2006-01-01
2780,773,12,Expert,2006-01-01
2781,773,23,Expert,2006-01-01
2782,774,33,Expert,2009-01-01
2783,774,35,Expert,2009-01-01
2784,774,8,Expert,2009-01-01
2785,774,27,Expert,2009-01-01
2786,775,35,Expert,1993-01-01
2787,775,18,Expert,1993-01-01
2788,775,8,Expert,1993-01-01
2789,775,32,Expert,1993-01-01
2790,776,34,Expert,2006-01-01
2791,776,28,Expert,2006-01-01
2792,776,24,Expert,2006-01-01
2793,776,17,Expert,2006-01-01
2794,777,34,Beginner,2022-01-01
2795,777,17,Beginner,2022-01-01
2796,777,24,Beginner,2022-01-01
2797,778,15,Beginner,2023-01-01
2798,778,23,Beginner,2023-01-01
2799,778,14,Beginner,2023-01-01
2800,779,14,Expert,2005-01-01
2801,779,15,Expert,2005-01-01
2802,779,12,Expert,2005-01-01
2803,779,23,Expert,2005-01-01
2804,780,14,Expert,2006-01-01
2805,780,15,Expert,2006-01-01
2806,780,12,Expert,2006-01-01
2807,780,23,Expert,2006-01-01
2808,781,13,Advanced,2014-01-01
2809,781,17,Advanced,2014-01-01
2810,781,34,Advanced,2014-01-01
2811,782,15,Intermediate,2018-01-01
2812,782,23,Intermediate,2018-01-01
2813,782,14,Intermediate,2018-01-01
2814,783,33,Advanced,2017-01-01
2815,783,35,Advanced,2017-01-01
2816,783,8,Advanced,2017-01-01
2817,783,27,Advanced,2017-01-01
2818,784,14,Advanced,2014-01-01
2819,784,15,Advanced,2014-01-01
2820,784,12,Advanced,2014-01-01
2821,784,23,Advanced,2014-01-01
2822,785,13,Expert,2004-01-01
2823,785,17,Expert,2004-01-01
2824,785,34,Expert,2004-01-01
2825,786,13,Expert,2010-01-01
2826,786,17,Expert,2010-01-01
2827,786,34,Expert,2010-01-01
2828,787,15,Intermediate,2021-01-01
2829,787,23,Intermediate,2021-01-01
2830,787,14,Intermediate,2021-01-01
2831,788,33,Expert,2001-01-01
2832,788,35,Expert,2001-01-01
2833,788,8,Expert,2001-01-01
2834,788,27,Expert,2001-01-01
2835,789,14,Advanced,2014-01-01
2836,789,15,Advanced,2014-01-01
2837,789,12,Advanced,2014-01-01
2838,789,23,Advanced,2014-01-01
2839,790,32,Expert,2000-01-01
2840,790,26,Expert,2000-01-01
2841,790,7,Expert,2000-01-01
2842,791,13,Advanced,2015-01-01
2843,791,17,Advanced,2015-01-01
2844,791,34,Advanced,2015-01-01
2845,792,34,Advanced,2015-01-01
2846,792,28,Advanced,2015-01-01
2847,792,24,Advanced,2015-01-01
2848,792,17,Advanced,2015-01-01
2849,793,14,Expert,2010-01-01
2850,793,15,Expert,2010-01-01
2851,793,12,Expert,2010-01-01
2852,793,23,Expert,2010-01-01
2853,794,15,Intermediate,2020-01-01
2854,794,23,Intermediate,2020-01-01
2855,794,14,Intermediate,2020-01-01
2856,795,13,Advanced,2017-01-01
2857,795,17,Advanced,2017-01-01
2858,795,34,Advanced,2017-01-01
2859,796,34,Advanced,2016-01-01
2860,796,28,Advanced,2016-01-01
2861,796,24,Advanced,2016-01-01
2862,796,17,Advanced,2016-01-01
2863,797,15,Advanced,2017-01-01
2864,797,23,Advanced,2017-01-01
2865,797,14,Advanced,2017-01-01
2866,798,15,Beginner,2023-01-01
2867,798,23,Beginner,2023-01-01
2868,798,14,Beginner,2023-01-01
2869,799,14,Intermediate,2019-01-01
2870,799,15,Intermediate,2019-01-01
2871,799,12,Intermediate,2019-01-01
2872,799,23,Intermediate,2019-01-01
2873,800,35,Expert,2001-01-01
2874,800,18,Expert,2001-01-01
2875,800,8,Expert,2001-01-01
2876,800,32,Expert,2001-01-01
2877,801,15,Beginner,2023-01-01
2878,801,23,Beginner,2023-01-01
2879,801,14,Beginner,2023-01-01
2880,802,34,Intermediate,2019-01-01
2881,802,28,Intermediate,2019-01-01
2882,802,24,Intermediate,2019-01-01
2883,802,17,Intermediate,2019-01-01
2884,803,34,Intermediate,2020-01-01
2885,803,28,Intermediate,2020-01-01
2886,803,24,Intermediate,2020-01-01
2887,803,17,Intermediate,2020-01-01
2888,804,14,Intermediate,2018-01-01
2889,804,15,Intermediate,2018-01-01
2890,804,12,Intermediate,2018-01-01
2891,804,23,Intermediate,2018-01-01
2892,805,35,Expert,1997-01-01
2893,805,18,Expert,1997-01-01
2894,805,8,Expert,1997-01-01
2895,805,32,Expert,1997-01-01
2896,806,34,Expert,2009-01-01
2897,806,28,Expert,2009-01-01
2898,806,24,Expert,2009-01-01
2899,806,17,Expert,2009-01-01
2900,807,13,Expert,2006-01-01
2901,807,17,Expert,2006-01-01
2902,807,34,Expert,2006-01-01
2903,808,34,Advanced,2015-01-01
2904,808,28,Advanced,2015-01-01
2905,808,24,Advanced,2015-01-01
2906,808,17,Advanced,2015-01-01
2907,809,14,Advanced,2013-01-01
2908,809,15,Advanced,2013-01-01
2909,809,12,Advanced,2013-01-01
2910,809,23,Advanced,2013-01-01
2911,810,33,Advanced,2014-01-01
2912,810,35,Advanced,2014-01-01
2913,810,8,Advanced,2014-01-01
2914,810,27,Advanced,2014-01-01
2915,811,35,Expert,2001-01-01
2916,811,18,Expert,2001-01-01
2917,811,8,Expert,2001-01-01
2918,811,32,Expert,2001-01-01
2919,812,34,Advanced,2014-01-01
2920,812,28,Advanced,2014-01-01
2921,812,24,Advanced,2014-01-01
2922,812,17,Advanced,2014-01-01
2923,813,33,Expert,2006-01-01
2924,813,35,Expert,2006-01-01
2925,813,8,Expert,2006-01-01
2926,813,27,Expert,2006-01-01
2927,814,13,Expert,2003-01-01
2928,814,17,Expert,2003-01-01
2929,814,34,Expert,2003-01-01
2930,815,16,Expert,2003-01-01
2931,815,17,Expert,2003-01-01
2932,815,26,Expert,2003-01-01
2933,816,14,Beginner,2022-01-01
2934,816,15,Beginner,2022-01-01
2935,816,12,Beginner,2022-01-01
2936,816,23,Beginner,2022-01-01
2937,817,15,Advanced,2015-01-01
2938,817,23,Advanced,2015-01-01
2939,817,14,Advanced,2015-01-01
2940,818,33,Expert,2006-01-01
2941,818,35,Expert,2006-01-01
2942,818,8,Expert,2006-01-01
2943,818,27,Expert,2006-01-01
2944,819,34,Intermediate,2021-01-01
2945,819,17,Intermediate,2021-01-01
2946,819,24,Intermediate,2021-01-01
2947,820,14,Intermediate,2018-01-01
2948,820,15,Intermediate,2018-01-01
2949,820,12,Intermediate,2018-01-01
2950,820,23,Intermediate,2018-01-01
2951,821,34,Intermediate,2019-01-01
2952,821,28,Intermediate,2019-01-01
2953,821,24,Intermediate,2019-01-01
2954,821,17,Intermediate,2019-01-01
2955,822,34,Expert,2002-01-01
2956,822,28,Expert,2002-01-01
2957,822,24,Expert,2002-01-01
2958,822,17,Expert,2002-01-01
2959,823,33,Intermediate,2019-01-01
2960,823,35,Intermediate,2019-01-01
2961,823,8,Intermediate,2019-01-01
2962,823,27,Intermediate,2019-01-01
2963,824,14,Advanced,2016-01-01
2964,824,15,Advanced,2016-01-01
2965,824,12,Advanced,2016-01-01
2966,824,23,Advanced,2016-01-01
2967,825,15,Expert,2008-01-01
2968,825,23,Expert,2008-01-01
2969,825,14,Expert,2008-01-01
2970,826,33,Advanced,2014-01-01
2971,826,35,Advanced,2014-01-01
2972,826,8,Advanced,2014-01-01
2973,826,27,Advanced,2014-01-01
2974,827,32,Advanced,2017-01-01
2975,827,26,Advanced,2017-01-01
2976,827,7,Advanced,2017-01-01
2977,828,14,Intermediate,2021-01-01
2978,828,15,Intermediate,2021-01-01
2979,828,12,Intermediate,2021-01-01
2980,828,23,Intermediate,2021-01-01
2981,829,15,Beginner,2024-01-01
2982,829,23,Beginner,2024-01-01
2983,829,14,Beginner,2024-01-01
2984,830,34,Intermediate,2018-01-01
2985,830,28,Intermediate,2018-01-01
2986,830,24,Intermediate,2018-01-01
2987,830,17,Intermediate,2018-01-01
2988,831,15,Intermediate,2018-01-01
2989,831,23,Intermediate,2018-01-01
2990,831,14,Intermediate,2018-01-01
2991,832,15,Beginner,2022-01-01
2992,832,23,Beginner,2022-01-01
2993,832,14,Beginner,2022-01-01
2994,833,13,Advanced,2015-01-01
2995,833,17,Advanced,2015-01-01
2996,833,34,Advanced,2015-01-01
2997,834,14,Intermediate,2020-01-01
2998,834,15,Intermediate,2020-01-01
2999,834,12,Intermediate,2020-01-01
3000,834,23,Intermediate,2020-01-01
3001,835,34,Intermediate,2018-01-01
3002,835,28,Intermediate,2018-01-01
3003,835,24,Intermediate,2018-01-01
3004,835,17,Intermediate,2018-01-01
3005,836,32,Intermediate,2018-01-01
3006,836,26,Intermediate,2018-01-01
3007,836,7,Intermediate,2018-01-01
3008,837,34,Advanced,2013-01-01
3009,837,28,Advanced,2013-01-01
3010,837,24,Advanced,2013-01-01
3011,837,17,Advanced,2013-01-01
3012,838,16,Expert,2004-01-01
3013,838,17,Expert,2004-01-01
3014,838,26,Expert,2004-01-01
3015,839,34,Expert,2002-01-01
3016,839,28,Expert,2002-01-01
3017,839,24,Expert,2002-01-01
3018,839,17,Expert,2002-01-01
3019,840,34,Advanced,2015-01-01
3020,840,28,Advanced,2015-01-01
3021,840,24,Advanced,2015-01-01
3022,840,17,Advanced,2015-01-01
3023,841,15,Advanced,2014-01-01
3024,841,23,Advanced,2014-01-01
3025,841,14,Advanced,2014-01-01
3026,842,15,Intermediate,2018-01-01
3027,842,23,Intermediate,2018-01-01
3028,842,14,Intermediate,2018-01-01
3029,843,15,Beginner,2023-01-01
3030,843,23,Beginner,2023-01-01
3031,843,14,Beginner,2023-01-01
3032,844,15,Advanced,2016-01-01
3033,844,23,Advanced,2016-01-01
3034,844,14,Advanced,2016-01-01
3035,845,34,Advanced,2014-01-01
3036,845,28,Advanced,2014-01-01
3037,845,24,Advanced,2014-01-01
3038,845,17,Advanced,2014-01-01
3039,846,14,Expert,2008-01-01
3040,846,15,Expert,2008-01-01
3041,846,12,Expert,2008-01-01
3042,846,23,Expert,2008-01-01
3043,847,33,Expert,2009-01-01
3044,847,35,Expert,2009-01-01
3045,847,8,Expert,2009-01-01
3046,847,27,Expert,2009-01-01
3047,848,13,Expert,2010-01-01
3048,848,17,Expert,2010-01-01
3049,848,34,Expert,2010-01-01
3050,849,15,Beginner,2022-01-01
3051,849,23,Beginner,2022-01-01
3052,849,14,Beginner,2022-01-01
3053,850,34,Advanced,2017-01-01
3054,850,28,Advanced,2017-01-01
3055,850,24,Advanced,2017-01-01
3056,850,17,Advanced,2017-01-01
3057,851,34,Beginner,2023-01-01
3058,851,17,Beginner,2023-01-01
3059,851,24,Beginner,2023-01-01
3060,852,35,Expert,1996-01-01
3061,852,18,Expert,1996-01-01
3062,852,8,Expert,1996-01-01
3063,852,32,Expert,1996-01-01
3064,853,15,Advanced,2014-01-01
3065,853,23,Advanced,2014-01-01
3066,853,14,Advanced,2014-01-01
3067,854,14,Beginner,2023-01-01
3068,854,15,Beginner,2023-01-01
3069,854,12,Beginner,2023-01-01
3070,854,23,Beginner,2023-01-01
3071,855,14,Advanced,2017-01-01
3072,855,15,Advanced,2017-01-01
3073,855,12,Advanced,2017-01-01
3074,855,23,Advanced,2017-01-01
3075,856,33,Expert,2010-01-01
3076,856,35,Expert,2010-01-01
3077,856,8,Expert,2010-01-01
3078,856,27,Expert,2010-01-01
3079,857,15,Beginner,2022-01-01
3080,857,23,Beginner,2022-01-01
3081,857,14,Beginner,2022-01-01
3082,858,14,Intermediate,2018-01-01
3083,858,15,Intermediate,2018-01-01
3084,858,12,Intermediate,2018-01-01
3085,858,23,Intermediate,2018-01-01
3086,859,35,Expert,1998-01-01
3087,859,18,Expert,1998-01-01
3088,859,8,Expert,1998-01-01
3089,859,32,Expert,1998-01-01
3090,860,14,Intermediate,2018-01-01
3091,860,15,Intermediate,2018-01-01
3092,860,12,Intermediate,2018-01-01
3093,860,23,Intermediate,2018-01-01
3094,861,14,Beginner,2023-01-01
3095,861,15,Beginner,2023-01-01
3096,861,12,Beginner,2023-01-01
3097,861,23,Beginner,2023-01-01
3098,862,35,Expert,1996-01-01
3099,862,18,Expert,1996-01-01
3100,862,8,Expert,1996-01-01
3101,862,32,Expert,1996-01-01
3102,863,14,Intermediate,2018-01-01
3103,863,15,Intermediate,2018-01-01
3104,863,12,Intermediate,2018-01-01
3105,863,23,Intermediate,2018-01-01
3106,864,32,Intermediate,2019-01-01
3107,864,26,Intermediate,2019-01-01
3108,864,7,Intermediate,2019-01-01
3109,865,14,Intermediate,2019-01-01
3110,865,15,Intermediate,2019-01-01
3111,865,12,Intermediate,2019-01-01
3112,865,23,Intermediate,2019-01-01
3113,866,34,Advanced,2016-01-01
3114,866,28,Advanced,2016-01-01
3115,866,24,Advanced,2016-01-01
3116,866,17,Advanced,2016-01-01
3117,867,34,Intermediate,2019-01-01
3118,867,28,Intermediate,2019-01-01
3119,867,24,Intermediate,2019-01-01
3120,867,17,Intermediate,2019-01-01
3121,868,35,Expert,1992-01-01
3122,868,18,Expert,1992-01-01
3123,868,8,Expert,1992-01-01
3124,868,32,Expert,1992-01-01
3125,869,15,Intermediate,2018-01-01
3126,869,23,Intermediate,2018-01-01
3127,869,14,Intermediate,2018-01-01
3128,870,16,Expert,1999-01-01
3129,870,17,Expert,1999-01-01
3130,870,26,Expert,1999-01-01
3131,871,34,Expert,2009-01-01
3132,871,28,Expert,2009-01-01
3133,871,24,Expert,2009-01-01
3134,871,17,Expert,2009-01-01
3135,872,15,Beginner,2023-01-01
3136,872,23,Beginner,2023-01-01
3137,872,14,Beginner,2023-01-01
3138,873,34,Advanced,2014-01-01
3139,873,28,Advanced,2014-01-01
3140,873,24,Advanced,2014-01-01
3141,873,17,Advanced,2014-01-01
3142,874,15,Advanced,2017-01-01
3143,874,23,Advanced,2017-01-01
3144,874,14,Advanced,2017-01-01
3145,875,15,Advanced,2014-01-01
3146,875,23,Advanced,2014-01-01
3147,875,14,Advanced,2014-01-01
3148,876,14,Expert,2004-01-01
3149,876,15,Expert,2004-01-01
3150,876,12,Expert,2004-01-01
3151,876,23,Expert,2004-01-01
3152,877,34,Beginner,2022-01-01
3153,877,17,Beginner,2022-01-01
3154,877,24,Beginner,2022-01-01
3155,878,33,Advanced,2012-01-01
3156,878,35,Advanced,2012-01-01
3157,878,8,Advanced,2012-01-01
3158,878,27,Advanced,2012-01-01
3159,879,32,Advanced,2014-01-01
3160,879,26,Advanced,2014-01-01
3161,879,7,Advanced,2014-01-01
3162,880,34,Advanced,2012-01-01
3163,880,28,Advanced,2012-01-01
3164,880,24,Advanced,2012-01-01
3165,880,17,Advanced,2012-01-01
3166,881,15,Beginner,2022-01-01
3167,881,23,Beginner,2022-01-01
3168,881,14,Beginner,2022-01-01
3169,882,14,Advanced,2014-01-01
3170,882,15,Advanced,2014-01-01
3171,882,12,Advanced,2014-01-01
3172,882,23,Advanced,2014-01-01
3173,883,33,Expert,2007-01-01
3174,883,35,Expert,2007-01-01
3175,883,8,Expert,2007-01-01
3176,883,27,Expert,2007-01-01
3177,884,14,Expert,2009-01-01
3178,884,15,Expert,2009-01-01
3179,884,12,Expert,2009-01-01
3180,884,23,Expert,2009-01-01
3181,885,34,Advanced,2017-01-01
3182,885,28,Advanced,2017-01-01
3183,885,24,Advanced,2017-01-01
3184,885,17,Advanced,2017-01-01
3185,886,34,Intermediate,2019-01-01
3186,886,28,Intermediate,2019-01-01
3187,886,24,Intermediate,2019-01-01
3188,886,17,Intermediate,2019-01-01
3189,887,14,Advanced,2012-01-01
3190,887,15,Advanced,2012-01-01
3191,887,12,Advanced,2012-01-01
3192,887,23,Advanced,2012-01-01
3193,888,16,Expert,2004-01-01
3194,888,17,Expert,2004-01-01
3195,888,26,Expert,2004-01-01
3196,889,34,Expert,2008-01-01
3197,889,28,Expert,2008-01-01
3198,889,24,Expert,2008-01-01
3199,889,17,Expert,2008-01-01
3200,890,14,Advanced,2015-01-01
3201,890,15,Advanced,2015-01-01
3202,890,12,Advanced,2015-01-01
3203,890,23,Advanced,2015-01-01
3204,891,33,Expert,1991-01-01
3205,891,35,Expert,1991-01-01
3206,891,8,Expert,1991-01-01
3207,891,27,Expert,1991-01-01
3208,892,14,Advanced,2014-01-01
3209,892,15,Advanced,2014-01-01
3210,892,12,Advanced,2014-01-01
3211,892,23,Advanced,2014-01-01
3212,893,14,Beginner,2023-01-01
3213,893,15,Beginner,2023-01-01
3214,893,12,Beginner,2023-01-01
3215,893,23,Beginner,2023-01-01
3216,894,14,Intermediate,2021-01-01
3217,894,15,Intermediate,2021-01-01
3218,894,12,Intermediate,2021-01-01
3219,894,23,Intermediate,2021-01-01
3220,895,16,Expert,1988-01-01
3221,895,17,Expert,1988-01-01
3222,895,26,Expert,1988-01-01
3223,896,13,Intermediate,2018-01-01
3224,896,17,Intermediate,2018-01-01
3225,896,34,Intermediate,2018-01-01
3226,897,13,Advanced,2014-01-01
3227,897,17,Advanced,2014-01-01
3228,897,34,Advanced,2014-01-01
3229,898,34,Expert,2011-01-01
3230,898,28,Expert,2011-01-01
3231,898,24,Expert,2011-01-01
3232,898,17,Expert,2011-01-01
3233,899,16,Expert,1999-01-01
3234,899,17,Expert,1999-01-01
3235,899,26,Expert,1999-01-01
3236,900,35,Expert,2001-01-01
3237,900,18,Expert,2001-01-01
3238,900,8,Expert,2001-01-01
3239,900,32,Expert,2001-01-01
3240,901,14,Advanced,2012-01-01
3241,901,15,Advanced,2012-01-01
3242,901,12,Advanced,2012-01-01
3243,901,23,Advanced,2012-01-01
3244,902,15,Advanced,2017-01-01
3245,902,23,Advanced,2017-01-01
3246,902,14,Advanced,2017-01-01
3247,903,14,Intermediate,2019-01-01
3248,903,15,Intermediate,2019-01-01
3249,903,12,Intermediate,2019-01-01
3250,903,23,Intermediate,2019-01-01
3251,904,13,Intermediate,2018-01-01
3252,904,17,Intermediate,2018-01-01
3253,904,34,Intermediate,2018-01-01
3254,905,16,Expert,1999-01-01
3255,905,17,Expert,1999-01-01
3256,905,26,Expert,1999-01-01
3257,906,16,Advanced,2015-01-01
3258,906,17,Advanced,2015-01-01
3259,906,26,Advanced,2015-01-01
3260,907,14,Beginner,2022-01-01
3261,907,15,Beginner,2022-01-01
3262,907,12,Beginner,2022-01-01
3263,907,23,Beginner,2022-01-01
3264,908,35,Expert,1998-01-01
3265,908,18,Expert,1998-01-01
3266,908,8,Expert,1998-01-01
3267,908,32,Expert,1998-01-01
3268,909,34,Advanced,2014-01-01
3269,909,28,Advanced,2014-01-01
3270,909,24,Advanced,2014-01-01
3271,909,17,Advanced,2014-01-01
3272,910,14,Beginner,2023-01-01
3273,910,15,Beginner,2023-01-01
3274,910,12,Beginner,2023-01-01
3275,910,23,Beginner,2023-01-01
3276,911,14,Beginner,2023-01-01
3277,911,15,Beginner,2023-01-01
3278,911,12,Beginner,2023-01-01
3279,911,23,Beginner,2023-01-01
3280,912,34,Beginner,2023-01-01
3281,912,17,Beginner,2023-01-01
3282,912,24,Beginner,2023-01-01
3283,913,14,Advanced,2016-01-01
3284,913,15,Advanced,2016-01-01
3285,913,12,Advanced,2016-01-01
3286,913,23,Advanced,2016-01-01
3287,914,35,Expert,1998-01-01
3288,914,18,Expert,1998-01-01
3289,914,8,Expert,1998-01-01
3290,914,32,Expert,1998-01-01
3291,915,13,Expert,1990-01-01
3292,915,17,Expert,1990-01-01
3293,915,34,Expert,1990-01-01
3294,916,15,Beginner,2022-01-01
3295,916,23,Beginner,2022-01-01
3296,916,14,Beginner,2022-01-01
3297,917,35,Expert,1998-01-01
3298,917,18,Expert,1998-01-01
3299,917,8,Expert,1998-01-01
3300,917,32,Expert,1998-01-01
3301,918,34,Intermediate,2020-01-01
3302,918,28,Intermediate,2020-01-01
3303,918,24,Intermediate,2020-01-01
3304,918,17,Intermediate,2020-01-01
3305,919,35,Expert,1993-01-01
3306,919,18,Expert,1993-01-01
3307,919,8,Expert,1993-01-01
3308,919,32,Expert,1993-01-01
3309,920,33,Expert,1999-01-01
3310,920,35,Expert,1999-01-01
3311,920,8,Expert,1999-01-01
3312,920,27,Expert,1999-01-01
3313,921,15,Expert,2009-01-01
3314,921,23,Expert,2009-01-01
3315,921,14,Expert,2009-01-01
3316,922,15,Intermediate,2019-01-01
3317,922,23,Intermediate,2019-01-01
3318,922,14,Intermediate,2019-01-01
3319,923,35,Expert,1998-01-01
3320,923,18,Expert,1998-01-01
3321,923,8,Expert,1998-01-01
3322,923,32,Expert,1998-01-01
3323,924,32,Expert,2010-01-01
3324,924,26,Expert,2010-01-01
3325,924,7,Expert,2010-01-01
3326,925,14,Intermediate,2020-01-01
3327,925,15,Intermediate,2020-01-01
3328,925,12,Intermediate,2020-01-01
3329,925,23,Intermediate,2020-01-01
3330,926,14,Expert,2006-01-01
3331,926,15,Expert,2006-01-01
3332,926,12,Expert,2006-01-01
3333,926,23,Expert,2006-01-01
3334,927,34,Expert,2001-01-01
3335,927,28,Expert,2001-01-01
3336,927,24,Expert,2001-01-01
3337,927,17,Expert,2001-01-01
3338,928,33,Expert,2006-01-01
3339,928,35,Expert,2006-01-01
3340,928,8,Expert,2006-01-01
3341,928,27,Expert,2006-01-01
3342,929,13,Advanced,2014-01-01
3343,929,17,Advanced,2014-01-01
3344,929,34,Advanced,2014-01-01
3345,930,15,Beginner,2022-01-01
3346,930,23,Beginner,2022-01-01
3347,930,14,Beginner,2022-01-01
3348,931,15,Advanced,2016-01-01
3349,931,23,Advanced,2016-01-01
3350,931,14,Advanced,2016-01-01
3351,932,33,Advanced,2014-01-01
3352,932,35,Advanced,2014-01-01
3353,932,8,Advanced,2014-01-01
3354,932,27,Advanced,2014-01-01
3355,933,15,Advanced,2014-01-01
3356,933,23,Advanced,2014-01-01
3357,933,14,Advanced,2014-01-01
3358,934,14,Intermediate,2019-01-01
3359,934,15,Intermediate,2019-01-01
3360,934,12,Intermediate,2019-01-01
3361,934,23,Intermediate,2019-01-01
3362,935,14,Beginner,2022-01-01
3363,935,15,Beginner,2022-01-01
3364,935,12,Beginner,2022-01-01
3365,935,23,Beginner,2022-01-01
3366,936,34,Advanced,2014-01-01
3367,936,28,Advanced,2014-01-01
3368,936,24,Advanced,2014-01-01
3369,936,17,Advanced,2014-01-01
3370,937,35,Expert,2002-01-01
3371,937,18,Expert,2002-01-01
3372,937,8,Expert,2002-01-01
3373,937,32,Expert,2002-01-01
3374,938,35,Expert,2003-01-01
3375,938,18,Expert,2003-01-01
3376,938,8,Expert,2003-01-01
3377,938,32,Expert,2003-01-01
3378,939,14,Beginner,2022-01-01
3379,939,15,Beginner,2022-01-01
3380,939,12,Beginner,2022-01-01
3381,939,23,Beginner,2022-01-01
3382,940,15,Advanced,2014-01-01
3383,940,23,Advanced,2014-01-01
3384,940,14,Advanced,2014-01-01
3385,941,14,Intermediate,2018-01-01
3386,941,15,Intermediate,2018-01-01
3387,941,12,Intermediate,2018-01-01
3388,941,23,Intermediate,2018-01-01
3389,942,15,Advanced,2014-01-01
3390,942,23,Advanced,2014-01-01
3391,942,14,Advanced,2014-01-01
3392,943,13,Advanced,2014-01-01
3393,943,17,Advanced,2014-01-01
3394,943,34,Advanced,2014-01-01
3395,944,32,Advanced,2014-01-01
3396,944,26,Advanced,2014-01-01
3397,944,7,Advanced,2014-01-01
3398,945,15,Advanced,2014-01-01
3399,945,23,Advanced,2014-01-01
3400,945,14,Advanced,2014-01-01
3401,946,16,Expert,1999-01-01
3402,946,17,Expert,1999-01-01
3403,946,26,Expert,1999-01-01
3404,947,34,Advanced,2015-01-01
3405,947,28,Advanced,2015-01-01
3406,947,24,Advanced,2015-01-01
3407,947,17,Advanced,2015-01-01
3408,948,34,Advanced,2014-01-01
3409,948,28,Advanced,2014-01-01
3410,948,24,Advanced,2014-01-01
3411,948,17,Advanced,2014-01-01
3412,949,35,Advanced,2015-01-01
3413,949,18,Advanced,2015-01-01
3414,949,8,Advanced,2015-01-01
3415,949,32,Advanced,2015-01-01
3416,950,33,Advanced,2015-01-01
3417,950,35,Advanced,2015-01-01
3418,950,8,Advanced,2015-01-01
3419,950,27,Advanced,2015-01-01
3420,951,34,Advanced,2014-01-01
3421,951,28,Advanced,2014-01-01
3422,951,24,Advanced,2014-01-01
3423,951,17,Advanced,2014-01-01
3424,952,34,Expert,2005-01-01
3425,952,28,Expert,2005-01-01
3426,952,24,Expert,2005-01-01
3427,952,17,Expert,2005-01-01
3428,953,34,Intermediate,2021-01-01
3429,953,17,Intermediate,2021-01-01
3430,953,24,Intermediate,2021-01-01
3431,954,15,Advanced,2014-01-01
3432,954,23,Advanced,2014-01-01
3433,954,14,Advanced,2014-01-01
3434,955,35,Expert,2003-01-01
3435,955,18,Expert,2003-01-01
3436,955,8,Expert,2003-01-01
3437,955,32,Expert,2003-01-01
3438,956,35,Expert,2001-01-01
3439,956,18,Expert,2001-01-01
3440,956,8,Expert,2001-01-01
3441,956,32,Expert,2001-01-01
3442,957,35,Expert,1988-01-01
3443,957,18,Expert,1988-01-01
3444,957,8,Expert,1988-01-01
3445,957,32,Expert,1988-01-01
3446,958,14,Intermediate,2018-01-01
3447,958,15,Intermediate,2018-01-01
3448,958,12,Intermediate,2018-01-01
3449,958,23,Intermediate,2018-01-01
3450,959,13,Advanced,2014-01-01
3451,959,17,Advanced,2014-01-01
3452,959,34,Advanced,2014-01-01
3453,960,14,Advanced,2015-01-01
3454,960,15,Advanced,2015-01-01
3455,960,12,Advanced,2015-01-01
3456,960,23,Advanced,2015-01-01
3457,961,34,Advanced,2014-01-01
3458,961,28,Advanced,2014-01-01
3459,961,24,Advanced,2014-01-01
3460,961,17,Advanced,2014-01-01
3461,962,14,Advanced,2015-01-01
3462,962,15,Advanced,2015-01-01
3463,962,12,Advanced,2015-01-01
3464,962,23,Advanced,2015-01-01
3465,963,35,Expert,1991-01-01
3466,963,18,Expert,1991-01-01
3467,963,8,Expert,1991-01-01
3468,963,32,Expert,1991-01-01
3469,964,34,Advanced,2013-01-01
3470,964,28,Advanced,2013-01-01
3471,964,24,Advanced,2013-01-01
3472,964,17,Advanced,2013-01-01
3473,965,34,Advanced,2014-01-01
3474,965,28,Advanced,2014-01-01
3475,965,24,Advanced,2014-01-01
3476,965,17,Advanced,2014-01-01
3477,966,15,Advanced,2017-01-01
3478,966,23,Advanced,2017-01-01
3479,966,14,Advanced,2017-01-01
3480,967,33,Expert,1993-01-01
3481,967,35,Expert,1993-01-01
3482,967,8,Expert,1993-01-01
3483,967,27,Expert,1993-01-01
3484,968,15,Advanced,2017-01-01
3485,968,23,Advanced,2017-01-01
3486,968,14,Advanced,2017-01-01
3487,969,34,Expert,2007-01-01
3488,969,28,Expert,2007-01-01
3489,969,24,Expert,2007-01-01
3490,969,17,Expert,2007-01-01
3491,970,33,Advanced,2013-01-01
3492,970,35,Advanced,2013-01-01
3493,970,8,Advanced,2013-01-01
3494,970,27,Advanced,2013-01-01
3495,971,34,Intermediate,2019-01-01
3496,971,17,Intermediate,2019-01-01
3497,971,24,Intermediate,2019-01-01
3498,972,33,Expert,1995-01-01
3499,972,35,Expert,1995-01-01
3500,972,8,Expert,1995-01-01
3501,972,27,Expert,1995-01-01
3502,973,15,Beginner,2024-01-01
3503,973,23,Beginner,2024-01-01
3504,973,14,Beginner,2024-01-01
3505,974,15,Advanced,2014-01-01
3506,974,23,Advanced,2014-01-01
3507,974,14,Advanced,2014-01-01
3508,975,34,Advanced,2016-01-01
3509,975,28,Advanced,2016-01-01
3510,975,24,Advanced,2016-01-01
3511,975,17,Advanced,2016-01-01
3512,976,34,Expert,2000-01-01
3513,976,28,Expert,2000-01-01
3514,976,24,Expert,2000-01-01
3515,976,17,Expert,2000-01-01
3516,977,33,Expert,1991-01-01
3517,977,35,Expert,1991-01-01
3518,977,8,Expert,1991-01-01
3519,977,27,Expert,1991-01-01
3520,978,14,Intermediate,2019-01-01
3521,978,15,Intermediate,2019-01-01
3522,978,12,Intermediate,2019-01-01
3523,978,23,Intermediate,2019-01-01
3524,979,13,Expert,2009-01-01
3525,979,17,Expert,2009-01-01
3526,979,34,Expert,2009-01-01
3527,980,15,Advanced,2014-01-01
3528,980,23,Advanced,2014-01-01
3529,980,14,Advanced,2014-01-01
3530,981,34,Intermediate,2021-01-01
3531,981,17,Intermediate,2021-01-01
3532,981,24,Intermediate,2021-01-01
3533,982,34,Intermediate,2019-01-01
3534,982,28,Intermediate,2019-01-01
3535,982,24,Intermediate,2019-01-01
3536,982,17,Intermediate,2019-01-01
3537,983,14,Intermediate,2020-01-01
3538,983,15,Intermediate,2020-01-01
3539,983,12,Intermediate,2020-01-01
3540,983,23,Intermediate,2020-01-01
3541,984,13,Expert,2010-01-01
3542,984,17,Expert,2010-01-01
3543,984,34,Expert,2010-01-01
3544,985,34,Intermediate,2019-01-01
3545,985,28,Intermediate,2019-01-01
3546,985,24,Intermediate,2019-01-01
3547,985,17,Intermediate,2019-01-01
3548,986,33,Advanced,2014-01-01
3549,986,35,Advanced,2014-01-01
3550,986,8,Advanced,2014-01-01
3551,986,27,Advanced,2014-01-01
3552,987,34,Advanced,2016-01-01
3553,987,28,Advanced,2016-01-01
3554,987,24,Advanced,2016-01-01
3555,987,17,Advanced,2016-01-01
3556,988,34,Expert,2010-01-01
3557,988,28,Expert,2010-01-01
3558,988,24,Expert,2010-01-01
3559,988,17,Expert,2010-01-01
3560,989,14,Advanced,2012-01-01
3561,989,15,Advanced,2012-01-01
3562,989,12,Advanced,2012-01-01
3563,989,23,Advanced,2012-01-01
3564,990,14,Advanced,2016-01-01
3565,990,15,Advanced,2016-01-01
3566,990,12,Advanced,2016-01-01
3567,990,23,Advanced,2016-01-01
3568,991,34,Advanced,2016-01-01
3569,991,28,Advanced,2016-01-01
3570,991,24,Advanced,2016-01-01
3571,991,17,Advanced,2016-01-01
3572,992,34,Intermediate,2020-01-01
3573,992,28,Intermediate,2020-01-01
3574,992,24,Intermediate,2020-01-01
3575,992,17,Intermediate,2020-01-01
3576,993,13,Expert,2011-01-01
3577,993,17,Expert,2011-01-01
3578,993,34,Expert,2011-01-01
3579,994,34,Intermediate,2018-01-01
3580,994,28,Intermediate,2018-01-01
3581,994,24,Intermediate,2018-01-01
3582,994,17,Intermediate,2018-01-01
3583,995,33,Expert,2000-01-01
3584,995,35,Expert,2000-01-01
3585,995,8,Expert,2000-01-01
3586,995,27,Expert,2000-01-01
3587,996,14,Expert,2004-01-01
3588,996,15,Expert,2004-01-01
3589,996,12,Expert,2004-01-01
3590,996,23,Expert,2004-01-01
3591,997,34,Intermediate,2018-01-01
3592,997,28,Intermediate,2018-01-01
3593,997,24,Intermediate,2018-01-01
3594,997,17,Intermediate,2018-01-01
3595,998,14,Advanced,2016-01-01
3596,998,15,Advanced,2016-01-01
3597,998,12,Advanced,2016-01-01
3598,998,23,Advanced,2016-01-01
3599,999,14,Intermediate,2019-01-01
3600,999,15,Intermediate,2019-01-01
3601,999,12,Intermediate,2019-01-01
3602,999,23,Intermediate,2019-01-01
3603,1000,35,Expert,2003-01-01
3604,1000,18,Expert,2003-01-01
3605,1000,8,Expert,2003-01-01
3606,1000,32,Expert,2003-01-01
3607,1001,15,Advanced,2012-01-01
3608,1001,23,Advanced,2012-01-01
3609,1001,14,Advanced,2012-01-01
3610,1002,15,Advanced,2016-01-01
3611,1002,23,Advanced,2016-01-01
3612,1002,14,Advanced,2016-01-01
3613,1003,33,Advanced,2014-01-01
3614,1003,35,Advanced,2014-01-01
3615,1003,8,Advanced,2014-01-01
3616,1003,27,Advanced,2014-01-01
3617,1004,15,Advanced,2017-01-01
3618,1004,23,Advanced,2017-01-01
3619,1004,14,Advanced,2017-01-01
3620,1005,15,Advanced,2016-01-01
3621,1005,23,Advanced,2016-01-01
3622,1005,14,Advanced,2016-01-01
3623,1006,32,Advanced,2014-01-01
3624,1006,26,Advanced,2014-01-01
3625,1006,7,Advanced,2014-01-01
3626,1007,15,Expert,2004-01-01
3627,1007,23,Expert,2004-01-01
3628,1007,14,Expert,2004-01-01
3629,1008,13,Advanced,2015-01-01
3630,1008,17,Advanced,2015-01-01
3631,1008,34,Advanced,2015-01-01
3632,1009,16,Expert,1995-01-01
3633,1009,17,Expert,1995-01-01
3634,1009,26,Expert,1995-01-01
3635,1010,16,Expert,1992-01-01
3636,1010,17,Expert,1992-01-01
3637,1010,26,Expert,1992-01-01
3638,1011,16,Expert,1993-01-01
3639,1011,17,Expert,1993-01-01
3640,1011,26,Expert,1993-01-01
3641,1012,34,Expert,2009-01-01
3642,1012,28,Expert,2009-01-01
3643,1012,24,Expert,2009-01-01
3644,1012,17,Expert,2009-01-01
3645,1013,34,Beginner,2023-01-01
3646,1013,17,Beginner,2023-01-01
3647,1013,24,Beginner,2023-01-01
3648,1014,34,Advanced,2016-01-01
3649,1014,28,Advanced,2016-01-01
3650,1014,24,Advanced,2016-01-01
3651,1014,17,Advanced,2016-01-01
3652,1015,16,Advanced,2015-01-01
3653,1015,17,Advanced,2015-01-01
3654,1015,26,Advanced,2015-01-01
3655,1016,14,Advanced,2014-01-01
3656,1016,15,Advanced,2014-01-01
3657,1016,12,Advanced,2014-01-01
3658,1016,23,Advanced,2014-01-01
3659,1017,14,Beginner,2023-01-01
3660,1017,15,Beginner,2023-01-01
3661,1017,12,Beginner,2023-01-01
3662,1017,23,Beginner,2023-01-01
3663,1018,15,Intermediate,2018-01-01
3664,1018,23,Intermediate,2018-01-01
3665,1018,14,Intermediate,2018-01-01
3666,1019,15,Advanced,2014-01-01
3667,1019,23,Advanced,2014-01-01
3668,1019,14,Advanced,2014-01-01
3669,1020,34,Advanced,2013-01-01
3670,1020,28,Advanced,2013-01-01
3671,1020,24,Advanced,2013-01-01
3672,1020,17,Advanced,2013-01-01
3673,1021,14,Expert,2007-01-01
3674,1021,15,Expert,2007-01-01
3675,1021,12,Expert,2007-01-01
3676,1021,23,Expert,2007-01-01
3677,1022,34,Intermediate,2018-01-01
3678,1022,17,Intermediate,2018-01-01
3679,1022,24,Intermediate,2018-01-01
3680,1023,15,Advanced,2017-01-01
3681,1023,23,Advanced,2017-01-01
3682,1023,14,Advanced,2017-01-01
3683,1024,14,Intermediate,2019-01-01
3684,1024,15,Intermediate,2019-01-01
3685,1024,12,Intermediate,2019-01-01
3686,1024,23,Intermediate,2019-01-01
3687,1025,16,Expert,1998-01-01
3688,1025,17,Expert,1998-01-01
3689,1025,26,Expert,1998-01-01
3690,1026,34,Intermediate,2019-01-01
3691,1026,28,Intermediate,2019-01-01
3692,1026,24,Intermediate,2019-01-01
3693,1026,17,Intermediate,2019-01-01
3694,1027,34,Advanced,2017-01-01
3695,1027,28,Advanced,2017-01-01
3696,1027,24,Advanced,2017-01-01
3697,1027,17,Advanced,2017-01-01
3698,1028,15,Advanced,2017-01-01
3699,1028,23,Advanced,2017-01-01
3700,1028,14,Advanced,2017-01-01
3701,1029,14,Advanced,2017-01-01
3702,1029,15,Advanced,2017-01-01
3703,1029,12,Advanced,2017-01-01
3704,1029,23,Advanced,2017-01-01
3705,1030,15,Advanced,2013-01-01
3706,1030,23,Advanced,2013-01-01
3707,1030,14,Advanced,2013-01-01
3708,1031,34,Expert,2011-01-01
3709,1031,28,Expert,2011-01-01
3710,1031,24,Expert,2011-01-01
3711,1031,17,Expert,2011-01-01
3712,1032,34,Expert,1996-01-01
3713,1032,28,Expert,1996-01-01
3714,1032,24,Expert,1996-01-01
3715,1032,17,Expert,1996-01-01
3716,1033,15,Advanced,2013-01-01
3717,1033,23,Advanced,2013-01-01
3718,1033,14,Advanced,2013-01-01
3719,1034,33,Advanced,2014-01-01
3720,1034,35,Advanced,2014-01-01
3721,1034,8,Advanced,2014-01-01
3722,1034,27,Advanced,2014-01-01
3723,1035,13,Expert,2000-01-01
3724,1035,17,Expert,2000-01-01
3725,1035,34,Expert,2000-01-01
3726,1036,32,Advanced,2016-01-01
3727,1036,26,Advanced,2016-01-01
3728,1036,7,Advanced,2016-01-01
3729,1037,15,Advanced,2017-01-01
3730,1037,23,Advanced,2017-01-01
3731,1037,14,Advanced,2017-01-01
3732,1038,33,Advanced,2014-01-01
3733,1038,35,Advanced,2014-01-01
3734,1038,8,Advanced,2014-01-01
3735,1038,27,Advanced,2014-01-01
3736,1039,34,Expert,2009-01-01
3737,1039,28,Expert,2009-01-01
3738,1039,24,Expert,2009-01-01
3739,1039,17,Expert,2009-01-01
3740,1040,32,Beginner,2022-01-01
3741,1040,26,Beginner,2022-01-01
3742,1040,7,Beginner,2022-01-01
3743,1041,16,Expert,2008-01-01
3744,1041,17,Expert,2008-01-01
3745,1041,26,Expert,2008-01-01
3746,1042,34,Intermediate,2018-01-01
3747,1042,28,Intermediate,2018-01-01
3748,1042,24,Intermediate,2018-01-01
3749,1042,17,Intermediate,2018-01-01
3750,1043,15,Advanced,2017-01-01
3751,1043,23,Advanced,2017-01-01
3752,1043,14,Advanced,2017-01-01
3753,1044,16,Expert,1989-01-01
3754,1044,17,Expert,1989-01-01
3755,1044,26,Expert,1989-01-01
3756,1045,13,Expert,2004-01-01
3757,1045,17,Expert,2004-01-01
3758,1045,34,Expert,2004-01-01
3759,1046,14,Advanced,2016-01-01
3760,1046,15,Advanced,2016-01-01
3761,1046,12,Advanced,2016-01-01
3762,1046,23,Advanced,2016-01-01
3763,1047,14,Intermediate,2018-01-01
3764,1047,15,Intermediate,2018-01-01
3765,1047,12,Intermediate,2018-01-01
3766,1047,23,Intermediate,2018-01-01
3767,1048,34,Intermediate,2019-01-01
3768,1048,28,Intermediate,2019-01-01
3769,1048,24,Intermediate,2019-01-01
3770,1048,17,Intermediate,2019-01-01
3771,1049,34,Expert,2009-01-01
3772,1049,28,Expert,2009-01-01
3773,1049,24,Expert,2009-01-01
3774,1049,17,Expert,2009-01-01
3775,1050,34,Intermediate,2020-01-01
3776,1050,28,Intermediate,2020-01-01
3777,1050,24,Intermediate,2020-01-01
3778,1050,17,Intermediate,2020-01-01
3779,1051,15,Advanced,2012-01-01
3780,1051,23,Advanced,2012-01-01
3781,1051,14,Advanced,2012-01-01
3782,1052,34,Advanced,2013-01-01
3783,1052,28,Advanced,2013-01-01
3784,1052,24,Advanced,2013-01-01
3785,1052,17,Advanced,2013-01-01
3786,1053,14,Beginner,2023-01-01
3787,1053,15,Beginner,2023-01-01
3788,1053,12,Beginner,2023-01-01
3789,1053,23,Beginner,2023-01-01
3790,1054,14,Expert,2011-01-01
3791,1054,15,Expert,2011-01-01
3792,1054,12,Expert,2011-01-01
3793,1054,23,Expert,2011-01-01
3794,1055,13,Expert,1995-01-01
3795,1055,17,Expert,1995-01-01
3796,1055,34,Expert,1995-01-01
3797,1056,16,Expert,2008-01-01
3798,1056,17,Expert,2008-01-01
3799,1056,26,Expert,2008-01-01
3800,1057,34,Intermediate,2019-01-01
3801,1057,17,Intermediate,2019-01-01
3802,1057,24,Intermediate,2019-01-01
3803,1058,34,Advanced,2017-01-01
3804,1058,28,Advanced,2017-01-01
3805,1058,24,Advanced,2017-01-01
3806,1058,17,Advanced,2017-01-01
3807,1059,34,Expert,2008-01-01
3808,1059,28,Expert,2008-01-01
3809,1059,24,Expert,2008-01-01
3810,1059,17,Expert,2008-01-01
3811,1060,34,Beginner,2023-01-01
3812,1060,17,Beginner,2023-01-01
3813,1060,24,Beginner,2023-01-01
3814,1061,15,Intermediate,2020-01-01
3815,1061,23,Intermediate,2020-01-01
3816,1061,14,Intermediate,2020-01-01
3817,1062,34,Beginner,2023-01-01
3818,1062,17,Beginner,2023-01-01
3819,1062,24,Beginner,2023-01-01
3820,1063,33,Expert,2008-01-01
3821,1063,35,Expert,2008-01-01
3822,1063,8,Expert,2008-01-01
3823,1063,27,Expert,2008-01-01
3824,1064,34,Advanced,2014-01-01
3825,1064,28,Advanced,2014-01-01
3826,1064,24,Advanced,2014-01-01
3827,1064,17,Advanced,2014-01-01
3828,1065,32,Intermediate,2018-01-01
3829,1065,26,Intermediate,2018-01-01
3830,1065,7,Intermediate,2018-01-01
3831,1066,13,Intermediate,2020-01-01
3832,1066,17,Intermediate,2020-01-01
3833,1066,34,Intermediate,2020-01-01
3834,1067,15,Advanced,2016-01-01
3835,1067,23,Advanced,2016-01-01
3836,1067,14,Advanced,2016-01-01
3837,1068,34,Advanced,2013-01-01
3838,1068,28,Advanced,2013-01-01
3839,1068,24,Advanced,2013-01-01
3840,1068,17,Advanced,2013-01-01
3841,1069,15,Advanced,2016-01-01
3842,1069,23,Advanced,2016-01-01
3843,1069,14,Advanced,2016-01-01
3844,1070,14,Beginner,2023-01-01
3845,1070,15,Beginner,2023-01-01
3846,1070,12,Beginner,2023-01-01
3847,1070,23,Beginner,2023-01-01
3848,1071,34,Intermediate,2019-01-01
3849,1071,28,Intermediate,2019-01-01
3850,1071,24,Intermediate,2019-01-01
3851,1071,17,Intermediate,2019-01-01
3852,1072,15,Advanced,2014-01-01
3853,1072,23,Advanced,2014-01-01
3854,1072,14,Advanced,2014-01-01
3855,1073,15,Intermediate,2020-01-01
3856,1073,23,Intermediate,2020-01-01
3857,1073,14,Intermediate,2020-01-01
3858,1074,33,Advanced,2016-01-01
3859,1074,35,Advanced,2016-01-01
3860,1074,8,Advanced,2016-01-01
3861,1074,27,Advanced,2016-01-01
3862,1075,13,Expert,2010-01-01
3863,1075,17,Expert,2010-01-01
3864,1075,34,Expert,2010-01-01
3865,1076,35,Advanced,2014-01-01
3866,1076,18,Advanced,2014-01-01
3867,1076,8,Advanced,2014-01-01
3868,1076,32,Advanced,2014-01-01
3869,1077,35,Expert,1998-01-01
3870,1077,18,Expert,1998-01-01
3871,1077,8,Expert,1998-01-01
3872,1077,32,Expert,1998-01-01
3873,1078,14,Advanced,2013-01-01
3874,1078,15,Advanced,2013-01-01
3875,1078,12,Advanced,2013-01-01
3876,1078,23,Advanced,2013-01-01
3877,1079,16,Expert,2000-01-01
3878,1079,17,Expert,2000-01-01
3879,1079,26,Expert,2000-01-01
3880,1080,33,Advanced,2015-01-01
3881,1080,35,Advanced,2015-01-01
3882,1080,8,Advanced,2015-01-01
3883,1080,27,Advanced,2015-01-01
3884,1081,35,Expert,2001-01-01
3885,1081,18,Expert,2001-01-01
3886,1081,8,Expert,2001-01-01
3887,1081,32,Expert,2001-01-01
3888,1082,13,Advanced,2013-01-01
3889,1082,17,Advanced,2013-01-01
3890,1082,34,Advanced,2013-01-01
3891,1083,15,Intermediate,2019-01-01
3892,1083,23,Intermediate,2019-01-01
3893,1083,14,Intermediate,2019-01-01
3894,1084,15,Expert,2009-01-01
3895,1084,23,Expert,2009-01-01
3896,1084,14,Expert,2009-01-01
3897,1085,34,Advanced,2014-01-01
3898,1085,28,Advanced,2014-01-01
3899,1085,24,Advanced,2014-01-01
3900,1085,17,Advanced,2014-01-01
3901,1086,14,Advanced,2017-01-01
3902,1086,15,Advanced,2017-01-01
3903,1086,12,Advanced,2017-01-01
3904,1086,23,Advanced,2017-01-01
3905,1087,16,Expert,1992-01-01
3906,1087,17,Expert,1992-01-01
3907,1087,26,Expert,1992-01-01
3908,1088,34,Advanced,2012-01-01
3909,1088,17,Advanced,2012-01-01
3910,1088,24,Advanced,2012-01-01
3911,1089,15,Intermediate,2020-01-01
3912,1089,23,Intermediate,2020-01-01
3913,1089,14,Intermediate,2020-01-01
3914,1090,14,Advanced,2014-01-01
3915,1090,15,Advanced,2014-01-01
3916,1090,12,Advanced,2014-01-01
3917,1090,23,Advanced,2014-01-01
3918,1091,13,Advanced,2015-01-01
3919,1091,17,Advanced,2015-01-01
3920,1091,34,Advanced,2015-01-01
3921,1092,33,Intermediate,2019-01-01
3922,1092,35,Intermediate,2019-01-01
3923,1092,8,Intermediate,2019-01-01
3924,1092,27,Intermediate,2019-01-01
3925,1093,14,Advanced,2016-01-01
3926,1093,15,Advanced,2016-01-01
3927,1093,12,Advanced,2016-01-01
3928,1093,23,Advanced,2016-01-01
3929,1094,13,Expert,2000-01-01
3930,1094,17,Expert,2000-01-01
3931,1094,34,Expert,2000-01-01
3932,1095,34,Advanced,2015-01-01
3933,1095,28,Advanced,2015-01-01
3934,1095,24,Advanced,2015-01-01
3935,1095,17,Advanced,2015-01-01
3936,1096,15,Expert,2009-01-01
3937,1096,23,Expert,2009-01-01
3938,1096,14,Expert,2009-01-01
3939,1097,35,Expert,2003-01-01
3940,1097,18,Expert,2003-01-01
3941,1097,8,Expert,2003-01-01
3942,1097,32,Expert,2003-01-01
3943,1098,15,Beginner,2022-01-01
3944,1098,23,Beginner,2022-01-01
3945,1098,14,Beginner,2022-01-01
3946,1099,13,Advanced,2016-01-01
3947,1099,17,Advanced,2016-01-01
3948,1099,34,Advanced,2016-01-01
3949,1100,13,Advanced,2014-01-01
3950,1100,17,Advanced,2014-01-01
3951,1100,34,Advanced,2014-01-01
3952,1101,34,Intermediate,2018-01-01
3953,1101,17,Intermediate,2018-01-01
3954,1101,24,Intermediate,2018-01-01
3955,1102,14,Advanced,2012-01-01
3956,1102,15,Advanced,2012-01-01
3957,1102,12,Advanced,2012-01-01
3958,1102,23,Advanced,2012-01-01
3959,1103,34,Advanced,2017-01-01
3960,1103,17,Advanced,2017-01-01
3961,1103,24,Advanced,2017-01-01
3962,1104,34,Expert,2006-01-01
3963,1104,28,Expert,2006-01-01
3964,1104,24,Expert,2006-01-01
3965,1104,17,Expert,2006-01-01
3966,1105,14,Intermediate,2019-01-01
3967,1105,15,Intermediate,2019-01-01
3968,1105,12,Intermediate,2019-01-01
3969,1105,23,Intermediate,2019-01-01
3970,1106,34,Advanced,2016-01-01
3971,1106,28,Advanced,2016-01-01
3972,1106,24,Advanced,2016-01-01
3973,1106,17,Advanced,2016-01-01
3974,1107,34,Advanced,2014-01-01
3975,1107,28,Advanced,2014-01-01
3976,1107,24,Advanced,2014-01-01
3977,1107,17,Advanced,2014-01-01
3978,1108,32,Advanced,2014-01-01
3979,1108,26,Advanced,2014-01-01
3980,1108,7,Advanced,2014-01-01
3981,1109,15,Intermediate,2021-01-01
3982,1109,23,Intermediate,2021-01-01
3983,1109,14,Intermediate,2021-01-01
3984,1110,34,Advanced,2015-01-01
3985,1110,28,Advanced,2015-01-01
3986,1110,24,Advanced,2015-01-01
3987,1110,17,Advanced,2015-01-01
3988,1111,15,Beginner,2023-01-01
3989,1111,23,Beginner,2023-01-01
3990,1111,14,Beginner,2023-01-01
3991,1112,33,Expert,1990-01-01
3992,1112,35,Expert,1990-01-01
3993,1112,8,Expert,1990-01-01
3994,1112,27,Expert,1990-01-01
3995,1113,33,Advanced,2017-01-01
3996,1113,35,Advanced,2017-01-01
3997,1113,8,Advanced,2017-01-01
3998,1113,27,Advanced,2017-01-01
3999,1114,14,Advanced,2015-01-01
4000,1114,15,Advanced,2015-01-01
4001,1114,12,Advanced,2015-01-01
4002,1114,23,Advanced,2015-01-01
4003,1115,14,Advanced,2014-01-01
4004,1115,15,Advanced,2014-01-01
4005,1115,12,Advanced,2014-01-01
4006,1115,23,Advanced,2014-01-01
4007,1116,14,Beginner,2023-01-01
4008,1116,15,Beginner,2023-01-01
4009,1116,12,Beginner,2023-01-01
4010,1116,23,Beginner,2023-01-01
4011,1117,35,Expert,1988-01-01
4012,1117,18,Expert,1988-01-01
4013,1117,8,Expert,1988-01-01
4014,1117,32,Expert,1988-01-01
4015,1118,14,Advanced,2015-01-01
4016,1118,15,Advanced,2015-01-01
4017,1118,12,Advanced,2015-01-01
4018,1118,23,Advanced,2015-01-01
4019,1119,14,Beginner,2023-01-01
4020,1119,15,Beginner,2023-01-01
4021,1119,12,Beginner,2023-01-01
4022,1119,23,Beginner,2023-01-01
4023,1120,34,Advanced,2014-01-01
4024,1120,28,Advanced,2014-01-01
4025,1120,24,Advanced,2014-01-01
4026,1120,17,Advanced,2014-01-01
4027,1121,34,Advanced,2016-01-01
4028,1121,28,Advanced,2016-01-01
4029,1121,24,Advanced,2016-01-01
4030,1121,17,Advanced,2016-01-01
4031,1122,34,Expert,2009-01-01
4032,1122,28,Expert,2009-01-01
4033,1122,24,Expert,2009-01-01
4034,1122,17,Expert,2009-01-01
4035,1123,15,Advanced,2014-01-01
4036,1123,23,Advanced,2014-01-01
4037,1123,14,Advanced,2014-01-01
4038,1124,13,Advanced,2014-01-01
4039,1124,17,Advanced,2014-01-01
4040,1124,34,Advanced,2014-01-01
4041,1125,34,Advanced,2013-01-01
4042,1125,28,Advanced,2013-01-01
4043,1125,24,Advanced,2013-01-01
4044,1125,17,Advanced,2013-01-01
4045,1126,13,Intermediate,2018-01-01
4046,1126,17,Intermediate,2018-01-01
4047,1126,34,Intermediate,2018-01-01
4048,1127,35,Expert,1997-01-01
4049,1127,18,Expert,1997-01-01
4050,1127,8,Expert,1997-01-01
4051,1127,32,Expert,1997-01-01
4052,1128,14,Intermediate,2020-01-01
4053,1128,15,Intermediate,2020-01-01
4054,1128,12,Intermediate,2020-01-01
4055,1128,23,Intermediate,2020-01-01
4056,1129,15,Advanced,2015-01-01
4057,1129,23,Advanced,2015-01-01
4058,1129,14,Advanced,2015-01-01
4059,1130,35,Expert,2000-01-01
4060,1130,18,Expert,2000-01-01
4061,1130,8,Expert,2000-01-01
4062,1130,32,Expert,2000-01-01
4063,1131,15,Advanced,2014-01-01
4064,1131,23,Advanced,2014-01-01
4065,1131,14,Advanced,2014-01-01
4066,1132,13,Advanced,2016-01-01
4067,1132,17,Advanced,2016-01-01
4068,1132,34,Advanced,2016-01-01
4069,1133,34,Intermediate,2019-01-01
4070,1133,28,Intermediate,2019-01-01
4071,1133,24,Intermediate,2019-01-01
4072,1133,17,Intermediate,2019-01-01
4073,1134,15,Advanced,2016-01-01
4074,1134,23,Advanced,2016-01-01
4075,1134,14,Advanced,2016-01-01
4076,1135,15,Beginner,2023-01-01
4077,1135,23,Beginner,2023-01-01
4078,1135,14,Beginner,2023-01-01
4079,1136,35,Expert,1997-01-01
4080,1136,18,Expert,1997-01-01
4081,1136,8,Expert,1997-01-01
4082,1136,32,Expert,1997-01-01
4083,1137,15,Beginner,2023-01-01
4084,1137,23,Beginner,2023-01-01
4085,1137,14,Beginner,2023-01-01
4086,1138,14,Intermediate,2020-01-01
4087,1138,15,Intermediate,2020-01-01
4088,1138,12,Intermediate,2020-01-01
4089,1138,23,Intermediate,2020-01-01
4090,1139,13,Expert,1992-01-01
4091,1139,17,Expert,1992-01-01
4092,1139,34,Expert,1992-01-01
4093,1140,14,Intermediate,2018-01-01
4094,1140,15,Intermediate,2018-01-01
4095,1140,12,Intermediate,2018-01-01
4096,1140,23,Intermediate,2018-01-01
4097,1141,16,Expert,2001-01-01
4098,1141,17,Expert,2001-01-01
4099,1141,26,Expert,2001-01-01
4100,1142,14,Intermediate,2018-01-01
4101,1142,15,Intermediate,2018-01-01
4102,1142,12,Intermediate,2018-01-01
4103,1142,23,Intermediate,2018-01-01
4104,1143,15,Advanced,2014-01-01
4105,1143,23,Advanced,2014-01-01
4106,1143,14,Advanced,2014-01-01
4107,1144,34,Advanced,2014-01-01
4108,1144,28,Advanced,2014-01-01
4109,1144,24,Advanced,2014-01-01
4110,1144,17,Advanced,2014-01-01
4111,1145,34,Advanced,2014-01-01
4112,1145,28,Advanced,2014-01-01
4113,1145,24,Advanced,2014-01-01
4114,1145,17,Advanced,2014-01-01
4115,1146,33,Advanced,2017-01-01
4116,1146,35,Advanced,2017-01-01
4117,1146,8,Advanced,2017-01-01
4118,1146,27,Advanced,2017-01-01
4119,1147,33,Advanced,2015-01-01
4120,1147,35,Advanced,2015-01-01
4121,1147,8,Advanced,2015-01-01
4122,1147,27,Advanced,2015-01-01
4123,1148,15,Advanced,2014-01-01
4124,1148,23,Advanced,2014-01-01
4125,1148,14,Advanced,2014-01-01
4126,1149,33,Advanced,2014-01-01
4127,1149,35,Advanced,2014-01-01
4128,1149,8,Advanced,2014-01-01
4129,1149,27,Advanced,2014-01-01
4130,1150,15,Advanced,2017-01-01
4131,1150,23,Advanced,2017-01-01
4132,1150,14,Advanced,2017-01-01
4133,1151,14,Expert,2008-01-01
4134,1151,15,Expert,2008-01-01
4135,1151,12,Expert,2008-01-01
4136,1151,23,Expert,2008-01-01
4137,1152,33,Intermediate,2018-01-01
4138,1152,35,Intermediate,2018-01-01
4139,1152,8,Intermediate,2018-01-01
4140,1152,27,Intermediate,2018-01-01
4141,1153,14,Intermediate,2021-01-01
4142,1153,15,Intermediate,2021-01-01
4143,1153,12,Intermediate,2021-01-01
4144,1153,23,Intermediate,2021-01-01
4145,1154,34,Beginner,2024-01-01
4146,1154,17,Beginner,2024-01-01
4147,1154,24,Beginner,2024-01-01
4148,1155,35,Expert,1997-01-01
4149,1155,18,Expert,1997-01-01
4150,1155,8,Expert,1997-01-01
4151,1155,32,Expert,1997-01-01
4152,1156,15,Advanced,2013-01-01
4153,1156,23,Advanced,2013-01-01
4154,1156,14,Advanced,2013-01-01
4155,1157,33,Expert,2006-01-01
4156,1157,35,Expert,2006-01-01
4157,1157,8,Expert,2006-01-01
4158,1157,27,Expert,2006-01-01
4159,1158,13,Expert,2009-01-01
4160,1158,17,Expert,2009-01-01
4161,1158,34,Expert,2009-01-01
4162,1159,33,Advanced,2015-01-01
4163,1159,35,Advanced,2015-01-01
4164,1159,8,Advanced,2015-01-01
4165,1159,27,Advanced,2015-01-01
4166,1160,33,Advanced,2014-01-01
4167,1160,35,Advanced,2014-01-01
4168,1160,8,Advanced,2014-01-01
4169,1160,27,Advanced,2014-01-01
4170,1161,33,Advanced,2014-01-01
4171,1161,35,Advanced,2014-01-01
4172,1161,8,Advanced,2014-01-01
4173,1161,27,Advanced,2014-01-01
4174,1162,33,Advanced,2014-01-01
4175,1162,35,Advanced,2014-01-01
4176,1162,8,Advanced,2014-01-01
4177,1162,27,Advanced,2014-01-01
4178,1163,34,Expert,2009-01-01
4179,1163,28,Expert,2009-01-01
4180,1163,24,Expert,2009-01-01
4181,1163,17,Expert,2009-01-01
4182,1164,14,Advanced,2016-01-01
4183,1164,15,Advanced,2016-01-01
4184,1164,12,Advanced,2016-01-01
4185,1164,23,Advanced,2016-01-01
4186,1165,33,Expert,2006-01-01
4187,1165,35,Expert,2006-01-01
4188,1165,8,Expert,2006-01-01
4189,1165,27,Expert,2006-01-01
4190,1166,32,Expert,2010-01-01
4191,1166,26,Expert,2010-01-01
4192,1166,7,Expert,2010-01-01
4193,1167,35,Expert,2001-01-01
4194,1167,18,Expert,2001-01-01
4195,1167,8,Expert,2001-01-01
4196,1167,32,Expert,2001-01-01
4197,1168,34,Advanced,2017-01-01
4198,1168,28,Advanced,2017-01-01
4199,1168,24,Advanced,2017-01-01
4200,1168,17,Advanced,2017-01-01
4201,1169,14,Intermediate,2018-01-01
4202,1169,15,Intermediate,2018-01-01
4203,1169,12,Intermediate,2018-01-01
4204,1169,23,Intermediate,2018-01-01
4205,1170,14,Intermediate,2019-01-01
4206,1170,15,Intermediate,2019-01-01
4207,1170,12,Intermediate,2019-01-01
4208,1170,23,Intermediate,2019-01-01
4209,1171,14,Intermediate,2018-01-01
4210,1171,15,Intermediate,2018-01-01
4211,1171,12,Intermediate,2018-01-01
4212,1171,23,Intermediate,2018-01-01
4213,1172,15,Advanced,2014-01-01
4214,1172,23,Advanced,2014-01-01
4215,1172,14,Advanced,2014-01-01
4216,1173,34,Advanced,2016-01-01
4217,1173,28,Advanced,2016-01-01
4218,1173,24,Advanced,2016-01-01
4219,1173,17,Advanced,2016-01-01
4220,1174,13,Advanced,2015-01-01
4221,1174,17,Advanced,2015-01-01
4222,1174,34,Advanced,2015-01-01
4223,1175,33,Advanced,2017-01-01
4224,1175,35,Advanced,2017-01-01
4225,1175,8,Advanced,2017-01-01
4226,1175,27,Advanced,2017-01-01
4227,1176,33,Advanced,2017-01-01
4228,1176,35,Advanced,2017-01-01
4229,1176,8,Advanced,2017-01-01
4230,1176,27,Advanced,2017-01-01
4231,1177,16,Expert,1997-01-01
4232,1177,17,Expert,1997-01-01
4233,1177,26,Expert,1997-01-01
4234,1178,16,Expert,2005-01-01
4235,1178,17,Expert,2005-01-01
4236,1178,26,Expert,2005-01-01
4237,1179,34,Beginner,2022-01-01
4238,1179,17,Beginner,2022-01-01
4239,1179,24,Beginner,2022-01-01
4240,1180,14,Advanced,2013-01-01
4241,1180,15,Advanced,2013-01-01
4242,1180,12,Advanced,2013-01-01
4243,1180,23,Advanced,2013-01-01
4244,1181,15,Expert,2009-01-01
4245,1181,23,Expert,2009-01-01
4246,1181,14,Expert,2009-01-01
4247,1182,13,Expert,1994-01-01
4248,1182,17,Expert,1994-01-01
4249,1182,34,Expert,1994-01-01
4250,1183,33,Intermediate,2020-01-01
4251,1183,35,Intermediate,2020-01-01
4252,1183,8,Intermediate,2020-01-01
4253,1183,27,Intermediate,2020-01-01
4254,1184,13,Expert,2011-01-01
4255,1184,17,Expert,2011-01-01
4256,1184,34,Expert,2011-01-01
4257,1185,35,Expert,1988-01-01
4258,1185,18,Expert,1988-01-01
4259,1185,8,Expert,1988-01-01
4260,1185,32,Expert,1988-01-01
4261,1186,16,Expert,2010-01-01
4262,1186,17,Expert,2010-01-01
4263,1186,26,Expert,2010-01-01
4264,1187,34,Expert,2011-01-01
4265,1187,28,Expert,2011-01-01
4266,1187,24,Expert,2011-01-01
4267,1187,17,Expert,2011-01-01
4268,1188,14,Expert,2005-01-01
4269,1188,15,Expert,2005-01-01
4270,1188,12,Expert,2005-01-01
4271,1188,23,Expert,2005-01-01
4272,1189,34,Advanced,2014-01-01
4273,1189,28,Advanced,2014-01-01
4274,1189,24,Advanced,2014-01-01
4275,1189,17,Advanced,2014-01-01
4276,1190,34,Intermediate,2018-01-01
4277,1190,28,Intermediate,2018-01-01
4278,1190,24,Intermediate,2018-01-01
4279,1190,17,Intermediate,2018-01-01
4280,1191,14,Advanced,2014-01-01
4281,1191,15,Advanced,2014-01-01
4282,1191,12,Advanced,2014-01-01
4283,1191,23,Advanced,2014-01-01
4284,1192,34,Advanced,2014-01-01
4285,1192,28,Advanced,2014-01-01
4286,1192,24,Advanced,2014-01-01
4287,1192,17,Advanced,2014-01-01
4288,1193,15,Expert,2007-01-01
4289,1193,23,Expert,2007-01-01
4290,1193,14,Expert,2007-01-01
4291,1194,15,Intermediate,2020-01-01
4292,1194,23,Intermediate,2020-01-01
4293,1194,14,Intermediate,2020-01-01
4294,1195,35,Expert,1995-01-01
4295,1195,18,Expert,1995-01-01
4296,1195,8,Expert,1995-01-01
4297,1195,32,Expert,1995-01-01
4298,1196,35,Expert,2001-01-01
4299,1196,18,Expert,2001-01-01
4300,1196,8,Expert,2001-01-01
4301,1196,32,Expert,2001-01-01
4302,1197,34,Expert,2003-01-01
4303,1197,28,Expert,2003-01-01
4304,1197,24,Expert,2003-01-01
4305,1197,17,Expert,2003-01-01
4306,1198,34,Beginner,2022-01-01
4307,1198,17,Beginner,2022-01-01
4308,1198,24,Beginner,2022-01-01
4309,1199,34,Advanced,2017-01-01
4310,1199,28,Advanced,2017-01-01
4311,1199,24,Advanced,2017-01-01
4312,1199,17,Advanced,2017-01-01
4313,1200,13,Advanced,2014-01-01
4314,1200,17,Advanced,2014-01-01
4315,1200,34,Advanced,2014-01-01
4316,1201,32,Advanced,2016-01-01
4317,1201,26,Advanced,2016-01-01
4318,1201,7,Advanced,2016-01-01
4319,1202,15,Intermediate,2019-01-01
4320,1202,23,Intermediate,2019-01-01
4321,1202,14,Intermediate,2019-01-01
4322,1203,15,Advanced,2017-01-01
4323,1203,23,Advanced,2017-01-01
4324,1203,14,Advanced,2017-01-01
4325,1204,13,Advanced,2013-01-01
4326,1204,17,Advanced,2013-01-01
4327,1204,34,Advanced,2013-01-01
4328,1205,34,Expert,2005-01-01
4329,1205,17,Expert,2005-01-01
4330,1205,24,Expert,2005-01-01
4331,1206,15,Beginner,2023-01-01
4332,1206,23,Beginner,2023-01-01
4333,1206,14,Beginner,2023-01-01
4334,1207,15,Advanced,2017-01-01
4335,1207,23,Advanced,2017-01-01
4336,1207,14,Advanced,2017-01-01
4337,1208,14,Advanced,2016-01-01
4338,1208,15,Advanced,2016-01-01
4339,1208,12,Advanced,2016-01-01
4340,1208,23,Advanced,2016-01-01
4341,1209,15,Expert,2009-01-01
4342,1209,23,Expert,2009-01-01
4343,1209,14,Expert,2009-01-01
4344,1210,13,Expert,2005-01-01
4345,1210,17,Expert,2005-01-01
4346,1210,34,Expert,2005-01-01
4347,1211,15,Expert,2010-01-01
4348,1211,23,Expert,2010-01-01
4349,1211,14,Expert,2010-01-01
4350,1212,34,Intermediate,2018-01-01
4351,1212,28,Intermediate,2018-01-01
4352,1212,24,Intermediate,2018-01-01
4353,1212,17,Intermediate,2018-01-01
4354,1213,14,Advanced,2014-01-01
4355,1213,15,Advanced,2014-01-01
4356,1213,12,Advanced,2014-01-01
4357,1213,23,Advanced,2014-01-01
4358,1214,34,Intermediate,2021-01-01
4359,1214,17,Intermediate,2021-01-01
4360,1214,24,Intermediate,2021-01-01
4361,1215,13,Advanced,2015-01-01
4362,1215,17,Advanced,2015-01-01
4363,1215,34,Advanced,2015-01-01
4364,1216,14,Intermediate,2018-01-01
4365,1216,15,Intermediate,2018-01-01
4366,1216,12,Intermediate,2018-01-01
4367,1216,23,Intermediate,2018-01-01
4368,1217,34,Advanced,2014-01-01
4369,1217,28,Advanced,2014-01-01
4370,1217,24,Advanced,2014-01-01
4371,1217,17,Advanced,2014-01-01
4372,1218,14,Intermediate,2019-01-01
4373,1218,15,Intermediate,2019-01-01
4374,1218,12,Intermediate,2019-01-01
4375,1218,23,Intermediate,2019-01-01
4376,1219,34,Advanced,2014-01-01
4377,1219,28,Advanced,2014-01-01
4378,1219,24,Advanced,2014-01-01
4379,1219,17,Advanced,2014-01-01
4380,1220,15,Advanced,2015-01-01
4381,1220,23,Advanced,2015-01-01
4382,1220,14,Advanced,2015-01-01
4383,1221,34,Expert,2007-01-01
4384,1221,17,Expert,2007-01-01
4385,1221,24,Expert,2007-01-01
4386,1222,13,Expert,1999-01-01
4387,1222,17,Expert,1999-01-01
4388,1222,34,Expert,1999-01-01
4389,1223,32,Beginner,2023-01-01
4390,1223,26,Beginner,2023-01-01
4391,1223,7,Beginner,2023-01-01
4392,1224,34,Expert,1999-01-01
4393,1224,28,Expert,1999-01-01
4394,1224,24,Expert,1999-01-01
4395,1224,17,Expert,1999-01-01
4396,1225,15,Intermediate,2021-01-01
4397,1225,23,Intermediate,2021-01-01
4398,1225,14,Intermediate,2021-01-01
4399,1226,16,Expert,2003-01-01
4400,1226,17,Expert,2003-01-01
4401,1226,26,Expert,2003-01-01
4402,1227,14,Advanced,2014-01-01
4403,1227,15,Advanced,2014-01-01
4404,1227,12,Advanced,2014-01-01
4405,1227,23,Advanced,2014-01-01
4406,1228,15,Intermediate,2018-01-01
4407,1228,23,Intermediate,2018-01-01
4408,1228,14,Intermediate,2018-01-01
4409,1229,32,Advanced,2014-01-01
4410,1229,26,Advanced,2014-01-01
4411,1229,7,Advanced,2014-01-01
4412,1230,33,Expert,2006-01-01
4413,1230,35,Expert,2006-01-01
4414,1230,8,Expert,2006-01-01
4415,1230,27,Expert,2006-01-01
4416,1231,15,Intermediate,2018-01-01
4417,1231,23,Intermediate,2018-01-01
4418,1231,14,Intermediate,2018-01-01
4419,1232,13,Expert,2005-01-01
4420,1232,17,Expert,2005-01-01
4421,1232,34,Expert,2005-01-01
4422,1233,33,Expert,2007-01-01
4423,1233,35,Expert,2007-01-01
4424,1233,8,Expert,2007-01-01
4425,1233,27,Expert,2007-01-01
4426,1234,14,Advanced,2014-01-01
4427,1234,15,Advanced,2014-01-01
4428,1234,12,Advanced,2014-01-01
4429,1234,23,Advanced,2014-01-01
4430,1235,34,Intermediate,2020-01-01
4431,1235,28,Intermediate,2020-01-01
4432,1235,24,Intermediate,2020-01-01
4433,1235,17,Intermediate,2020-01-01
4434,1236,34,Expert,2011-01-01
4435,1236,28,Expert,2011-01-01
4436,1236,24,Expert,2011-01-01
4437,1236,17,Expert,2011-01-01
4438,1237,34,Expert,2008-01-01
4439,1237,28,Expert,2008-01-01
4440,1237,24,Expert,2008-01-01
4441,1237,17,Expert,2008-01-01
4442,1238,34,Advanced,2014-01-01
4443,1238,28,Advanced,2014-01-01
4444,1238,24,Advanced,2014-01-01
4445,1238,17,Advanced,2014-01-01
4446,1239,15,Intermediate,2021-01-01
4447,1239,23,Intermediate,2021-01-01
4448,1239,14,Intermediate,2021-01-01
4449,1240,33,Advanced,2015-01-01
4450,1240,35,Advanced,2015-01-01
4451,1240,8,Advanced,2015-01-01
4452,1240,27,Advanced,2015-01-01
4453,1241,15,Advanced,2015-01-01
4454,1241,23,Advanced,2015-01-01
4455,1241,14,Advanced,2015-01-01
4456,1242,34,Advanced,2014-01-01
4457,1242,28,Advanced,2014-01-01
4458,1242,24,Advanced,2014-01-01
4459,1242,17,Advanced,2014-01-01
4460,1243,35,Expert,2003-01-01
4461,1243,18,Expert,2003-01-01
4462,1243,8,Expert,2003-01-01
4463,1243,32,Expert,2003-01-01
4464,1244,32,Advanced,2015-01-01
4465,1244,26,Advanced,2015-01-01
4466,1244,7,Advanced,2015-01-01
4467,1245,14,Advanced,2014-01-01
4468,1245,15,Advanced,2014-01-01
4469,1245,12,Advanced,2014-01-01
4470,1245,23,Advanced,2014-01-01
4471,1246,32,Intermediate,2021-01-01
4472,1246,26,Intermediate,2021-01-01
4473,1246,7,Intermediate,2021-01-01
4474,1247,32,Intermediate,2018-01-01
4475,1247,26,Intermediate,2018-01-01
4476,1247,7,Intermediate,2018-01-01
4477,1248,34,Intermediate,2018-01-01
4478,1248,28,Intermediate,2018-01-01
4479,1248,24,Intermediate,2018-01-01
4480,1248,17,Intermediate,2018-01-01
4481,1249,14,Intermediate,2018-01-01
4482,1249,15,Intermediate,2018-01-01
4483,1249,12,Intermediate,2018-01-01
4484,1249,23,Intermediate,2018-01-01
4485,1250,34,Beginner,2022-01-01
4486,1250,17,Beginner,2022-01-01
4487,1250,24,Beginner,2022-01-01
4488,1251,13,Advanced,2014-01-01
4489,1251,17,Advanced,2014-01-01
4490,1251,34,Advanced,2014-01-01
4491,1252,34,Advanced,2012-01-01
4492,1252,28,Advanced,2012-01-01
4493,1252,24,Advanced,2012-01-01
4494,1252,17,Advanced,2012-01-01
4495,1253,14,Intermediate,2018-01-01
4496,1253,15,Intermediate,2018-01-01
4497,1253,12,Intermediate,2018-01-01
4498,1253,23,Intermediate,2018-01-01
4499,1254,34,Expert,2011-01-01
4500,1254,28,Expert,2011-01-01
4501,1254,24,Expert,2011-01-01
4502,1254,17,Expert,2011-01-01
4503,1255,34,Advanced,2016-01-01
4504,1255,28,Advanced,2016-01-01
4505,1255,24,Advanced,2016-01-01
4506,1255,17,Advanced,2016-01-01
4507,1256,34,Advanced,2013-01-01
4508,1256,28,Advanced,2013-01-01
4509,1256,24,Advanced,2013-01-01
4510,1256,17,Advanced,2013-01-01
4511,1257,15,Advanced,2015-01-01
4512,1257,23,Advanced,2015-01-01
4513,1257,14,Advanced,2015-01-01
4514,1258,34,Advanced,2014-01-01
4515,1258,28,Advanced,2014-01-01
4516,1258,24,Advanced,2014-01-01
4517,1258,17,Advanced,2014-01-01
4518,1259,14,Beginner,2023-01-01
4519,1259,15,Beginner,2023-01-01
4520,1259,12,Beginner,2023-01-01
4521,1259,23,Beginner,2023-01-01
4522,1260,13,Advanced,2014-01-01
4523,1260,17,Advanced,2014-01-01
4524,1260,34,Advanced,2014-01-01
4525,1261,14,Advanced,2012-01-01
4526,1261,15,Advanced,2012-01-01
4527,1261,12,Advanced,2012-01-01
4528,1261,23,Advanced,2012-01-01
4529,1262,13,Expert,2009-01-01
4530,1262,17,Expert,2009-01-01
4531,1262,34,Expert,2009-01-01
4532,1263,14,Intermediate,2018-01-01
4533,1263,15,Intermediate,2018-01-01
4534,1263,12,Intermediate,2018-01-01
4535,1263,23,Intermediate,2018-01-01
4536,1264,15,Advanced,2017-01-01
4537,1264,23,Advanced,2017-01-01
4538,1264,14,Advanced,2017-01-01
4539,1265,16,Expert,1990-01-01
4540,1265,17,Expert,1990-01-01
4541,1265,26,Expert,1990-01-01
4542,1266,14,Advanced,2013-01-01
4543,1266,15,Advanced,2013-01-01
4544,1266,12,Advanced,2013-01-01
4545,1266,23,Advanced,2013-01-01
4546,1267,15,Intermediate,2019-01-01
4547,1267,23,Intermediate,2019-01-01
4548,1267,14,Intermediate,2019-01-01
4549,1268,34,Expert,2009-01-01
4550,1268,28,Expert,2009-01-01
4551,1268,24,Expert,2009-01-01
4552,1268,17,Expert,2009-01-01
4553,1269,33,Expert,1997-01-01
4554,1269,35,Expert,1997-01-01
4555,1269,8,Expert,1997-01-01
4556,1269,27,Expert,1997-01-01
4557,1270,32,Advanced,2014-01-01
4558,1270,26,Advanced,2014-01-01
4559,1270,7,Advanced,2014-01-01
4560,1271,34,Intermediate,2018-01-01
4561,1271,28,Intermediate,2018-01-01
4562,1271,24,Intermediate,2018-01-01
4563,1271,17,Intermediate,2018-01-01
4564,1272,34,Beginner,2023-01-01
4565,1272,17,Beginner,2023-01-01
4566,1272,24,Beginner,2023-01-01
4567,1273,15,Intermediate,2019-01-01
4568,1273,23,Intermediate,2019-01-01
4569,1273,14,Intermediate,2019-01-01
4570,1274,15,Beginner,2023-01-01
4571,1274,23,Beginner,2023-01-01
4572,1274,14,Beginner,2023-01-01
4573,1275,34,Expert,2011-01-01
4574,1275,28,Expert,2011-01-01
4575,1275,24,Expert,2011-01-01
4576,1275,17,Expert,2011-01-01
4577,1276,35,Expert,2009-01-01
4578,1276,18,Expert,2009-01-01
4579,1276,8,Expert,2009-01-01
4580,1276,32,Expert,2009-01-01
4581,1277,34,Intermediate,2019-01-01
4582,1277,28,Intermediate,2019-01-01
4583,1277,24,Intermediate,2019-01-01
4584,1277,17,Intermediate,2019-01-01
4585,1278,16,Expert,2000-01-01
4586,1278,17,Expert,2000-01-01
4587,1278,26,Expert,2000-01-01
4588,1279,13,Expert,2009-01-01
4589,1279,17,Expert,2009-01-01
4590,1279,34,Expert,2009-01-01
4591,1280,14,Intermediate,2018-01-01
4592,1280,15,Intermediate,2018-01-01
4593,1280,12,Intermediate,2018-01-01
4594,1280,23,Intermediate,2018-01-01
4595,1281,32,Expert,2005-01-01
4596,1281,26,Expert,2005-01-01
4597,1281,7,Expert,2005-01-01
4598,1282,34,Advanced,2014-01-01
4599,1282,28,Advanced,2014-01-01
4600,1282,24,Advanced,2014-01-01
4601,1282,17,Advanced,2014-01-01
4602,1283,14,Expert,2010-01-01
4603,1283,15,Expert,2010-01-01
4604,1283,12,Expert,2010-01-01
4605,1283,23,Expert,2010-01-01
4606,1284,14,Intermediate,2019-01-01
4607,1284,15,Intermediate,2019-01-01
4608,1284,12,Intermediate,2019-01-01
4609,1284,23,Intermediate,2019-01-01
4610,1285,16,Advanced,2015-01-01
4611,1285,17,Advanced,2015-01-01
4612,1285,26,Advanced,2015-01-01
4613,1286,34,Intermediate,2018-01-01
4614,1286,28,Intermediate,2018-01-01
4615,1286,24,Intermediate,2018-01-01
4616,1286,17,Intermediate,2018-01-01
4617,1287,15,Advanced,2017-01-01
4618,1287,23,Advanced,2017-01-01
4619,1287,14,Advanced,2017-01-01
4620,1288,13,Advanced,2014-01-01
4621,1288,17,Advanced,2014-01-01
4622,1288,34,Advanced,2014-01-01
4623,1289,33,Expert,2009-01-01
4624,1289,35,Expert,2009-01-01
4625,1289,8,Expert,2009-01-01
4626,1289,27,Expert,2009-01-01
4627,1290,32,Expert,2011-01-01
4628,1290,26,Expert,2011-01-01
4629,1290,7,Expert,2011-01-01
4630,1291,15,Advanced,2013-01-01
4631,1291,23,Advanced,2013-01-01
4632,1291,14,Advanced,2013-01-01
4633,1292,33,Advanced,2014-01-01
4634,1292,35,Advanced,2014-01-01
4635,1292,8,Advanced,2014-01-01
4636,1292,27,Advanced,2014-01-01
4637,1293,34,Advanced,2017-01-01
4638,1293,28,Advanced,2017-01-01
4639,1293,24,Advanced,2017-01-01
4640,1293,17,Advanced,2017-01-01
4641,1294,14,Advanced,2017-01-01
4642,1294,15,Advanced,2017-01-01
4643,1294,12,Advanced,2017-01-01
4644,1294,23,Advanced,2017-01-01
4645,1295,13,Advanced,2013-01-01
4646,1295,17,Advanced,2013-01-01
4647,1295,34,Advanced,2013-01-01
4648,1296,34,Expert,2001-01-01
4649,1296,28,Expert,2001-01-01
4650,1296,24,Expert,2001-01-01
4651,1296,17,Expert,2001-01-01
4652,1297,33,Advanced,2015-01-01
4653,1297,35,Advanced,2015-01-01
4654,1297,8,Advanced,2015-01-01
4655,1297,27,Advanced,2015-01-01
4656,1298,32,Intermediate,2018-01-01
4657,1298,26,Intermediate,2018-01-01
4658,1298,7,Intermediate,2018-01-01
4659,1299,13,Expert,2011-01-01
4660,1299,17,Expert,2011-01-01
4661,1299,34,Expert,2011-01-01
4662,1300,13,Advanced,2012-01-01
4663,1300,17,Advanced,2012-01-01
4664,1300,34,Advanced,2012-01-01
4665,1301,34,Advanced,2014-01-01
4666,1301,28,Advanced,2014-01-01
4667,1301,24,Advanced,2014-01-01
4668,1301,17,Advanced,2014-01-01
4669,1302,35,Expert,1987-01-01
4670,1302,18,Expert,1987-01-01
4671,1302,8,Expert,1987-01-01
4672,1302,32,Expert,1987-01-01
4673,1303,15,Intermediate,2018-01-01
4674,1303,23,Intermediate,2018-01-01
4675,1303,14,Intermediate,2018-01-01
4676,1304,33,Expert,1996-01-01
4677,1304,35,Expert,1996-01-01
4678,1304,8,Expert,1996-01-01
4679,1304,27,Expert,1996-01-01
4680,1305,13,Expert,2009-01-01
4681,1305,17,Expert,2009-01-01
4682,1305,34,Expert,2009-01-01
4683,1306,14,Expert,2010-01-01
4684,1306,15,Expert,2010-01-01
4685,1306,12,Expert,2010-01-01
4686,1306,23,Expert,2010-01-01
4687,1307,34,Advanced,2015-01-01
4688,1307,28,Advanced,2015-01-01
4689,1307,24,Advanced,2015-01-01
4690,1307,17,Advanced,2015-01-01
4691,1308,14,Intermediate,2021-01-01
4692,1308,15,Intermediate,2021-01-01
4693,1308,12,Intermediate,2021-01-01
4694,1308,23,Intermediate,2021-01-01
4695,1309,34,Expert,2004-01-01
4696,1309,17,Expert,2004-01-01
4697,1309,24,Expert,2004-01-01
4698,1310,34,Intermediate,2019-01-01
4699,1310,28,Intermediate,2019-01-01
4700,1310,24,Intermediate,2019-01-01
4701,1310,17,Intermediate,2019-01-01
4702,1311,16,Expert,2001-01-01
4703,1311,17,Expert,2001-01-01
4704,1311,26,Expert,2001-01-01
4705,1312,14,Beginner,2024-01-01
4706,1312,15,Beginner,2024-01-01
4707,1312,12,Beginner,2024-01-01
4708,1312,23,Beginner,2024-01-01
4709,1313,32,Beginner,2022-01-01
4710,1313,26,Beginner,2022-01-01
4711,1313,7,Beginner,2022-01-01
4712,1314,32,Intermediate,2020-01-01
4713,1314,26,Intermediate,2020-01-01
4714,1314,7,Intermediate,2020-01-01
4715,1315,34,Advanced,2014-01-01
4716,1315,28,Advanced,2014-01-01
4717,1315,24,Advanced,2014-01-01
4718,1315,17,Advanced,2014-01-01
4719,1316,14,Expert,2009-01-01
4720,1316,15,Expert,2009-01-01
4721,1316,12,Expert,2009-01-01
4722,1316,23,Expert,2009-01-01
4723,1317,34,Advanced,2017-01-01
4724,1317,28,Advanced,2017-01-01
4725,1317,24,Advanced,2017-01-01
4726,1317,17,Advanced,2017-01-01
4727,1318,15,Intermediate,2018-01-01
4728,1318,23,Intermediate,2018-01-01
4729,1318,14,Intermediate,2018-01-01
4730,1319,15,Advanced,2013-01-01
4731,1319,23,Advanced,2013-01-01
4732,1319,14,Advanced,2013-01-01
4733,1320,34,Intermediate,2020-01-01
4734,1320,28,Intermediate,2020-01-01
4735,1320,24,Intermediate,2020-01-01
4736,1320,17,Intermediate,2020-01-01
4737,1321,14,Advanced,2014-01-01
4738,1321,15,Advanced,2014-01-01
4739,1321,12,Advanced,2014-01-01
4740,1321,23,Advanced,2014-01-01
4741,1322,15,Advanced,2017-01-01
4742,1322,23,Advanced,2017-01-01
4743,1322,14,Advanced,2017-01-01
4744,1323,33,Advanced,2012-01-01
4745,1323,35,Advanced,2012-01-01
4746,1323,8,Advanced,2012-01-01
4747,1323,27,Advanced,2012-01-01
4748,1324,32,Intermediate,2021-01-01
4749,1324,26,Intermediate,2021-01-01
4750,1324,7,Intermediate,2021-01-01
4751,1325,13,Advanced,2013-01-01
4752,1325,17,Advanced,2013-01-01
4753,1325,34,Advanced,2013-01-01
4754,1326,15,Advanced,2016-01-01
4755,1326,23,Advanced,2016-01-01
4756,1326,14,Advanced,2016-01-01
4757,1327,34,Advanced,2017-01-01
4758,1327,28,Advanced,2017-01-01
4759,1327,24,Advanced,2017-01-01
4760,1327,17,Advanced,2017-01-01
4761,1328,34,Expert,1999-01-01
4762,1328,28,Expert,1999-01-01
4763,1328,24,Expert,1999-01-01
4764,1328,17,Expert,1999-01-01
4765,1329,34,Advanced,2015-01-01
4766,1329,17,Advanced,2015-01-01
4767,1329,24,Advanced,2015-01-01
4768,1330,32,Beginner,2023-01-01
4769,1330,26,Beginner,2023-01-01
4770,1330,7,Beginner,2023-01-01
4771,1331,35,Expert,2003-01-01
4772,1331,18,Expert,2003-01-01
4773,1331,8,Expert,2003-01-01
4774,1331,32,Expert,2003-01-01
4775,1332,16,Expert,1995-01-01
4776,1332,17,Expert,1995-01-01
4777,1332,26,Expert,1995-01-01
4778,1333,14,Beginner,2023-01-01
4779,1333,15,Beginner,2023-01-01
4780,1333,12,Beginner,2023-01-01
4781,1333,23,Beginner,2023-01-01
4782,1334,34,Expert,2010-01-01
4783,1334,28,Expert,2010-01-01
4784,1334,24,Expert,2010-01-01
4785,1334,17,Expert,2010-01-01
4786,1335,14,Advanced,2016-01-01
4787,1335,15,Advanced,2016-01-01
4788,1335,12,Advanced,2016-01-01
4789,1335,23,Advanced,2016-01-01
4790,1336,14,Advanced,2017-01-01
4791,1336,15,Advanced,2017-01-01
4792,1336,12,Advanced,2017-01-01
4793,1336,23,Advanced,2017-01-01
4794,1337,14,Expert,2005-01-01
4795,1337,15,Expert,2005-01-01
4796,1337,12,Expert,2005-01-01
4797,1337,23,Expert,2005-01-01
4798,1338,34,Beginner,2023-01-01
4799,1338,17,Beginner,2023-01-01
4800,1338,24,Beginner,2023-01-01
4801,1339,34,Beginner,2023-01-01
4802,1339,17,Beginner,2023-01-01
4803,1339,24,Beginner,2023-01-01
4804,1340,14,Beginner,2023-01-01
4805,1340,15,Beginner,2023-01-01
4806,1340,12,Beginner,2023-01-01
4807,1340,23,Beginner,2023-01-01
4808,1341,34,Advanced,2014-01-01
4809,1341,28,Advanced,2014-01-01
4810,1341,24,Advanced,2014-01-01
4811,1341,17,Advanced,2014-01-01
4812,1342,15,Advanced,2014-01-01
4813,1342,23,Advanced,2014-01-01
4814,1342,14,Advanced,2014-01-01
4815,1343,34,Advanced,2015-01-01
4816,1343,28,Advanced,2015-01-01
4817,1343,24,Advanced,2015-01-01
4818,1343,17,Advanced,2015-01-01
4819,1344,15,Advanced,2013-01-01
4820,1344,23,Advanced,2013-01-01
4821,1344,14,Advanced,2013-01-01
4822,1345,14,Expert,2008-01-01
4823,1345,15,Expert,2008-01-01
4824,1345,12,Expert,2008-01-01
4825,1345,23,Expert,2008-01-01
4826,1346,33,Intermediate,2020-01-01
4827,1346,35,Intermediate,2020-01-01
4828,1346,8,Intermediate,2020-01-01
4829,1346,27,Intermediate,2020-01-01
4830,1347,33,Advanced,2014-01-01
4831,1347,35,Advanced,2014-01-01
4832,1347,8,Advanced,2014-01-01
4833,1347,27,Advanced,2014-01-01
4834,1348,32,Advanced,2014-01-01
4835,1348,26,Advanced,2014-01-01
4836,1348,7,Advanced,2014-01-01
4837,1349,35,Expert,2002-01-01
4838,1349,18,Expert,2002-01-01
4839,1349,8,Expert,2002-01-01
4840,1349,32,Expert,2002-01-01
4841,1350,14,Beginner,2023-01-01
4842,1350,15,Beginner,2023-01-01
4843,1350,12,Beginner,2023-01-01
4844,1350,23,Beginner,2023-01-01
4845,1351,34,Advanced,2015-01-01
4846,1351,28,Advanced,2015-01-01
4847,1351,24,Advanced,2015-01-01
4848,1351,17,Advanced,2015-01-01
4849,1352,35,Expert,2000-01-01
4850,1352,18,Expert,2000-01-01
4851,1352,8,Expert,2000-01-01
4852,1352,32,Expert,2000-01-01
4853,1353,13,Advanced,2014-01-01
4854,1353,17,Advanced,2014-01-01
4855,1353,34,Advanced,2014-01-01
4856,1354,14,Intermediate,2019-01-01
4857,1354,15,Intermediate,2019-01-01
4858,1354,12,Intermediate,2019-01-01
4859,1354,23,Intermediate,2019-01-01
4860,1355,15,Intermediate,2019-01-01
4861,1355,23,Intermediate,2019-01-01
4862,1355,14,Intermediate,2019-01-01
4863,1356,34,Advanced,2012-01-01
4864,1356,28,Advanced,2012-01-01
4865,1356,24,Advanced,2012-01-01
4866,1356,17,Advanced,2012-01-01
4867,1357,34,Expert,2010-01-01
4868,1357,28,Expert,2010-01-01
4869,1357,24,Expert,2010-01-01
4870,1357,17,Expert,2010-01-01
4871,1358,16,Expert,2006-01-01
4872,1358,17,Expert,2006-01-01
4873,1358,26,Expert,2006-01-01
4874,1359,34,Advanced,2016-01-01
4875,1359,28,Advanced,2016-01-01
4876,1359,24,Advanced,2016-01-01
4877,1359,17,Advanced,2016-01-01
4878,1360,34,Advanced,2015-01-01
4879,1360,28,Advanced,2015-01-01
4880,1360,24,Advanced,2015-01-01
4881,1360,17,Advanced,2015-01-01
4882,1361,15,Intermediate,2020-01-01
4883,1361,23,Intermediate,2020-01-01
4884,1361,14,Intermediate,2020-01-01
4885,1362,15,Advanced,2016-01-01
4886,1362,23,Advanced,2016-01-01
4887,1362,14,Advanced,2016-01-01
4888,1363,13,Advanced,2012-01-01
4889,1363,17,Advanced,2012-01-01
4890,1363,34,Advanced,2012-01-01
4891,1364,34,Advanced,2014-01-01
4892,1364,28,Advanced,2014-01-01
4893,1364,24,Advanced,2014-01-01
4894,1364,17,Advanced,2014-01-01
4895,1365,34,Advanced,2017-01-01
4896,1365,28,Advanced,2017-01-01
4897,1365,24,Advanced,2017-01-01
4898,1365,17,Advanced,2017-01-01
4899,1366,34,Beginner,2023-01-01
4900,1366,17,Beginner,2023-01-01
4901,1366,24,Beginner,2023-01-01
4902,1367,34,Advanced,2014-01-01
4903,1367,28,Advanced,2014-01-01
4904,1367,24,Advanced,2014-01-01
4905,1367,17,Advanced,2014-01-01
4906,1368,14,Intermediate,2018-01-01
4907,1368,15,Intermediate,2018-01-01
4908,1368,12,Intermediate,2018-01-01
4909,1368,23,Intermediate,2018-01-01
4910,1369,14,Expert,2008-01-01
4911,1369,15,Expert,2008-01-01
4912,1369,12,Expert,2008-01-01
4913,1369,23,Expert,2008-01-01
4914,1370,34,Intermediate,2018-01-01
4915,1370,28,Intermediate,2018-01-01
4916,1370,24,Intermediate,2018-01-01
4917,1370,17,Intermediate,2018-01-01
4918,1371,14,Expert,2008-01-01
4919,1371,15,Expert,2008-01-01
4920,1371,12,Expert,2008-01-01
4921,1371,23,Expert,2008-01-01
4922,1372,34,Intermediate,2018-01-01
4923,1372,28,Intermediate,2018-01-01
4924,1372,24,Intermediate,2018-01-01
4925,1372,17,Intermediate,2018-01-01
4926,1373,33,Advanced,2014-01-01
4927,1373,35,Advanced,2014-01-01
4928,1373,8,Advanced,2014-01-01
4929,1373,27,Advanced,2014-01-01
4930,1374,14,Expert,2004-01-01
4931,1374,15,Expert,2004-01-01
4932,1374,12,Expert,2004-01-01
4933,1374,23,Expert,2004-01-01
4934,1375,35,Expert,1995-01-01
4935,1375,18,Expert,1995-01-01
4936,1375,8,Expert,1995-01-01
4937,1375,32,Expert,1995-01-01
4938,1376,14,Advanced,2016-01-01
4939,1376,15,Advanced,2016-01-01
4940,1376,12,Advanced,2016-01-01
4941,1376,23,Advanced,2016-01-01
4942,1377,14,Advanced,2014-01-01
4943,1377,15,Advanced,2014-01-01
4944,1377,12,Advanced,2014-01-01
4945,1377,23,Advanced,2014-01-01
4946,1378,16,Expert,1996-01-01
4947,1378,17,Expert,1996-01-01
4948,1378,26,Expert,1996-01-01
4949,1379,34,Expert,2010-01-01
4950,1379,28,Expert,2010-01-01
4951,1379,24,Expert,2010-01-01
4952,1379,17,Expert,2010-01-01
4953,1380,32,Beginner,2023-01-01
4954,1380,26,Beginner,2023-01-01
4955,1380,7,Beginner,2023-01-01
4956,1381,34,Intermediate,2018-01-01
4957,1381,28,Intermediate,2018-01-01
4958,1381,24,Intermediate,2018-01-01
4959,1381,17,Intermediate,2018-01-01
4960,1382,14,Intermediate,2019-01-01
4961,1382,15,Intermediate,2019-01-01
4962,1382,12,Intermediate,2019-01-01
4963,1382,23,Intermediate,2019-01-01
4964,1383,14,Intermediate,2020-01-01
4965,1383,15,Intermediate,2020-01-01
4966,1383,12,Intermediate,2020-01-01
4967,1383,23,Intermediate,2020-01-01
4968,1384,15,Intermediate,2019-01-01
4969,1384,23,Intermediate,2019-01-01
4970,1384,14,Intermediate,2019-01-01
4971,1385,34,Expert,2010-01-01
4972,1385,28,Expert,2010-01-01
4973,1385,24,Expert,2010-01-01
4974,1385,17,Expert,2010-01-01
4975,1386,34,Advanced,2015-01-01
4976,1386,28,Advanced,2015-01-01
4977,1386,24,Advanced,2015-01-01
4978,1386,17,Advanced,2015-01-01
4979,1387,15,Advanced,2016-01-01
4980,1387,23,Advanced,2016-01-01
4981,1387,14,Advanced,2016-01-01
4982,1388,13,Intermediate,2018-01-01
4983,1388,17,Intermediate,2018-01-01
4984,1388,34,Intermediate,2018-01-01
4985,1389,13,Advanced,2015-01-01
4986,1389,17,Advanced,2015-01-01
4987,1389,34,Advanced,2015-01-01
4988,1390,14,Advanced,2014-01-01
4989,1390,15,Advanced,2014-01-01
4990,1390,12,Advanced,2014-01-01
4991,1390,23,Advanced,2014-01-01
4992,1391,15,Intermediate,2018-01-01
4993,1391,23,Intermediate,2018-01-01
4994,1391,14,Intermediate,2018-01-01
4995,1392,34,Expert,2004-01-01
4996,1392,17,Expert,2004-01-01
4997,1392,24,Expert,2004-01-01
4998,1393,34,Advanced,2014-01-01
4999,1393,28,Advanced,2014-01-01
5000,1393,24,Advanced,2014-01-01
5001,1393,17,Advanced,2014-01-01
5002,1394,34,Advanced,2017-01-01
5003,1394,28,Advanced,2017-01-01
5004,1394,24,Advanced,2017-01-01
5005,1394,17,Advanced,2017-01-01
5006,1395,33,Advanced,2016-01-01
5007,1395,35,Advanced,2016-01-01
5008,1395,8,Advanced,2016-01-01
5009,1395,27,Advanced,2016-01-01
5010,1396,34,Advanced,2014-01-01
5011,1396,28,Advanced,2014-01-01
5012,1396,24,Advanced,2014-01-01
5013,1396,17,Advanced,2014-01-01
5014,1397,34,Expert,2009-01-01
5015,1397,28,Expert,2009-01-01
5016,1397,24,Expert,2009-01-01
5017,1397,17,Expert,2009-01-01
5018,1398,14,Advanced,2015-01-01
5019,1398,15,Advanced,2015-01-01
5020,1398,12,Advanced,2015-01-01
5021,1398,23,Advanced,2015-01-01
5022,1399,13,Advanced,2015-01-01
5023,1399,17,Advanced,2015-01-01
5024,1399,34,Advanced,2015-01-01
5025,1400,13,Advanced,2014-01-01
5026,1400,17,Advanced,2014-01-01
5027,1400,34,Advanced,2014-01-01
5028,1401,32,Advanced,2017-01-01
5029,1401,26,Advanced,2017-01-01
5030,1401,7,Advanced,2017-01-01
5031,1402,35,Expert,1989-01-01
5032,1402,18,Expert,1989-01-01
5033,1402,8,Expert,1989-01-01
5034,1402,32,Expert,1989-01-01
5035,1403,15,Beginner,2023-01-01
5036,1403,23,Beginner,2023-01-01
5037,1403,14,Beginner,2023-01-01
5038,1404,34,Expert,2003-01-01
5039,1404,28,Expert,2003-01-01
5040,1404,24,Expert,2003-01-01
5041,1404,17,Expert,2003-01-01
5042,1405,14,Expert,2004-01-01
5043,1405,15,Expert,2004-01-01
5044,1405,12,Expert,2004-01-01
5045,1405,23,Expert,2004-01-01
5046,1406,16,Expert,2011-01-01
5047,1406,17,Expert,2011-01-01
5048,1406,26,Expert,2011-01-01
5049,1407,33,Advanced,2015-01-01
5050,1407,35,Advanced,2015-01-01
5051,1407,8,Advanced,2015-01-01
5052,1407,27,Advanced,2015-01-01
5053,1408,13,Intermediate,2020-01-01
5054,1408,17,Intermediate,2020-01-01
5055,1408,34,Intermediate,2020-01-01
5056,1409,15,Intermediate,2019-01-01
5057,1409,23,Intermediate,2019-01-01
5058,1409,14,Intermediate,2019-01-01
5059,1410,15,Advanced,2014-01-01
5060,1410,23,Advanced,2014-01-01
5061,1410,14,Advanced,2014-01-01
5062,1411,34,Expert,2009-01-01
5063,1411,28,Expert,2009-01-01
5064,1411,24,Expert,2009-01-01
5065,1411,17,Expert,2009-01-01
5066,1412,32,Intermediate,2018-01-01
5067,1412,26,Intermediate,2018-01-01
5068,1412,7,Intermediate,2018-01-01
5069,1413,15,Advanced,2012-01-01
5070,1413,23,Advanced,2012-01-01
5071,1413,14,Advanced,2012-01-01
5072,1414,15,Advanced,2017-01-01
5073,1414,23,Advanced,2017-01-01
5074,1414,14,Advanced,2017-01-01
5075,1415,13,Expert,1999-01-01
5076,1415,17,Expert,1999-01-01
5077,1415,34,Expert,1999-01-01
5078,1416,15,Beginner,2023-01-01
5079,1416,23,Beginner,2023-01-01
5080,1416,14,Beginner,2023-01-01
5081,1417,34,Expert,2008-01-01
5082,1417,28,Expert,2008-01-01
5083,1417,24,Expert,2008-01-01
5084,1417,17,Expert,2008-01-01
5085,1418,34,Intermediate,2021-01-01
5086,1418,17,Intermediate,2021-01-01
5087,1418,24,Intermediate,2021-01-01
5088,1419,33,Advanced,2014-01-01
5089,1419,35,Advanced,2014-01-01
5090,1419,8,Advanced,2014-01-01
5091,1419,27,Advanced,2014-01-01
5092,1420,14,Advanced,2015-01-01
5093,1420,15,Advanced,2015-01-01
5094,1420,12,Advanced,2015-01-01
5095,1420,23,Advanced,2015-01-01
5096,1421,14,Advanced,2012-01-01
5097,1421,15,Advanced,2012-01-01
5098,1421,12,Advanced,2012-01-01
5099,1421,23,Advanced,2012-01-01
5100,1422,16,Expert,2010-01-01
5101,1422,17,Expert,2010-01-01
5102,1422,26,Expert,2010-01-01
5103,1423,15,Intermediate,2019-01-01
5104,1423,23,Intermediate,2019-01-01
5105,1423,14,Intermediate,2019-01-01
5106,1424,14,Intermediate,2020-01-01
5107,1424,15,Intermediate,2020-01-01
5108,1424,12,Intermediate,2020-01-01
5109,1424,23,Intermediate,2020-01-01
5110,1425,14,Advanced,2014-01-01
5111,1425,15,Advanced,2014-01-01
5112,1425,12,Advanced,2014-01-01
5113,1425,23,Advanced,2014-01-01
5114,1426,13,Advanced,2014-01-01
5115,1426,17,Advanced,2014-01-01
5116,1426,34,Advanced,2014-01-01
5117,1427,15,Intermediate,2018-01-01
5118,1427,23,Intermediate,2018-01-01
5119,1427,14,Intermediate,2018-01-01
5120,1428,15,Advanced,2016-01-01
5121,1428,23,Advanced,2016-01-01
5122,1428,14,Advanced,2016-01-01
5123,1429,34,Intermediate,2021-01-01
5124,1429,17,Intermediate,2021-01-01
5125,1429,24,Intermediate,2021-01-01
5126,1430,14,Expert,2006-01-01
5127,1430,15,Expert,2006-01-01
5128,1430,12,Expert,2006-01-01
5129,1430,23,Expert,2006-01-01
5130,1431,16,Expert,2004-01-01
5131,1431,17,Expert,2004-01-01
5132,1431,26,Expert,2004-01-01
5133,1432,34,Expert,2010-01-01
5134,1432,28,Expert,2010-01-01
5135,1432,24,Expert,2010-01-01
5136,1432,17,Expert,2010-01-01
5137,1433,16,Expert,2008-01-01
5138,1433,17,Expert,2008-01-01
5139,1433,26,Expert,2008-01-01
5140,1434,34,Intermediate,2018-01-01
5141,1434,28,Intermediate,2018-01-01
5142,1434,24,Intermediate,2018-01-01
5143,1434,17,Intermediate,2018-01-01
5144,1435,34,Expert,2008-01-01
5145,1435,17,Expert,2008-01-01
5146,1435,24,Expert,2008-01-01
5147,1436,14,Intermediate,2018-01-01
5148,1436,15,Intermediate,2018-01-01
5149,1436,12,Intermediate,2018-01-01
5150,1436,23,Intermediate,2018-01-01
5151,1437,34,Beginner,2022-01-01
5152,1437,17,Beginner,2022-01-01
5153,1437,24,Beginner,2022-01-01
5154,1438,35,Expert,2003-01-01
5155,1438,18,Expert,2003-01-01
5156,1438,8,Expert,2003-01-01
5157,1438,32,Expert,2003-01-01
5158,1439,34,Beginner,2023-01-01
5159,1439,17,Beginner,2023-01-01
5160,1439,24,Beginner,2023-01-01
5161,1440,34,Advanced,2014-01-01
5162,1440,28,Advanced,2014-01-01
5163,1440,24,Advanced,2014-01-01
5164,1440,17,Advanced,2014-01-01
5165,1441,33,Expert,2006-01-01
5166,1441,35,Expert,2006-01-01
5167,1441,8,Expert,2006-01-01
5168,1441,27,Expert,2006-01-01
5169,1442,13,Expert,2011-01-01
5170,1442,17,Expert,2011-01-01
5171,1442,34,Expert,2011-01-01
5172,1443,14,Intermediate,2020-01-01
5173,1443,15,Intermediate,2020-01-01
5174,1443,12,Intermediate,2020-01-01
5175,1443,23,Intermediate,2020-01-01
5176,1444,35,Expert,2000-01-01
5177,1444,18,Expert,2000-01-01
5178,1444,8,Expert,2000-01-01
5179,1444,32,Expert,2000-01-01
5180,1445,15,Expert,2010-01-01
5181,1445,23,Expert,2010-01-01
5182,1445,14,Expert,2010-01-01
5183,1446,33,Expert,2003-01-01
5184,1446,35,Expert,2003-01-01
5185,1446,8,Expert,2003-01-01
5186,1446,27,Expert,2003-01-01
5187,1447,34,Advanced,2016-01-01
5188,1447,28,Advanced,2016-01-01
5189,1447,24,Advanced,2016-01-01
5190,1447,17,Advanced,2016-01-01
5191,1448,34,Expert,2009-01-01
5192,1448,28,Expert,2009-01-01
5193,1448,24,Expert,2009-01-01
5194,1448,17,Expert,2009-01-01
5195,1449,34,Expert,2010-01-01
5196,1449,28,Expert,2010-01-01
5197,1449,24,Expert,2010-01-01
5198,1449,17,Expert,2010-01-01
5199,1450,14,Intermediate,2020-01-01
5200,1450,15,Intermediate,2020-01-01
5201,1450,12,Intermediate,2020-01-01
5202,1450,23,Intermediate,2020-01-01
5203,1451,32,Advanced,2015-01-01
5204,1451,26,Advanced,2015-01-01
5205,1451,7,Advanced,2015-01-01
5206,1452,34,Advanced,2014-01-01
5207,1452,28,Advanced,2014-01-01
5208,1452,24,Advanced,2014-01-01
5209,1452,17,Advanced,2014-01-01
5210,1453,34,Advanced,2012-01-01
5211,1453,28,Advanced,2012-01-01
5212,1453,24,Advanced,2012-01-01
5213,1453,17,Advanced,2012-01-01
5214,1454,34,Advanced,2016-01-01
5215,1454,28,Advanced,2016-01-01
5216,1454,24,Advanced,2016-01-01
5217,1454,17,Advanced,2016-01-01
5218,1455,34,Advanced,2016-01-01
5219,1455,28,Advanced,2016-01-01
5220,1455,24,Advanced,2016-01-01
5221,1455,17,Advanced,2016-01-01
5222,1456,14,Advanced,2016-01-01
5223,1456,15,Advanced,2016-01-01
5224,1456,12,Advanced,2016-01-01
5225,1456,23,Advanced,2016-01-01
5226,1457,13,Advanced,2014-01-01
5227,1457,17,Advanced,2014-01-01
5228,1457,34,Advanced,2014-01-01
5229,1458,14,Expert,2004-01-01
5230,1458,15,Expert,2004-01-01
5231,1458,12,Expert,2004-01-01
5232,1458,23,Expert,2004-01-01
5233,1459,14,Intermediate,2020-01-01
5234,1459,15,Intermediate,2020-01-01
5235,1459,12,Intermediate,2020-01-01
5236,1459,23,Intermediate,2020-01-01
5237,1460,15,Advanced,2014-01-01
5238,1460,23,Advanced,2014-01-01
5239,1460,14,Advanced,2014-01-01
5240,1461,14,Intermediate,2019-01-01
5241,1461,15,Intermediate,2019-01-01
5242,1461,12,Intermediate,2019-01-01
5243,1461,23,Intermediate,2019-01-01
5244,1462,34,Expert,2004-01-01
5245,1462,28,Expert,2004-01-01
5246,1462,24,Expert,2004-01-01
5247,1462,17,Expert,2004-01-01
5248,1463,34,Expert,2003-01-01
5249,1463,28,Expert,2003-01-01
5250,1463,24,Expert,2003-01-01
5251,1463,17,Expert,2003-01-01
5252,1464,33,Advanced,2014-01-01
5253,1464,35,Advanced,2014-01-01
5254,1464,8,Advanced,2014-01-01
5255,1464,27,Advanced,2014-01-01
5256,1465,34,Intermediate,2019-01-01
5257,1465,17,Intermediate,2019-01-01
5258,1465,24,Intermediate,2019-01-01
5259,1466,15,Expert,2007-01-01
5260,1466,23,Expert,2007-01-01
5261,1466,14,Expert,2007-01-01
5262,1467,13,Advanced,2015-01-01
5263,1467,17,Advanced,2015-01-01
5264,1467,34,Advanced,2015-01-01
5265,1468,33,Intermediate,2018-01-01
5266,1468,35,Intermediate,2018-01-01
5267,1468,8,Intermediate,2018-01-01
5268,1468,27,Intermediate,2018-01-01
5269,1469,34,Expert,2007-01-01
5270,1469,28,Expert,2007-01-01
5271,1469,24,Expert,2007-01-01
5272,1469,17,Expert,2007-01-01
5273,1470,15,Intermediate,2018-01-01
5274,1470,23,Intermediate,2018-01-01
5275,1470,14,Intermediate,2018-01-01
