user_id,full_name,email,location,years_experience,created_at
1,Female Employee 1,emp1@careerplatform.com,"New York, US",8,2024-01-15 09:00:00
2,Male Employee 2,emp2@careerplatform.com,"San Francisco, US",10,2024-01-15 09:00:00
3,Male Employee 4,emp4@careerplatform.com,"San Francisco, US",7,2024-01-15 09:00:00
4,Female Employee 5,emp5@careerplatform.com,"San Francisco, US",8,2024-01-15 09:00:00
5,Male Employee 7,emp7@careerplatform.com,"San Francisco, US",6,2024-01-15 09:00:00
6,Male Employee 8,emp8@careerplatform.com,"San Francisco, US",8,2024-01-15 09:00:00
7,Female Employee 10,emp10@careerplatform.com,"San Francisco, US",12,2024-01-15 09:00:00
8,Male Employee 11,emp11@careerplatform.com,"San Francisco, US",1,2024-01-15 09:00:00
9,Male Employee 12,emp12@careerplatform.com,"San Francisco, US",10,2024-01-15 09:00:00
10,Male Employee 13,emp13@careerplatform.com,"San Francisco, US",17,2024-01-15 09:00:00
11,Male Employee 14,emp14@careerplatform.com,"San Francisco, US",6,2024-01-15 09:00:00
12,Female Employee 15,emp15@careerplatform.com,"San Francisco, US",10,2024-01-15 09:00:00
13,Male Employee 16,emp16@careerplatform.com,"San Francisco, US",5,2024-01-15 09:00:00
14,Male Employee 18,emp18@careerplatform.com,"San Francisco, US",3,2024-01-15 09:00:00
15,Male Employee 19,emp19@careerplatform.com,"San Francisco, US",6,2024-01-15 09:00:00
16,Female Employee 20,emp20@careerplatform.com,"San Francisco, US",10,2024-01-15 09:00:00
17,Male Employee 21,emp21@careerplatform.com,"San Francisco, US",7,2024-01-15 09:00:00
18,Male Employee 22,emp22@careerplatform.com,"San Francisco, US",1,2024-01-15 09:00:00
19,Female Employee 23,emp23@careerplatform.com,"New York, US",31,2024-01-15 09:00:00
20,Male Employee 24,emp24@careerplatform.com,"San Francisco, US",6,2024-01-15 09:00:00
21,Female Employee 26,emp26@careerplatform.com,"San Francisco, US",5,2024-01-15 09:00:00
22,Male Employee 27,emp27@careerplatform.com,"New York, US",10,2024-01-15 09:00:00
23,Female Employee 28,emp28@careerplatform.com,"San Francisco, US",13,2024-01-15 09:00:00
24,Male Employee 30,emp30@careerplatform.com,"San Francisco, US",0,2024-01-15 09:00:00
25,Male Employee 31,emp31@careerplatform.com,"San Francisco, US",8,2024-01-15 09:00:00
26,Female Employee 32,emp32@careerplatform.com,"San Francisco, US",26,2024-01-15 09:00:00
27,Female Employee 33,emp33@careerplatform.com,"San Francisco, US",10,2024-01-15 09:00:00
28,Male Employee 35,emp35@careerplatform.com,"New York, US",10,2024-01-15 09:00:00
29,Female Employee 36,emp36@careerplatform.com,"San Francisco, US",24,2024-01-15 09:00:00
30,Female Employee 38,emp38@careerplatform.com,"New York, US",22,2024-01-15 09:00:00
31,Male Employee 39,emp39@careerplatform.com,"San Francisco, US",7,2024-01-15 09:00:00
32,Male Employee 40,emp40@careerplatform.com,"San Francisco, US",9,2024-01-15 09:00:00
33,Male Employee 41,emp41@careerplatform.com,"San Francisco, US",10,2024-01-15 09:00:00
34,Male Employee 42,emp42@careerplatform.com,"New York, US",19,2024-01-15 09:00:00
35,Male Employee 45,emp45@careerplatform.com,"San Francisco, US",6,2024-01-15 09:00:00
36,Female Employee 46,emp46@careerplatform.com,"San Francisco, US",6,2024-01-15 09:00:00
37,Male Employee 47,emp47@careerplatform.com,"New York, US",3,2024-01-15 09:00:00
38,Female Employee 49,emp49@careerplatform.com,"New York, US",2,2024-01-15 09:00:00
39,Female Employee 51,emp51@careerplatform.com,"San Francisco, US",6,2024-01-15 09:00:00
40,Female Employee 52,emp52@careerplatform.com,"New York, US",10,2024-01-15 09:00:00
41,Male Employee 53,emp53@careerplatform.com,"San Francisco, US",1,2024-01-15 09:00:00
42,Female Employee 54,emp54@careerplatform.com,"San Francisco, US",1,2024-01-15 09:00:00
43,Male Employee 55,emp55@careerplatform.com,"San Francisco, US",1,2024-01-15 09:00:00
44,Male Employee 56,emp56@careerplatform.com,"New York, US",9,2024-01-15 09:00:00
45,Female Employee 57,emp57@careerplatform.com,"San Francisco, US",12,2024-01-15 09:00:00
46,Female Employee 58,emp58@careerplatform.com,"San Francisco, US",23,2024-01-15 09:00:00
47,Male Employee 60,emp60@careerplatform.com,"New York, US",10,2024-01-15 09:00:00
48,Male Employee 61,emp61@careerplatform.com,"San Francisco, US",8,2024-01-15 09:00:00
49,Male Employee 62,emp62@careerplatform.com,"New York, US",14,2024-01-15 09:00:00
50,Male Employee 63,emp63@careerplatform.com,"San Francisco, US",1,2024-01-15 09:00:00
51,Male Employee 64,emp64@careerplatform.com,"San Francisco, US",23,2024-01-15 09:00:00
52,Male Employee 65,emp65@careerplatform.com,"San Francisco, US",2,2024-01-15 09:00:00
53,Female Employee 68,emp68@careerplatform.com,"New York, US",9,2024-01-15 09:00:00
54,Male Employee 70,emp70@careerplatform.com,"San Francisco, US",10,2024-01-15 09:00:00
55,Female Employee 72,emp72@careerplatform.com,"New York, US",5,2024-01-15 09:00:00
56,Female Employee 73,emp73@careerplatform.com,"San Francisco, US",15,2024-01-15 09:00:00
57,Male Employee 74,emp74@careerplatform.com,"New York, US",9,2024-01-15 09:00:00
58,Female Employee 75,emp75@careerplatform.com,"San Francisco, US",4,2024-01-15 09:00:00
59,Male Employee 76,emp76@careerplatform.com,"San Francisco, US",10,2024-01-15 09:00:00
60,Male Employee 77,emp77@careerplatform.com,"San Francisco, US",7,2024-01-15 09:00:00
61,Male Employee 78,emp78@careerplatform.com,"San Francisco, US",9,2024-01-15 09:00:00
62,Female Employee 79,emp79@careerplatform.com,"San Francisco, US",10,2024-01-15 09:00:00
63,Female Employee 80,emp80@careerplatform.com,"San Francisco, US",29,2024-01-15 09:00:00
64,Female Employee 81,emp81@careerplatform.com,"New York, US",28,2024-01-15 09:00:00
65,Female Employee 83,emp83@careerplatform.com,"San Francisco, US",17,2024-01-15 09:00:00
66,Female Employee 84,emp84@careerplatform.com,"San Francisco, US",21,2024-01-15 09:00:00
67,Male Employee 85,emp85@careerplatform.com,"San Francisco, US",6,2024-01-15 09:00:00
68,Male Employee 86,emp86@careerplatform.com,"San Francisco, US",25,2024-01-15 09:00:00
69,Male Employee 88,emp88@careerplatform.com,"San Francisco, US",5,2024-01-15 09:00:00
70,Male Employee 90,emp90@careerplatform.com,"San Francisco, US",2,2024-01-15 09:00:00
71,Female Employee 91,emp91@careerplatform.com,"New York, US",20,2024-01-15 09:00:00
72,Male Employee 94,emp94@careerplatform.com,"San Francisco, US",6,2024-01-15 09:00:00
73,Male Employee 95,emp95@careerplatform.com,"San Francisco, US",1,2024-01-15 09:00:00
74,Male Employee 96,emp96@careerplatform.com,"San Francisco, US",10,2024-01-15 09:00:00
75,Female Employee 97,emp97@careerplatform.com,"San Francisco, US",5,2024-01-15 09:00:00
76,Female Employee 98,emp98@careerplatform.com,"San Francisco, US",11,2024-01-15 09:00:00
77,Male Employee 100,emp100@careerplatform.com,"New York, US",16,2024-01-15 09:00:00
78,Male Employee 101,emp101@careerplatform.com,"San Francisco, US",17,2024-01-15 09:00:00
79,Male Employee 102,emp102@careerplatform.com,"San Francisco, US",16,2024-01-15 09:00:00
80,Male Employee 103,emp103@careerplatform.com,"Chicago, US",16,2024-01-15 09:00:00
81,Male Employee 104,emp104@careerplatform.com,"San Francisco, US",10,2024-01-15 09:00:00
82,Male Employee 105,emp105@careerplatform.com,"San Francisco, US",6,2024-01-15 09:00:00
83,Male Employee 106,emp106@careerplatform.com,"New York, US",24,2024-01-15 09:00:00
84,Female Employee 107,emp107@careerplatform.com,"San Francisco, US",17,2024-01-15 09:00:00
85,Male Employee 110,emp110@careerplatform.com,"San Francisco, US",5,2024-01-15 09:00:00
86,Male Employee 112,emp112@careerplatform.com,"San Francisco, US",37,2024-01-15 09:00:00
87,Male Employee 113,emp113@careerplatform.com,"New York, US",3,2024-01-15 09:00:00
88,Male Employee 116,emp116@careerplatform.com,"San Francisco, US",10,2024-01-15 09:00:00
89,Male Employee 117,emp117@careerplatform.com,"San Francisco, US",11,2024-01-15 09:00:00
90,Male Employee 118,emp118@careerplatform.com,"New York, US",9,2024-01-15 09:00:00
91,Male Employee 119,emp119@careerplatform.com,"San Francisco, US",22,2024-01-15 09:00:00
92,Male Employee 120,emp120@careerplatform.com,"New York, US",11,2024-01-15 09:00:00
93,Female Employee 121,emp121@careerplatform.com,"New York, US",11,2024-01-15 09:00:00
94,Male Employee 124,emp124@careerplatform.com,"San Francisco, US",21,2024-01-15 09:00:00
95,Male Employee 125,emp125@careerplatform.com,"New York, US",12,2024-01-15 09:00:00
96,Female Employee 126,emp126@careerplatform.com,"San Francisco, US",16,2024-01-15 09:00:00
97,Female Employee 128,emp128@careerplatform.com,"New York, US",4,2024-01-15 09:00:00
98,Male Employee 129,emp129@careerplatform.com,"New York, US",5,2024-01-15 09:00:00
99,Male Employee 131,emp131@careerplatform.com,"New York, US",38,2024-01-15 09:00:00
100,Male Employee 132,emp132@careerplatform.com,"San Francisco, US",17,2024-01-15 09:00:00
101,Male Employee 133,emp133@careerplatform.com,"Chicago, US",7,2024-01-15 09:00:00
102,Male Employee 134,emp134@careerplatform.com,"San Francisco, US",1,2024-01-15 09:00:00
103,Female Employee 137,emp137@careerplatform.com,"San Francisco, US",1,2024-01-15 09:00:00
104,Female Employee 138,emp138@careerplatform.com,"San Francisco, US",16,2024-01-15 09:00:00
105,Male Employee 139,emp139@careerplatform.com,"San Francisco, US",17,2024-01-15 09:00:00
106,Female Employee 140,emp140@careerplatform.com,"Chicago, US",30,2024-01-15 09:00:00
107,Female Employee 141,emp141@careerplatform.com,"San Francisco, US",28,2024-01-15 09:00:00
108,Male Employee 142,emp142@careerplatform.com,"New York, US",6,2024-01-15 09:00:00
109,Male Employee 143,emp143@careerplatform.com,"San Francisco, US",2,2024-01-15 09:00:00
110,Female Employee 144,emp144@careerplatform.com,"San Francisco, US",1,2024-01-15 09:00:00
111,Female Employee 145,emp145@careerplatform.com,"San Francisco, US",23,2024-01-15 09:00:00
112,Male Employee 147,emp147@careerplatform.com,"San Francisco, US",9,2024-01-15 09:00:00
113,Female Employee 148,emp148@careerplatform.com,"Chicago, US",23,2024-01-15 09:00:00
114,Male Employee 150,emp150@careerplatform.com,"San Francisco, US",6,2024-01-15 09:00:00
115,Female Employee 151,emp151@careerplatform.com,"San Francisco, US",12,2024-01-15 09:00:00
116,Male Employee 152,emp152@careerplatform.com,"New York, US",12,2024-01-15 09:00:00
117,Female Employee 153,emp153@careerplatform.com,"San Francisco, US",14,2024-01-15 09:00:00
118,Female Employee 154,emp154@careerplatform.com,"New York, US",10,2024-01-15 09:00:00
119,Female Employee 155,emp155@careerplatform.com,"San Francisco, US",7,2024-01-15 09:00:00
120,Male Employee 158,emp158@careerplatform.com,"New York, US",25,2024-01-15 09:00:00
121,Male Employee 159,emp159@careerplatform.com,"San Francisco, US",10,2024-01-15 09:00:00
122,Male Employee 160,emp160@careerplatform.com,"New York, US",8,2024-01-15 09:00:00
123,Female Employee 161,emp161@careerplatform.com,"San Francisco, US",7,2024-01-15 09:00:00
124,Male Employee 162,emp162@careerplatform.com,"San Francisco, US",23,2024-01-15 09:00:00
125,Male Employee 163,emp163@careerplatform.com,"New York, US",12,2024-01-15 09:00:00
126,Female Employee 164,emp164@careerplatform.com,"San Francisco, US",5,2024-01-15 09:00:00
127,Female Employee 165,emp165@careerplatform.com,"San Francisco, US",40,2024-01-15 09:00:00
128,Male Employee 167,emp167@careerplatform.com,"New York, US",0,2024-01-15 09:00:00
129,Male Employee 169,emp169@careerplatform.com,"San Francisco, US",3,2024-01-15 09:00:00
130,Female Employee 170,emp170@careerplatform.com,"San Francisco, US",16,2024-01-15 09:00:00
131,Female Employee 171,emp171@careerplatform.com,"San Francisco, US",18,2024-01-15 09:00:00
132,Female Employee 174,emp174@careerplatform.com,"New York, US",16,2024-01-15 09:00:00
133,Female Employee 175,emp175@careerplatform.com,"New York, US",4,2024-01-15 09:00:00
134,Male Employee 176,emp176@careerplatform.com,"New York, US",12,2024-01-15 09:00:00
135,Female Employee 177,emp177@careerplatform.com,"Chicago, US",8,2024-01-15 09:00:00
136,Male Employee 178,emp178@careerplatform.com,"San Francisco, US",7,2024-01-15 09:00:00
137,Male Employee 179,emp179@careerplatform.com,"San Francisco, US",18,2024-01-15 09:00:00
138,Female Employee 182,emp182@careerplatform.com,"New York, US",17,2024-01-15 09:00:00
139,Male Employee 183,emp183@careerplatform.com,"New York, US",6,2024-01-15 09:00:00
140,Male Employee 184,emp184@careerplatform.com,"Chicago, US",12,2024-01-15 09:00:00
141,Female Employee 190,emp190@careerplatform.com,"San Francisco, US",10,2024-01-15 09:00:00
142,Male Employee 192,emp192@careerplatform.com,"San Francisco, US",9,2024-01-15 09:00:00
143,Female Employee 193,emp193@careerplatform.com,"San Francisco, US",19,2024-01-15 09:00:00
144,Female Employee 194,emp194@careerplatform.com,"San Francisco, US",5,2024-01-15 09:00:00
145,Male Employee 195,emp195@careerplatform.com,"New York, US",9,2024-01-15 09:00:00
146,Female Employee 197,emp197@careerplatform.com,"San Francisco, US",8,2024-01-15 09:00:00
147,Male Employee 198,emp198@careerplatform.com,"San Francisco, US",6,2024-01-15 09:00:00
148,Male Employee 199,emp199@careerplatform.com,"San Francisco, US",21,2024-01-15 09:00:00
149,Male Employee 200,emp200@careerplatform.com,"San Francisco, US",7,2024-01-15 09:00:00
150,Female Employee 201,emp201@careerplatform.com,"San Francisco, US",1,2024-01-15 09:00:00
151,Female Employee 202,emp202@careerplatform.com,"San Francisco, US",20,2024-01-15 09:00:00
152,Male Employee 204,emp204@careerplatform.com,"New York, US",10,2024-01-15 09:00:00
153,Male Employee 205,emp205@careerplatform.com,"New York, US",13,2024-01-15 09:00:00
154,Male Employee 206,emp206@careerplatform.com,"San Francisco, US",20,2024-01-15 09:00:00
155,Female Employee 207,emp207@careerplatform.com,"New York, US",9,2024-01-15 09:00:00
156,Male Employee 208,emp208@careerplatform.com,"San Francisco, US",10,2024-01-15 09:00:00
157,Male Employee 211,emp211@careerplatform.com,"San Francisco, US",10,2024-01-15 09:00:00
158,Female Employee 214,emp214@careerplatform.com,"San Francisco, US",9,2024-01-15 09:00:00
159,Male Employee 215,emp215@careerplatform.com,"New York, US",15,2024-01-15 09:00:00
160,Female Employee 216,emp216@careerplatform.com,"New York, US",6,2024-01-15 09:00:00
161,Male Employee 217,emp217@careerplatform.com,"San Francisco, US",2,2024-01-15 09:00:00
162,Male Employee 218,emp218@careerplatform.com,"San Francisco, US",6,2024-01-15 09:00:00
163,Male Employee 221,emp221@careerplatform.com,"San Francisco, US",5,2024-01-15 09:00:00
164,Male Employee 223,emp223@careerplatform.com,"San Francisco, US",12,2024-01-15 09:00:00
165,Male Employee 224,emp224@careerplatform.com,"San Francisco, US",1,2024-01-15 09:00:00
166,Female Employee 226,emp226@careerplatform.com,"San Francisco, US",21,2024-01-15 09:00:00
167,Male Employee 227,emp227@careerplatform.com,"San Francisco, US",13,2024-01-15 09:00:00
168,Female Employee 228,emp228@careerplatform.com,"New York, US",12,2024-01-15 09:00:00
169,Female Employee 230,emp230@careerplatform.com,"New York, US",12,2024-01-15 09:00:00
170,Male Employee 231,emp231@careerplatform.com,"San Francisco, US",8,2024-01-15 09:00:00
171,Male Employee 233,emp233@careerplatform.com,"San Francisco, US",6,2024-01-15 09:00:00
172,Female Employee 235,emp235@careerplatform.com,"New York, US",1,2024-01-15 09:00:00
173,Male Employee 238,emp238@careerplatform.com,"San Francisco, US",13,2024-01-15 09:00:00
174,Male Employee 239,emp239@careerplatform.com,"San Francisco, US",12,2024-01-15 09:00:00
175,Female Employee 240,emp240@careerplatform.com,"New York, US",9,2024-01-15 09:00:00
176,Female Employee 241,emp241@careerplatform.com,"San Francisco, US",19,2024-01-15 09:00:00
177,Male Employee 242,emp242@careerplatform.com,"San Francisco, US",4,2024-01-15 09:00:00
178,Male Employee 243,emp243@careerplatform.com,"San Francisco, US",1,2024-01-15 09:00:00
179,Female Employee 244,emp244@careerplatform.com,"New York, US",24,2024-01-15 09:00:00
180,Female Employee 245,emp245@careerplatform.com,"San Francisco, US",2,2024-01-15 09:00:00
181,Female Employee 246,emp246@careerplatform.com,"San Francisco, US",7,2024-01-15 09:00:00
182,Female Employee 247,emp247@careerplatform.com,"San Francisco, US",9,2024-01-15 09:00:00
183,Female Employee 248,emp248@careerplatform.com,"New York, US",4,2024-01-15 09:00:00
184,Male Employee 249,emp249@careerplatform.com,"San Francisco, US",5,2024-01-15 09:00:00
185,Female Employee 250,emp250@careerplatform.com,"San Francisco, US",5,2024-01-15 09:00:00
186,Female Employee 252,emp252@careerplatform.com,"San Francisco, US",8,2024-01-15 09:00:00
187,Female Employee 253,emp253@careerplatform.com,"San Francisco, US",21,2024-01-15 09:00:00
188,Male Employee 254,emp254@careerplatform.com,"San Francisco, US",36,2024-01-15 09:00:00
189,Male Employee 256,emp256@careerplatform.com,"San Francisco, US",10,2024-01-15 09:00:00
190,Female Employee 258,emp258@careerplatform.com,"San Francisco, US",21,2024-01-15 09:00:00
191,Male Employee 259,emp259@careerplatform.com,"San Francisco, US",34,2024-01-15 09:00:00
192,Female Employee 260,emp260@careerplatform.com,"San Francisco, US",7,2024-01-15 09:00:00
193,Male Employee 261,emp261@careerplatform.com,"San Francisco, US",8,2024-01-15 09:00:00
194,Male Employee 262,emp262@careerplatform.com,"San Francisco, US",7,2024-01-15 09:00:00
195,Male Employee 264,emp264@careerplatform.com,"San Francisco, US",22,2024-01-15 09:00:00
196,Male Employee 267,emp267@careerplatform.com,"San Francisco, US",8,2024-01-15 09:00:00
197,Female Employee 269,emp269@careerplatform.com,"San Francisco, US",10,2024-01-15 09:00:00
198,Female Employee 270,emp270@careerplatform.com,"San Francisco, US",11,2024-01-15 09:00:00
199,Male Employee 271,emp271@careerplatform.com,"San Francisco, US",14,2024-01-15 09:00:00
200,Male Employee 273,emp273@careerplatform.com,"San Francisco, US",9,2024-01-15 09:00:00
201,Male Employee 274,emp274@careerplatform.com,"San Francisco, US",6,2024-01-15 09:00:00
202,Male Employee 275,emp275@careerplatform.com,"San Francisco, US",7,2024-01-15 09:00:00
203,Male Employee 277,emp277@careerplatform.com,"San Francisco, US",5,2024-01-15 09:00:00
204,Male Employee 281,emp281@careerplatform.com,"San Francisco, US",15,2024-01-15 09:00:00
205,Male Employee 282,emp282@careerplatform.com,"San Francisco, US",17,2024-01-15 09:00:00
206,Female Employee 283,emp283@careerplatform.com,"New York, US",10,2024-01-15 09:00:00
207,Male Employee 284,emp284@careerplatform.com,"San Francisco, US",4,2024-01-15 09:00:00
208,Female Employee 286,emp286@careerplatform.com,"San Francisco, US",8,2024-01-15 09:00:00
209,Male Employee 287,emp287@careerplatform.com,"San Francisco, US",5,2024-01-15 09:00:00
210,Male Employee 288,emp288@careerplatform.com,"San Francisco, US",17,2024-01-15 09:00:00
211,Male Employee 291,emp291@careerplatform.com,"New York, US",14,2024-01-15 09:00:00
212,Male Employee 292,emp292@careerplatform.com,"San Francisco, US",12,2024-01-15 09:00:00
213,Female Employee 293,emp293@careerplatform.com,"New York, US",7,2024-01-15 09:00:00
214,Male Employee 296,emp296@careerplatform.com,"San Francisco, US",16,2024-01-15 09:00:00
215,Female Employee 297,emp297@careerplatform.com,"San Francisco, US",8,2024-01-15 09:00:00
216,Female Employee 298,emp298@careerplatform.com,"New York, US",16,2024-01-15 09:00:00
217,Female Employee 299,emp299@careerplatform.com,"New York, US",9,2024-01-15 09:00:00
218,Male Employee 300,emp300@careerplatform.com,"San Francisco, US",7,2024-01-15 09:00:00
219,Female Employee 302,emp302@careerplatform.com,"New York, US",23,2024-01-15 09:00:00
220,Female Employee 303,emp303@careerplatform.com,"New York, US",16,2024-01-15 09:00:00
221,Male Employee 304,emp304@careerplatform.com,"San Francisco, US",16,2024-01-15 09:00:00
222,Female Employee 305,emp305@careerplatform.com,"San Francisco, US",7,2024-01-15 09:00:00
223,Male Employee 306,emp306@careerplatform.com,"San Francisco, US",10,2024-01-15 09:00:00
224,Male Employee 307,emp307@careerplatform.com,"New York, US",17,2024-01-15 09:00:00
225,Male Employee 308,emp308@careerplatform.com,"San Francisco, US",6,2024-01-15 09:00:00
226,Male Employee 309,emp309@careerplatform.com,"San Francisco, US",7,2024-01-15 09:00:00
227,Male Employee 311,emp311@careerplatform.com,"New York, US",13,2024-01-15 09:00:00
228,Female Employee 312,emp312@careerplatform.com,"New York, US",11,2024-01-15 09:00:00
229,Female Employee 314,emp314@careerplatform.com,"New York, US",10,2024-01-15 09:00:00
230,Male Employee 315,emp315@careerplatform.com,"San Francisco, US",4,2024-01-15 09:00:00
231,Female Employee 316,emp316@careerplatform.com,"San Francisco, US",6,2024-01-15 09:00:00
232,Male Employee 319,emp319@careerplatform.com,"San Francisco, US",22,2024-01-15 09:00:00
233,Male Employee 321,emp321@careerplatform.com,"Chicago, US",7,2024-01-15 09:00:00
234,Female Employee 323,emp323@careerplatform.com,"New York, US",32,2024-01-15 09:00:00
235,Male Employee 325,emp325@careerplatform.com,"San Francisco, US",8,2024-01-15 09:00:00
236,Female Employee 327,emp327@careerplatform.com,"New York, US",22,2024-01-15 09:00:00
237,Female Employee 328,emp328@careerplatform.com,"San Francisco, US",13,2024-01-15 09:00:00
238,Male Employee 329,emp329@careerplatform.com,"New York, US",33,2024-01-15 09:00:00
239,Female Employee 330,emp330@careerplatform.com,"New York, US",6,2024-01-15 09:00:00
240,Male Employee 331,emp331@careerplatform.com,"San Francisco, US",4,2024-01-15 09:00:00
241,Female Employee 332,emp332@careerplatform.com,"San Francisco, US",7,2024-01-15 09:00:00
242,Male Employee 333,emp333@careerplatform.com,"New York, US",4,2024-01-15 09:00:00
243,Male Employee 334,emp334@careerplatform.com,"San Francisco, US",17,2024-01-15 09:00:00
244,Male Employee 335,emp335@careerplatform.com,"San Francisco, US",9,2024-01-15 09:00:00
245,Male Employee 336,emp336@careerplatform.com,"San Francisco, US",25,2024-01-15 09:00:00
246,Male Employee 337,emp337@careerplatform.com,"San Francisco, US",9,2024-01-15 09:00:00
247,Female Employee 338,emp338@careerplatform.com,"San Francisco, US",2,2024-01-15 09:00:00
248,Male Employee 339,emp339@careerplatform.com,"San Francisco, US",13,2024-01-15 09:00:00
249,Female Employee 340,emp340@careerplatform.com,"San Francisco, US",17,2024-01-15 09:00:00
250,Male Employee 341,emp341@careerplatform.com,"San Francisco, US",9,2024-01-15 09:00:00
251,Male Employee 342,emp342@careerplatform.com,"San Francisco, US",17,2024-01-15 09:00:00
252,Female Employee 343,emp343@careerplatform.com,"San Francisco, US",20,2024-01-15 09:00:00
253,Male Employee 346,emp346@careerplatform.com,"San Francisco, US",6,2024-01-15 09:00:00
254,Female Employee 347,emp347@careerplatform.com,"San Francisco, US",10,2024-01-15 09:00:00
255,Male Employee 349,emp349@careerplatform.com,"New York, US",10,2024-01-15 09:00:00
256,Female Employee 350,emp350@careerplatform.com,"San Francisco, US",5,2024-01-15 09:00:00
257,Female Employee 351,emp351@careerplatform.com,"San Francisco, US",10,2024-01-15 09:00:00
258,Male Employee 352,emp352@careerplatform.com,"San Francisco, US",22,2024-01-15 09:00:00
259,Male Employee 353,emp353@careerplatform.com,"San Francisco, US",1,2024-01-15 09:00:00
260,Male Employee 355,emp355@careerplatform.com,"San Francisco, US",6,2024-01-15 09:00:00
261,Male Employee 359,emp359@careerplatform.com,"San Francisco, US",5,2024-01-15 09:00:00
262,Male Employee 361,emp361@careerplatform.com,"New York, US",13,2024-01-15 09:00:00
263,Male Employee 362,emp362@careerplatform.com,"San Francisco, US",9,2024-01-15 09:00:00
264,Female Employee 363,emp363@careerplatform.com,"New York, US",28,2024-01-15 09:00:00
265,Male Employee 364,emp364@careerplatform.com,"San Francisco, US",5,2024-01-15 09:00:00
266,Male Employee 366,emp366@careerplatform.com,"New York, US",10,2024-01-15 09:00:00
267,Male Employee 367,emp367@careerplatform.com,"San Francisco, US",10,2024-01-15 09:00:00
268,Male Employee 369,emp369@careerplatform.com,"San Francisco, US",6,2024-01-15 09:00:00
269,Male Employee 372,emp372@careerplatform.com,"San Francisco, US",21,2024-01-15 09:00:00
270,Male Employee 373,emp373@careerplatform.com,"San Francisco, US",16,2024-01-15 09:00:00
271,Male Employee 374,emp374@careerplatform.com,"San Francisco, US",37,2024-01-15 09:00:00
272,Male Employee 376,emp376@careerplatform.com,"San Francisco, US",10,2024-01-15 09:00:00
273,Male Employee 377,emp377@careerplatform.com,"San Francisco, US",5,2024-01-15 09:00:00
274,Male Employee 378,emp378@careerplatform.com,"New York, US",7,2024-01-15 09:00:00
275,Male Employee 379,emp379@careerplatform.com,"San Francisco, US",3,2024-01-15 09:00:00
276,Female Employee 380,emp380@careerplatform.com,"San Francisco, US",15,2024-01-15 09:00:00
277,Female Employee 381,emp381@careerplatform.com,"San Francisco, US",10,2024-01-15 09:00:00
278,Female Employee 382,emp382@careerplatform.com,"New York, US",8,2024-01-15 09:00:00
279,Female Employee 384,emp384@careerplatform.com,"San Francisco, US",6,2024-01-15 09:00:00
280,Male Employee 385,emp385@careerplatform.com,"San Francisco, US",28,2024-01-15 09:00:00
281,Male Employee 386,emp386@careerplatform.com,"San Francisco, US",21,2024-01-15 09:00:00
282,Male Employee 387,emp387@careerplatform.com,"New York, US",20,2024-01-15 09:00:00
283,Male Employee 388,emp388@careerplatform.com,"New York, US",10,2024-01-15 09:00:00
284,Male Employee 389,emp389@careerplatform.com,"San Francisco, US",12,2024-01-15 09:00:00
285,Male Employee 390,emp390@careerplatform.com,"San Francisco, US",5,2024-01-15 09:00:00
286,Female Employee 391,emp391@careerplatform.com,"San Francisco, US",17,2024-01-15 09:00:00
287,Male Employee 392,emp392@careerplatform.com,"San Francisco, US",19,2024-01-15 09:00:00
288,Male Employee 393,emp393@careerplatform.com,"San Francisco, US",10,2024-01-15 09:00:00
289,Male Employee 394,emp394@careerplatform.com,"San Francisco, US",5,2024-01-15 09:00:00
290,Female Employee 395,emp395@careerplatform.com,"San Francisco, US",5,2024-01-15 09:00:00
291,Female Employee 396,emp396@careerplatform.com,"San Francisco, US",22,2024-01-15 09:00:00
292,Male Employee 397,emp397@careerplatform.com,"San Francisco, US",10,2024-01-15 09:00:00
293,Female Employee 399,emp399@careerplatform.com,"New York, US",2,2024-01-15 09:00:00
294,Male Employee 401,emp401@careerplatform.com,"New York, US",8,2024-01-15 09:00:00
295,Male Employee 403,emp403@careerplatform.com,"San Francisco, US",4,2024-01-15 09:00:00
296,Female Employee 404,emp404@careerplatform.com,"New York, US",23,2024-01-15 09:00:00
297,Male Employee 405,emp405@careerplatform.com,"San Francisco, US",0,2024-01-15 09:00:00
298,Male Employee 406,emp406@careerplatform.com,"New York, US",12,2024-01-15 09:00:00
299,Male Employee 407,emp407@careerplatform.com,"San Francisco, US",4,2024-01-15 09:00:00
300,Male Employee 408,emp408@careerplatform.com,"San Francisco, US",13,2024-01-15 09:00:00
301,Male Employee 410,emp410@careerplatform.com,"New York, US",22,2024-01-15 09:00:00
302,Female Employee 411,emp411@careerplatform.com,"New York, US",0,2024-01-15 09:00:00
303,Male Employee 412,emp412@careerplatform.com,"San Francisco, US",9,2024-01-15 09:00:00
304,Male Employee 416,emp416@careerplatform.com,"New York, US",10,2024-01-15 09:00:00
305,Male Employee 417,emp417@careerplatform.com,"San Francisco, US",19,2024-01-15 09:00:00
306,Female Employee 419,emp419@careerplatform.com,"San Francisco, US",11,2024-01-15 09:00:00
307,Male Employee 420,emp420@careerplatform.com,"New York, US",13,2024-01-15 09:00:00
308,Female Employee 421,emp421@careerplatform.com,"San Francisco, US",19,2024-01-15 09:00:00
309,Male Employee 422,emp422@careerplatform.com,"San Francisco, US",12,2024-01-15 09:00:00
310,Male Employee 423,emp423@careerplatform.com,"San Francisco, US",6,2024-01-15 09:00:00
311,Male Employee 424,emp424@careerplatform.com,"Chicago, US",9,2024-01-15 09:00:00
312,Male Employee 425,emp425@careerplatform.com,"San Francisco, US",24,2024-01-15 09:00:00
313,Male Employee 426,emp426@careerplatform.com,"San Francisco, US",3,2024-01-15 09:00:00
314,Female Employee 428,emp428@careerplatform.com,"San Francisco, US",12,2024-01-15 09:00:00
315,Male Employee 429,emp429@careerplatform.com,"San Francisco, US",21,2024-01-15 09:00:00
316,Female Employee 430,emp430@careerplatform.com,"San Francisco, US",9,2024-01-15 09:00:00
317,Female Employee 431,emp431@careerplatform.com,"San Francisco, US",25,2024-01-15 09:00:00
318,Male Employee 433,emp433@careerplatform.com,"San Francisco, US",11,2024-01-15 09:00:00
319,Female Employee 434,emp434@careerplatform.com,"San Francisco, US",4,2024-01-15 09:00:00
320,Female Employee 436,emp436@careerplatform.com,"New York, US",13,2024-01-15 09:00:00
321,Male Employee 437,emp437@careerplatform.com,"New York, US",5,2024-01-15 09:00:00
322,Male Employee 438,emp438@careerplatform.com,"New York, US",13,2024-01-15 09:00:00
323,Female Employee 439,emp439@careerplatform.com,"San Francisco, US",10,2024-01-15 09:00:00
324,Male Employee 440,emp440@careerplatform.com,"San Francisco, US",5,2024-01-15 09:00:00
325,Female Employee 441,emp441@careerplatform.com,"San Francisco, US",11,2024-01-15 09:00:00
326,Female Employee 442,emp442@careerplatform.com,"San Francisco, US",10,2024-01-15 09:00:00
327,Male Employee 444,emp444@careerplatform.com,"San Francisco, US",21,2024-01-15 09:00:00
328,Female Employee 445,emp445@careerplatform.com,"New York, US",12,2024-01-15 09:00:00
329,Male Employee 446,emp446@careerplatform.com,"New York, US",9,2024-01-15 09:00:00
330,Male Employee 447,emp447@careerplatform.com,"San Francisco, US",21,2024-01-15 09:00:00
331,Female Employee 448,emp448@careerplatform.com,"San Francisco, US",9,2024-01-15 09:00:00
332,Male Employee 449,emp449@careerplatform.com,"New York, US",6,2024-01-15 09:00:00
333,Female Employee 450,emp450@careerplatform.com,"San Francisco, US",20,2024-01-15 09:00:00
334,Female Employee 451,emp451@careerplatform.com,"San Francisco, US",10,2024-01-15 09:00:00
335,Male Employee 452,emp452@careerplatform.com,"San Francisco, US",12,2024-01-15 09:00:00
336,Male Employee 453,emp453@careerplatform.com,"New York, US",6,2024-01-15 09:00:00
337,Male Employee 454,emp454@careerplatform.com,"San Francisco, US",7,2024-01-15 09:00:00
338,Male Employee 455,emp455@careerplatform.com,"San Francisco, US",4,2024-01-15 09:00:00
339,Female Employee 456,emp456@careerplatform.com,"New York, US",10,2024-01-15 09:00:00
340,Female Employee 458,emp458@careerplatform.com,"New York, US",8,2024-01-15 09:00:00
341,Male Employee 460,emp460@careerplatform.com,"San Francisco, US",8,2024-01-15 09:00:00
342,Male Employee 461,emp461@careerplatform.com,"San Francisco, US",12,2024-01-15 09:00:00
343,Female Employee 462,emp462@careerplatform.com,"San Francisco, US",11,2024-01-15 09:00:00
344,Female Employee 463,emp463@careerplatform.com,"New York, US",7,2024-01-15 09:00:00
345,Male Employee 464,emp464@careerplatform.com,"San Francisco, US",17,2024-01-15 09:00:00
346,Male Employee 465,emp465@careerplatform.com,"San Francisco, US",4,2024-01-15 09:00:00
347,Male Employee 466,emp466@careerplatform.com,"San Francisco, US",8,2024-01-15 09:00:00
348,Male Employee 467,emp467@careerplatform.com,"New York, US",5,2024-01-15 09:00:00
349,Female Employee 468,emp468@careerplatform.com,"San Francisco, US",16,2024-01-15 09:00:00
350,Male Employee 469,emp469@careerplatform.com,"New York, US",4,2024-01-15 09:00:00
351,Male Employee 470,emp470@careerplatform.com,"Chicago, US",4,2024-01-15 09:00:00
352,Female Employee 471,emp471@careerplatform.com,"San Francisco, US",8,2024-01-15 09:00:00
353,Female Employee 473,emp473@careerplatform.com,"New York, US",15,2024-01-15 09:00:00
354,Male Employee 474,emp474@careerplatform.com,"San Francisco, US",13,2024-01-15 09:00:00
355,Female Employee 475,emp475@careerplatform.com,"New York, US",4,2024-01-15 09:00:00
356,Male Employee 476,emp476@careerplatform.com,"New York, US",8,2024-01-15 09:00:00
357,Male Employee 477,emp477@careerplatform.com,"San Francisco, US",14,2024-01-15 09:00:00
358,Female Employee 478,emp478@careerplatform.com,"New York, US",3,2024-01-15 09:00:00
359,Female Employee 479,emp479@careerplatform.com,"New York, US",7,2024-01-15 09:00:00
360,Male Employee 481,emp481@careerplatform.com,"New York, US",16,2024-01-15 09:00:00
361,Male Employee 482,emp482@careerplatform.com,"San Francisco, US",15,2024-01-15 09:00:00
362,Female Employee 483,emp483@careerplatform.com,"San Francisco, US",10,2024-01-15 09:00:00
363,Male Employee 484,emp484@careerplatform.com,"New York, US",3,2024-01-15 09:00:00
364,Female Employee 485,emp485@careerplatform.com,"New York, US",1,2024-01-15 09:00:00
365,Female Employee 486,emp486@careerplatform.com,"San Francisco, US",17,2024-01-15 09:00:00
366,Female Employee 487,emp487@careerplatform.com,"San Francisco, US",7,2024-01-15 09:00:00
367,Male Employee 488,emp488@careerplatform.com,"New York, US",8,2024-01-15 09:00:00
368,Male Employee 491,emp491@careerplatform.com,"San Francisco, US",20,2024-01-15 09:00:00
369,Male Employee 492,emp492@careerplatform.com,"New York, US",8,2024-01-15 09:00:00
370,Male Employee 493,emp493@careerplatform.com,"San Francisco, US",3,2024-01-15 09:00:00
371,Female Employee 494,emp494@careerplatform.com,"New York, US",1,2024-01-15 09:00:00
372,Male Employee 495,emp495@careerplatform.com,"San Francisco, US",6,2024-01-15 09:00:00
373,Male Employee 496,emp496@careerplatform.com,"San Francisco, US",10,2024-01-15 09:00:00
374,Male Employee 497,emp497@careerplatform.com,"San Francisco, US",5,2024-01-15 09:00:00
375,Male Employee 498,emp498@careerplatform.com,"New York, US",7,2024-01-15 09:00:00
376,Male Employee 499,emp499@careerplatform.com,"San Francisco, US",26,2024-01-15 09:00:00
377,Female Employee 500,emp500@careerplatform.com,"New York, US",18,2024-01-15 09:00:00
378,Female Employee 501,emp501@careerplatform.com,"San Francisco, US",6,2024-01-15 09:00:00
379,Male Employee 502,emp502@careerplatform.com,"New York, US",9,2024-01-15 09:00:00
380,Female Employee 505,emp505@careerplatform.com,"San Francisco, US",30,2024-01-15 09:00:00
381,Female Employee 507,emp507@careerplatform.com,"New York, US",5,2024-01-15 09:00:00
382,Male Employee 508,emp508@careerplatform.com,"New York, US",1,2024-01-15 09:00:00
383,Male Employee 510,emp510@careerplatform.com,"San Francisco, US",7,2024-01-15 09:00:00
384,Female Employee 511,emp511@careerplatform.com,"San Francisco, US",2,2024-01-15 09:00:00
385,Male Employee 513,emp513@careerplatform.com,"New York, US",10,2024-01-15 09:00:00
386,Male Employee 514,emp514@careerplatform.com,"San Francisco, US",3,2024-01-15 09:00:00
387,Female Employee 515,emp515@careerplatform.com,"San Francisco, US",18,2024-01-15 09:00:00
388,Female Employee 516,emp516@careerplatform.com,"New York, US",8,2024-01-15 09:00:00
389,Female Employee 517,emp517@careerplatform.com,"San Francisco, US",8,2024-01-15 09:00:00
390,Male Employee 518,emp518@careerplatform.com,"San Francisco, US",18,2024-01-15 09:00:00
391,Male Employee 520,emp520@careerplatform.com,"San Francisco, US",25,2024-01-15 09:00:00
392,Female Employee 521,emp521@careerplatform.com,"San Francisco, US",20,2024-01-15 09:00:00
393,Male Employee 522,emp522@careerplatform.com,"San Francisco, US",24,2024-01-15 09:00:00
394,Female Employee 523,emp523@careerplatform.com,"New York, US",6,2024-01-15 09:00:00
395,Female Employee 524,emp524@careerplatform.com,"San Francisco, US",13,2024-01-15 09:00:00
396,Male Employee 525,emp525@careerplatform.com,"San Francisco, US",8,2024-01-15 09:00:00
397,Female Employee 526,emp526@careerplatform.com,"San Francisco, US",8,2024-01-15 09:00:00
398,Female Employee 527,emp527@careerplatform.com,"New York, US",5,2024-01-15 09:00:00
399,Female Employee 529,emp529@careerplatform.com,"San Francisco, US",15,2024-01-15 09:00:00
400,Male Employee 530,emp530@careerplatform.com,"San Francisco, US",4,2024-01-15 09:00:00
401,Male Employee 531,emp531@careerplatform.com,"San Francisco, US",21,2024-01-15 09:00:00
402,Female Employee 532,emp532@careerplatform.com,"New York, US",36,2024-01-15 09:00:00
403,Female Employee 533,emp533@careerplatform.com,"New York, US",6,2024-01-15 09:00:00
404,Male Employee 534,emp534@careerplatform.com,"New York, US",10,2024-01-15 09:00:00
405,Male Employee 536,emp536@careerplatform.com,"San Francisco, US",10,2024-01-15 09:00:00
406,Male Employee 538,emp538@careerplatform.com,"San Francisco, US",6,2024-01-15 09:00:00
407,Male Employee 543,emp543@careerplatform.com,"San Francisco, US",28,2024-01-15 09:00:00
408,Male Employee 544,emp544@careerplatform.com,"San Francisco, US",8,2024-01-15 09:00:00
409,Female Employee 546,emp546@careerplatform.com,"San Francisco, US",31,2024-01-15 09:00:00
410,Female Employee 547,emp547@careerplatform.com,"San Francisco, US",19,2024-01-15 09:00:00
411,Female Employee 548,emp548@careerplatform.com,"San Francisco, US",11,2024-01-15 09:00:00
412,Female Employee 549,emp549@careerplatform.com,"San Francisco, US",33,2024-01-15 09:00:00
413,Female Employee 550,emp550@careerplatform.com,"San Francisco, US",19,2024-01-15 09:00:00
414,Female Employee 551,emp551@careerplatform.com,"San Francisco, US",7,2024-01-15 09:00:00
415,Female Employee 554,emp554@careerplatform.com,"New York, US",6,2024-01-15 09:00:00
416,Female Employee 555,emp555@careerplatform.com,"New York, US",3,2024-01-15 09:00:00
417,Male Employee 556,emp556@careerplatform.com,"San Francisco, US",1,2024-01-15 09:00:00
418,Female Employee 558,emp558@careerplatform.com,"New York, US",21,2024-01-15 09:00:00
419,Female Employee 560,emp560@careerplatform.com,"San Francisco, US",3,2024-01-15 09:00:00
420,Male Employee 562,emp562@careerplatform.com,"San Francisco, US",9,2024-01-15 09:00:00
421,Male Employee 564,emp564@careerplatform.com,"San Francisco, US",10,2024-01-15 09:00:00
422,Female Employee 565,emp565@careerplatform.com,"San Francisco, US",6,2024-01-15 09:00:00
423,Male Employee 566,emp566@careerplatform.com,"Chicago, US",1,2024-01-15 09:00:00
424,Female Employee 567,emp567@careerplatform.com,"New York, US",10,2024-01-15 09:00:00
425,Male Employee 568,emp568@careerplatform.com,"New York, US",32,2024-01-15 09:00:00
426,Male Employee 569,emp569@careerplatform.com,"San Francisco, US",28,2024-01-15 09:00:00
427,Female Employee 571,emp571@careerplatform.com,"San Francisco, US",12,2024-01-15 09:00:00
428,Female Employee 573,emp573@careerplatform.com,"New York, US",22,2024-01-15 09:00:00
429,Female Employee 574,emp574@careerplatform.com,"San Francisco, US",20,2024-01-15 09:00:00
430,Male Employee 575,emp575@careerplatform.com,"San Francisco, US",26,2024-01-15 09:00:00
431,Male Employee 577,emp577@careerplatform.com,"San Francisco, US",6,2024-01-15 09:00:00
432,Female Employee 578,emp578@careerplatform.com,"San Francisco, US",19,2024-01-15 09:00:00
433,Male Employee 579,emp579@careerplatform.com,"San Francisco, US",14,2024-01-15 09:00:00
434,Female Employee 580,emp580@careerplatform.com,"New York, US",15,2024-01-15 09:00:00
435,Male Employee 581,emp581@careerplatform.com,"San Francisco, US",13,2024-01-15 09:00:00
436,Male Employee 582,emp582@careerplatform.com,"San Francisco, US",15,2024-01-15 09:00:00
437,Male Employee 584,emp584@careerplatform.com,"San Francisco, US",8,2024-01-15 09:00:00
438,Male Employee 585,emp585@careerplatform.com,"New York, US",4,2024-01-15 09:00:00
439,Male Employee 586,emp586@careerplatform.com,"San Francisco, US",10,2024-01-15 09:00:00
440,Male Employee 587,emp587@careerplatform.com,"San Francisco, US",12,2024-01-15 09:00:00
441,Female Employee 590,emp590@careerplatform.com,"Chicago, US",11,2024-01-15 09:00:00
442,Male Employee 591,emp591@careerplatform.com,"San Francisco, US",8,2024-01-15 09:00:00
443,Male Employee 592,emp592@careerplatform.com,"New York, US",10,2024-01-15 09:00:00
444,Male Employee 593,emp593@careerplatform.com,"San Francisco, US",4,2024-01-15 09:00:00
445,Female Employee 595,emp595@careerplatform.com,"New York, US",14,2024-01-15 09:00:00
446,Female Employee 597,emp597@careerplatform.com,"New York, US",37,2024-01-15 09:00:00
447,Male Employee 599,emp599@careerplatform.com,"New York, US",16,2024-01-15 09:00:00
448,Male Employee 600,emp600@careerplatform.com,"New York, US",15,2024-01-15 09:00:00
449,Female Employee 601,emp601@careerplatform.com,"San Francisco, US",22,2024-01-15 09:00:00
450,Female Employee 602,emp602@careerplatform.com,"San Francisco, US",8,2024-01-15 09:00:00
451,Male Employee 604,emp604@careerplatform.com,"New York, US",10,2024-01-15 09:00:00
452,Male Employee 605,emp605@careerplatform.com,"San Francisco, US",10,2024-01-15 09:00:00
453,Male Employee 606,emp606@careerplatform.com,"New York, US",9,2024-01-15 09:00:00
454,Female Employee 608,emp608@careerplatform.com,"Chicago, US",8,2024-01-15 09:00:00
455,Male Employee 611,emp611@careerplatform.com,"San Francisco, US",8,2024-01-15 09:00:00
456,Female Employee 612,emp612@careerplatform.com,"San Francisco, US",10,2024-01-15 09:00:00
457,Male Employee 613,emp613@careerplatform.com,"New York, US",10,2024-01-15 09:00:00
458,Male Employee 614,emp614@careerplatform.com,"New York, US",0,2024-01-15 09:00:00
459,Male Employee 615,emp615@careerplatform.com,"New York, US",20,2024-01-15 09:00:00
460,Female Employee 616,emp616@careerplatform.com,"San Francisco, US",10,2024-01-15 09:00:00
461,Male Employee 618,emp618@careerplatform.com,"New York, US",8,2024-01-15 09:00:00
462,Female Employee 620,emp620@careerplatform.com,"New York, US",5,2024-01-15 09:00:00
463,Male Employee 621,emp621@careerplatform.com,"New York, US",10,2024-01-15 09:00:00
464,Male Employee 622,emp622@careerplatform.com,"San Francisco, US",1,2024-01-15 09:00:00
465,Female Employee 623,emp623@careerplatform.com,"San Francisco, US",12,2024-01-15 09:00:00
466,Female Employee 624,emp624@careerplatform.com,"San Francisco, US",28,2024-01-15 09:00:00
467,Female Employee 625,emp625@careerplatform.com,"New York, US",22,2024-01-15 09:00:00
468,Male Employee 626,emp626@careerplatform.com,"New York, US",9,2024-01-15 09:00:00
469,Male Employee 630,emp630@careerplatform.com,"San Francisco, US",18,2024-01-15 09:00:00
470,Male Employee 631,emp631@careerplatform.com,"New York, US",6,2024-01-15 09:00:00
471,Male Employee 632,emp632@careerplatform.com,"New York, US",3,2024-01-15 09:00:00
472,Female Employee 634,emp634@careerplatform.com,"San Francisco, US",18,2024-01-15 09:00:00
473,Female Employee 635,emp635@careerplatform.com,"San Francisco, US",8,2024-01-15 09:00:00
474,Male Employee 638,emp638@careerplatform.com,"San Francisco, US",31,2024-01-15 09:00:00
475,Male Employee 639,emp639@careerplatform.com,"San Francisco, US",6,2024-01-15 09:00:00
476,Male Employee 641,emp641@careerplatform.com,"New York, US",6,2024-01-15 09:00:00
477,Male Employee 643,emp643@careerplatform.com,"San Francisco, US",1,2024-01-15 09:00:00
478,Male Employee 644,emp644@careerplatform.com,"Chicago, US",32,2024-01-15 09:00:00
479,Male Employee 645,emp645@careerplatform.com,"New York, US",7,2024-01-15 09:00:00
480,Female Employee 647,emp647@careerplatform.com,"San Francisco, US",6,2024-01-15 09:00:00
481,Male Employee 648,emp648@careerplatform.com,"New York, US",1,2024-01-15 09:00:00
482,Male Employee 649,emp649@careerplatform.com,"San Francisco, US",6,2024-01-15 09:00:00
483,Male Employee 650,emp650@careerplatform.com,"New York, US",9,2024-01-15 09:00:00
484,Male Employee 652,emp652@careerplatform.com,"San Francisco, US",9,2024-01-15 09:00:00
485,Male Employee 653,emp653@careerplatform.com,"New York, US",13,2024-01-15 09:00:00
486,Female Employee 655,emp655@careerplatform.com,"San Francisco, US",6,2024-01-15 09:00:00
487,Male Employee 656,emp656@careerplatform.com,"New York, US",17,2024-01-15 09:00:00
488,Female Employee 657,emp657@careerplatform.com,"San Francisco, US",1,2024-01-15 09:00:00
489,Female Employee 659,emp659@careerplatform.com,"San Francisco, US",10,2024-01-15 09:00:00
490,Male Employee 661,emp661@careerplatform.com,"San Francisco, US",21,2024-01-15 09:00:00
491,Female Employee 662,emp662@careerplatform.com,"San Francisco, US",8,2024-01-15 09:00:00
492,Male Employee 663,emp663@careerplatform.com,"San Francisco, US",10,2024-01-15 09:00:00
493,Female Employee 664,emp664@careerplatform.com,"San Francisco, US",21,2024-01-15 09:00:00
494,Female Employee 665,emp665@careerplatform.com,"Chicago, US",10,2024-01-15 09:00:00
495,Female Employee 666,emp666@careerplatform.com,"New York, US",8,2024-01-15 09:00:00
496,Male Employee 667,emp667@careerplatform.com,"New York, US",5,2024-01-15 09:00:00
497,Male Employee 669,emp669@careerplatform.com,"New York, US",3,2024-01-15 09:00:00
498,Male Employee 671,emp671@careerplatform.com,"San Francisco, US",26,2024-01-15 09:00:00
499,Male Employee 675,emp675@careerplatform.com,"San Francisco, US",3,2024-01-15 09:00:00
500,Male Employee 677,emp677@careerplatform.com,"New York, US",6,2024-01-15 09:00:00
501,Female Employee 679,emp679@careerplatform.com,"San Francisco, US",6,2024-01-15 09:00:00
502,Female Employee 680,emp680@careerplatform.com,"San Francisco, US",1,2024-01-15 09:00:00
503,Female Employee 682,emp682@careerplatform.com,"New York, US",18,2024-01-15 09:00:00
504,Male Employee 683,emp683@careerplatform.com,"San Francisco, US",10,2024-01-15 09:00:00
505,Female Employee 684,emp684@careerplatform.com,"New York, US",5,2024-01-15 09:00:00
506,Female Employee 686,emp686@careerplatform.com,"San Francisco, US",3,2024-01-15 09:00:00
507,Male Employee 689,emp689@careerplatform.com,"San Francisco, US",10,2024-01-15 09:00:00
508,Female Employee 690,emp690@careerplatform.com,"New York, US",6,2024-01-15 09:00:00
509,Male Employee 691,emp691@careerplatform.com,"San Francisco, US",17,2024-01-15 09:00:00
510,Male Employee 692,emp692@careerplatform.com,"San Francisco, US",15,2024-01-15 09:00:00
511,Male Employee 698,emp698@careerplatform.com,"Chicago, US",16,2024-01-15 09:00:00
512,Male Employee 699,emp699@careerplatform.com,"San Francisco, US",13,2024-01-15 09:00:00
513,Male Employee 700,emp700@careerplatform.com,"San Francisco, US",5,2024-01-15 09:00:00
514,Male Employee 701,emp701@careerplatform.com,"San Francisco, US",1,2024-01-15 09:00:00
515,Male Employee 702,emp702@careerplatform.com,"San Francisco, US",10,2024-01-15 09:00:00
516,Male Employee 704,emp704@careerplatform.com,"San Francisco, US",1,2024-01-15 09:00:00
517,Male Employee 705,emp705@careerplatform.com,"San Francisco, US",5,2024-01-15 09:00:00
518,Male Employee 707,emp707@careerplatform.com,"New York, US",4,2024-01-15 09:00:00
519,Female Employee 709,emp709@careerplatform.com,"New York, US",8,2024-01-15 09:00:00
520,Male Employee 710,emp710@careerplatform.com,"San Francisco, US",10,2024-01-15 09:00:00
521,Male Employee 712,emp712@careerplatform.com,"New York, US",12,2024-01-15 09:00:00
522,Female Employee 714,emp714@careerplatform.com,"New York, US",6,2024-01-15 09:00:00
523,Male Employee 715,emp715@careerplatform.com,"San Francisco, US",4,2024-01-15 09:00:00
524,Male Employee 716,emp716@careerplatform.com,"San Francisco, US",20,2024-01-15 09:00:00
525,Female Employee 717,emp717@careerplatform.com,"San Francisco, US",9,2024-01-15 09:00:00
526,Female Employee 720,emp720@careerplatform.com,"New York, US",4,2024-01-15 09:00:00
527,Female Employee 721,emp721@careerplatform.com,"San Francisco, US",20,2024-01-15 09:00:00
528,Male Employee 722,emp722@careerplatform.com,"New York, US",10,2024-01-15 09:00:00
529,Male Employee 723,emp723@careerplatform.com,"New York, US",18,2024-01-15 09:00:00
530,Female Employee 724,emp724@careerplatform.com,"San Francisco, US",10,2024-01-15 09:00:00
531,Female Employee 725,emp725@careerplatform.com,"San Francisco, US",9,2024-01-15 09:00:00
532,Female Employee 727,emp727@careerplatform.com,"San Francisco, US",10,2024-01-15 09:00:00
533,Male Employee 728,emp728@careerplatform.com,"New York, US",20,2024-01-15 09:00:00
534,Male Employee 729,emp729@careerplatform.com,"New York, US",20,2024-01-15 09:00:00
535,Male Employee 730,emp730@careerplatform.com,"San Francisco, US",32,2024-01-15 09:00:00
536,Male Employee 731,emp731@careerplatform.com,"Chicago, US",23,2024-01-15 09:00:00
537,Male Employee 732,emp732@careerplatform.com,"New York, US",10,2024-01-15 09:00:00
538,Male Employee 733,emp733@careerplatform.com,"San Francisco, US",9,2024-01-15 09:00:00
539,Male Employee 734,emp734@careerplatform.com,"Chicago, US",22,2024-01-15 09:00:00
540,Male Employee 738,emp738@careerplatform.com,"New York, US",4,2024-01-15 09:00:00
541,Female Employee 741,emp741@careerplatform.com,"San Francisco, US",10,2024-01-15 09:00:00
542,Female Employee 742,emp742@careerplatform.com,"San Francisco, US",10,2024-01-15 09:00:00
543,Female Employee 743,emp743@careerplatform.com,"San Francisco, US",10,2024-01-15 09:00:00
544,Male Employee 744,emp744@careerplatform.com,"San Francisco, US",9,2024-01-15 09:00:00
545,Female Employee 746,emp746@careerplatform.com,"New York, US",28,2024-01-15 09:00:00
546,Male Employee 747,emp747@careerplatform.com,"New York, US",10,2024-01-15 09:00:00
547,Male Employee 749,emp749@careerplatform.com,"New York, US",1,2024-01-15 09:00:00
548,Male Employee 752,emp752@careerplatform.com,"San Francisco, US",7,2024-01-15 09:00:00
549,Male Employee 754,emp754@careerplatform.com,"New York, US",7,2024-01-15 09:00:00
550,Female Employee 757,emp757@careerplatform.com,"San Francisco, US",10,2024-01-15 09:00:00
551,Male Employee 758,emp758@careerplatform.com,"San Francisco, US",5,2024-01-15 09:00:00
552,Female Employee 760,emp760@careerplatform.com,"Chicago, US",12,2024-01-15 09:00:00
553,Male Employee 762,emp762@careerplatform.com,"San Francisco, US",30,2024-01-15 09:00:00
554,Female Employee 763,emp763@careerplatform.com,"San Francisco, US",5,2024-01-15 09:00:00
555,Female Employee 764,emp764@careerplatform.com,"San Francisco, US",9,2024-01-15 09:00:00
556,Male Employee 766,emp766@careerplatform.com,"New York, US",2,2024-01-15 09:00:00
557,Male Employee 769,emp769@careerplatform.com,"San Francisco, US",19,2024-01-15 09:00:00
558,Female Employee 771,emp771@careerplatform.com,"San Francisco, US",16,2024-01-15 09:00:00
559,Male Employee 772,emp772@careerplatform.com,"San Francisco, US",10,2024-01-15 09:00:00
560,Male Employee 773,emp773@careerplatform.com,"San Francisco, US",6,2024-01-15 09:00:00
561,Female Employee 775,emp775@careerplatform.com,"San Francisco, US",7,2024-01-15 09:00:00
562,Male Employee 776,emp776@careerplatform.com,"New York, US",34,2024-01-15 09:00:00
563,Male Employee 780,emp780@careerplatform.com,"San Francisco, US",10,2024-01-15 09:00:00
564,Female Employee 781,emp781@careerplatform.com,"New York, US",6,2024-01-15 09:00:00
565,Male Employee 783,emp783@careerplatform.com,"New York, US",9,2024-01-15 09:00:00
566,Male Employee 784,emp784@careerplatform.com,"San Francisco, US",2,2024-01-15 09:00:00
567,Female Employee 785,emp785@careerplatform.com,"New York, US",8,2024-01-15 09:00:00
568,Male Employee 786,emp786@careerplatform.com,"New York, US",6,2024-01-15 09:00:00
569,Male Employee 787,emp787@careerplatform.com,"San Francisco, US",24,2024-01-15 09:00:00
570,Male Employee 789,emp789@careerplatform.com,"New York, US",10,2024-01-15 09:00:00
571,Male Employee 791,emp791@careerplatform.com,"San Francisco, US",5,2024-01-15 09:00:00
572,Female Employee 792,emp792@careerplatform.com,"San Francisco, US",5,2024-01-15 09:00:00
573,Female Employee 793,emp793@careerplatform.com,"San Francisco, US",11,2024-01-15 09:00:00
574,Male Employee 796,emp796@careerplatform.com,"New York, US",6,2024-01-15 09:00:00
575,Female Employee 797,emp797@careerplatform.com,"San Francisco, US",10,2024-01-15 09:00:00
576,Female Employee 799,emp799@careerplatform.com,"San Francisco, US",9,2024-01-15 09:00:00
577,Male Employee 800,emp800@careerplatform.com,"New York, US",5,2024-01-15 09:00:00
578,Female Employee 802,emp802@careerplatform.com,"San Francisco, US",6,2024-01-15 09:00:00
579,Female Employee 803,emp803@careerplatform.com,"San Francisco, US",17,2024-01-15 09:00:00
580,Female Employee 804,emp804@careerplatform.com,"San Francisco, US",6,2024-01-15 09:00:00
581,Female Employee 805,emp805@careerplatform.com,"New York, US",3,2024-01-15 09:00:00
582,Male Employee 806,emp806@careerplatform.com,"San Francisco, US",7,2024-01-15 09:00:00
583,Female Employee 807,emp807@careerplatform.com,"San Francisco, US",8,2024-01-15 09:00:00
584,Female Employee 808,emp808@careerplatform.com,"New York, US",6,2024-01-15 09:00:00
585,Male Employee 809,emp809@careerplatform.com,"San Francisco, US",24,2024-01-15 09:00:00
586,Male Employee 811,emp811@careerplatform.com,"San Francisco, US",1,2024-01-15 09:00:00
587,Male Employee 812,emp812@careerplatform.com,"San Francisco, US",1,2024-01-15 09:00:00
588,Female Employee 813,emp813@careerplatform.com,"San Francisco, US",9,2024-01-15 09:00:00
589,Male Employee 815,emp815@careerplatform.com,"San Francisco, US",30,2024-01-15 09:00:00
590,Female Employee 816,emp816@careerplatform.com,"San Francisco, US",1,2024-01-15 09:00:00
591,Male Employee 817,emp817@careerplatform.com,"San Francisco, US",14,2024-01-15 09:00:00
592,Female Employee 819,emp819@careerplatform.com,"New York, US",6,2024-01-15 09:00:00
593,Female Employee 820,emp820@careerplatform.com,"San Francisco, US",26,2024-01-15 09:00:00
594,Female Employee 823,emp823@careerplatform.com,"San Francisco, US",10,2024-01-15 09:00:00
595,Male Employee 824,emp824@careerplatform.com,"San Francisco, US",10,2024-01-15 09:00:00
596,Male Employee 825,emp825@careerplatform.com,"San Francisco, US",40,2024-01-15 09:00:00
597,Female Employee 826,emp826@careerplatform.com,"San Francisco, US",7,2024-01-15 09:00:00
598,Female Employee 827,emp827@careerplatform.com,"San Francisco, US",8,2024-01-15 09:00:00
599,Male Employee 828,emp828@careerplatform.com,"San Francisco, US",5,2024-01-15 09:00:00
600,Male Employee 829,emp829@careerplatform.com,"Chicago, US",8,2024-01-15 09:00:00
601,Female Employee 830,emp830@careerplatform.com,"San Francisco, US",14,2024-01-15 09:00:00
602,Male Employee 832,emp832@careerplatform.com,"San Francisco, US",10,2024-01-15 09:00:00
603,Female Employee 833,emp833@careerplatform.com,"San Francisco, US",12,2024-01-15 09:00:00
604,Female Employee 834,emp834@careerplatform.com,"San Francisco, US",1,2024-01-15 09:00:00
605,Male Employee 836,emp836@careerplatform.com,"San Francisco, US",10,2024-01-15 09:00:00
606,Male Employee 837,emp837@careerplatform.com,"San Francisco, US",13,2024-01-15 09:00:00
607,Female Employee 838,emp838@careerplatform.com,"San Francisco, US",6,2024-01-15 09:00:00
608,Female Employee 840,emp840@careerplatform.com,"New York, US",9,2024-01-15 09:00:00
609,Male Employee 842,emp842@careerplatform.com,"New York, US",12,2024-01-15 09:00:00
610,Male Employee 843,emp843@careerplatform.com,"San Francisco, US",22,2024-01-15 09:00:00
611,Male Employee 844,emp844@careerplatform.com,"San Francisco, US",9,2024-01-15 09:00:00
612,Male Employee 845,emp845@careerplatform.com,"San Francisco, US",17,2024-01-15 09:00:00
613,Female Employee 846,emp846@careerplatform.com,"New York, US",8,2024-01-15 09:00:00
614,Male Employee 847,emp847@careerplatform.com,"Chicago, US",4,2024-01-15 09:00:00
615,Female Employee 848,emp848@careerplatform.com,"San Francisco, US",8,2024-01-15 09:00:00
616,Male Employee 850,emp850@careerplatform.com,"San Francisco, US",0,2024-01-15 09:00:00
617,Female Employee 851,emp851@careerplatform.com,"New York, US",29,2024-01-15 09:00:00
618,Male Employee 852,emp852@careerplatform.com,"San Francisco, US",10,2024-01-15 09:00:00
619,Male Employee 854,emp854@careerplatform.com,"San Francisco, US",6,2024-01-15 09:00:00
620,Male Employee 855,emp855@careerplatform.com,"New York, US",9,2024-01-15 09:00:00
621,Female Employee 856,emp856@careerplatform.com,"San Francisco, US",6,2024-01-15 09:00:00
622,Male Employee 857,emp857@careerplatform.com,"New York, US",18,2024-01-15 09:00:00
623,Male Employee 859,emp859@careerplatform.com,"New York, US",8,2024-01-15 09:00:00
624,Male Employee 861,emp861@careerplatform.com,"San Francisco, US",10,2024-01-15 09:00:00
625,Female Employee 862,emp862@careerplatform.com,"New York, US",35,2024-01-15 09:00:00
626,Male Employee 864,emp864@careerplatform.com,"New York, US",18,2024-01-15 09:00:00
627,Female Employee 865,emp865@careerplatform.com,"San Francisco, US",9,2024-01-15 09:00:00
628,Female Employee 867,emp867@careerplatform.com,"San Francisco, US",31,2024-01-15 09:00:00
629,Male Employee 868,emp868@careerplatform.com,"New York, US",9,2024-01-15 09:00:00
630,Male Employee 869,emp869@careerplatform.com,"Chicago, US",6,2024-01-15 09:00:00
631,Male Employee 872,emp872@careerplatform.com,"San Francisco, US",4,2024-01-15 09:00:00
632,Male Employee 874,emp874@careerplatform.com,"San Francisco, US",10,2024-01-15 09:00:00
633,Male Employee 875,emp875@careerplatform.com,"San Francisco, US",8,2024-01-15 09:00:00
634,Male Employee 878,emp878@careerplatform.com,"Chicago, US",6,2024-01-15 09:00:00
635,Male Employee 879,emp879@careerplatform.com,"New York, US",5,2024-01-15 09:00:00
636,Female Employee 880,emp880@careerplatform.com,"San Francisco, US",17,2024-01-15 09:00:00
637,Female Employee 881,emp881@careerplatform.com,"San Francisco, US",10,2024-01-15 09:00:00
638,Male Employee 882,emp882@careerplatform.com,"San Francisco, US",4,2024-01-15 09:00:00
639,Male Employee 885,emp885@careerplatform.com,"New York, US",5,2024-01-15 09:00:00
640,Female Employee 887,emp887@careerplatform.com,"San Francisco, US",7,2024-01-15 09:00:00
641,Male Employee 888,emp888@careerplatform.com,"San Francisco, US",6,2024-01-15 09:00:00
642,Male Employee 889,emp889@careerplatform.com,"New York, US",10,2024-01-15 09:00:00
643,Male Employee 893,emp893@careerplatform.com,"New York, US",3,2024-01-15 09:00:00
644,Female Employee 894,emp894@careerplatform.com,"San Francisco, US",17,2024-01-15 09:00:00
645,Male Employee 895,emp895@careerplatform.com,"San Francisco, US",8,2024-01-15 09:00:00
646,Female Employee 896,emp896@careerplatform.com,"New York, US",5,2024-01-15 09:00:00
647,Male Employee 897,emp897@careerplatform.com,"New York, US",28,2024-01-15 09:00:00
648,Male Employee 899,emp899@careerplatform.com,"San Francisco, US",16,2024-01-15 09:00:00
649,Female Employee 900,emp900@careerplatform.com,"New York, US",10,2024-01-15 09:00:00
650,Female Employee 901,emp901@careerplatform.com,"San Francisco, US",33,2024-01-15 09:00:00
651,Female Employee 902,emp902@careerplatform.com,"San Francisco, US",12,2024-01-15 09:00:00
652,Female Employee 903,emp903@careerplatform.com,"New York, US",8,2024-01-15 09:00:00
653,Male Employee 904,emp904@careerplatform.com,"New York, US",10,2024-01-15 09:00:00
654,Male Employee 905,emp905@careerplatform.com,"San Francisco, US",31,2024-01-15 09:00:00
655,Female Employee 909,emp909@careerplatform.com,"Chicago, US",13,2024-01-15 09:00:00
656,Male Employee 910,emp910@careerplatform.com,"Chicago, US",7,2024-01-15 09:00:00
657,Male Employee 911,emp911@careerplatform.com,"San Francisco, US",1,2024-01-15 09:00:00
658,Female Employee 912,emp912@careerplatform.com,"San Francisco, US",8,2024-01-15 09:00:00
659,Male Employee 913,emp913@careerplatform.com,"San Francisco, US",8,2024-01-15 09:00:00
660,Male Employee 916,emp916@careerplatform.com,"New York, US",4,2024-01-15 09:00:00
661,Male Employee 918,emp918@careerplatform.com,"San Francisco, US",3,2024-01-15 09:00:00
662,Female Employee 920,emp920@careerplatform.com,"San Francisco, US",4,2024-01-15 09:00:00
663,Female Employee 922,emp922@careerplatform.com,"New York, US",2,2024-01-15 09:00:00
664,Female Employee 923,emp923@careerplatform.com,"San Francisco, US",1,2024-01-15 09:00:00
665,Male Employee 924,emp924@careerplatform.com,"San Francisco, US",17,2024-01-15 09:00:00
666,Female Employee 925,emp925@careerplatform.com,"New York, US",3,2024-01-15 09:00:00
667,Female Employee 926,emp926@careerplatform.com,"San Francisco, US",4,2024-01-15 09:00:00
668,Female Employee 927,emp927@careerplatform.com,"San Francisco, US",10,2024-01-15 09:00:00
669,Female Employee 930,emp930@careerplatform.com,"San Francisco, US",6,2024-01-15 09:00:00
670,Male Employee 932,emp932@careerplatform.com,"San Francisco, US",8,2024-01-15 09:00:00
671,Female Employee 933,emp933@careerplatform.com,"San Francisco, US",1,2024-01-15 09:00:00
672,Male Employee 934,emp934@careerplatform.com,"San Francisco, US",1,2024-01-15 09:00:00
673,Female Employee 936,emp936@careerplatform.com,"New York, US",10,2024-01-15 09:00:00
674,Male Employee 939,emp939@careerplatform.com,"San Francisco, US",6,2024-01-15 09:00:00
675,Female Employee 940,emp940@careerplatform.com,"San Francisco, US",24,2024-01-15 09:00:00
676,Male Employee 941,emp941@careerplatform.com,"New York, US",13,2024-01-15 09:00:00
677,Female Employee 942,emp942@careerplatform.com,"San Francisco, US",10,2024-01-15 09:00:00
678,Female Employee 944,emp944@careerplatform.com,"San Francisco, US",29,2024-01-15 09:00:00
679,Male Employee 945,emp945@careerplatform.com,"San Francisco, US",13,2024-01-15 09:00:00
680,Female Employee 947,emp947@careerplatform.com,"New York, US",9,2024-01-15 09:00:00
681,Male Employee 949,emp949@careerplatform.com,"San Francisco, US",8,2024-01-15 09:00:00
682,Female Employee 950,emp950@careerplatform.com,"San Francisco, US",15,2024-01-15 09:00:00
683,Female Employee 951,emp951@careerplatform.com,"San Francisco, US",5,2024-01-15 09:00:00
684,Male Employee 952,emp952@careerplatform.com,"New York, US",1,2024-01-15 09:00:00
685,Male Employee 954,emp954@careerplatform.com,"New York, US",11,2024-01-15 09:00:00
686,Male Employee 956,emp956@careerplatform.com,"New York, US",7,2024-01-15 09:00:00
687,Male Employee 957,emp957@careerplatform.com,"San Francisco, US",20,2024-01-15 09:00:00
688,Male Employee 958,emp958@careerplatform.com,"San Francisco, US",16,2024-01-15 09:00:00
689,Male Employee 959,emp959@careerplatform.com,"New York, US",1,2024-01-15 09:00:00
690,Male Employee 960,emp960@careerplatform.com,"San Francisco, US",1,2024-01-15 09:00:00
691,Female Employee 961,emp961@careerplatform.com,"San Francisco, US",10,2024-01-15 09:00:00
692,Male Employee 964,emp964@careerplatform.com,"San Francisco, US",3,2024-01-15 09:00:00
693,Female Employee 966,emp966@careerplatform.com,"San Francisco, US",8,2024-01-15 09:00:00
694,Male Employee 967,emp967@careerplatform.com,"New York, US",16,2024-01-15 09:00:00
695,Female Employee 969,emp969@careerplatform.com,"San Francisco, US",6,2024-01-15 09:00:00
696,Male Employee 970,emp970@careerplatform.com,"New York, US",17,2024-01-15 09:00:00
697,Male Employee 972,emp972@careerplatform.com,"San Francisco, US",9,2024-01-15 09:00:00
698,Female Employee 974,emp974@careerplatform.com,"New York, US",3,2024-01-15 09:00:00
699,Female Employee 975,emp975@careerplatform.com,"New York, US",5,2024-01-15 09:00:00
700,Male Employee 976,emp976@careerplatform.com,"San Francisco, US",26,2024-01-15 09:00:00
701,Male Employee 977,emp977@careerplatform.com,"San Francisco, US",7,2024-01-15 09:00:00
702,Male Employee 981,emp981@careerplatform.com,"New York, US",22,2024-01-15 09:00:00
703,Male Employee 982,emp982@careerplatform.com,"New York, US",10,2024-01-15 09:00:00
704,Female Employee 983,emp983@careerplatform.com,"New York, US",6,2024-01-15 09:00:00
705,Male Employee 984,emp984@careerplatform.com,"New York, US",12,2024-01-15 09:00:00
706,Male Employee 985,emp985@careerplatform.com,"New York, US",9,2024-01-15 09:00:00
707,Female Employee 986,emp986@careerplatform.com,"New York, US",22,2024-01-15 09:00:00
708,Male Employee 987,emp987@careerplatform.com,"San Francisco, US",20,2024-01-15 09:00:00
709,Male Employee 990,emp990@careerplatform.com,"New York, US",12,2024-01-15 09:00:00
710,Male Employee 991,emp991@careerplatform.com,"San Francisco, US",4,2024-01-15 09:00:00
711,Male Employee 992,emp992@careerplatform.com,"New York, US",10,2024-01-15 09:00:00
712,Female Employee 994,emp994@careerplatform.com,"San Francisco, US",3,2024-01-15 09:00:00
713,Female Employee 995,emp995@careerplatform.com,"San Francisco, US",5,2024-01-15 09:00:00
714,Female Employee 996,emp996@careerplatform.com,"San Francisco, US",8,2024-01-15 09:00:00
715,Male Employee 997,emp997@careerplatform.com,"San Francisco, US",32,2024-01-15 09:00:00
716,Female Employee 998,emp998@careerplatform.com,"San Francisco, US",6,2024-01-15 09:00:00
717,Male Employee 999,emp999@careerplatform.com,"San Francisco, US",21,2024-01-15 09:00:00
718,Female Employee 1001,emp1001@careerplatform.com,"San Francisco, US",4,2024-01-15 09:00:00
719,Male Employee 1002,emp1002@careerplatform.com,"San Francisco, US",9,2024-01-15 09:00:00
720,Female Employee 1003,emp1003@careerplatform.com,"New York, US",9,2024-01-15 09:00:00
721,Female Employee 1004,emp1004@careerplatform.com,"San Francisco, US",7,2024-01-15 09:00:00
722,Male Employee 1005,emp1005@careerplatform.com,"San Francisco, US",22,2024-01-15 09:00:00
723,Male Employee 1006,emp1006@careerplatform.com,"San Francisco, US",3,2024-01-15 09:00:00
724,Male Employee 1007,emp1007@careerplatform.com,"San Francisco, US",13,2024-01-15 09:00:00
725,Female Employee 1009,emp1009@careerplatform.com,"San Francisco, US",5,2024-01-15 09:00:00
726,Male Employee 1010,emp1010@careerplatform.com,"San Francisco, US",5,2024-01-15 09:00:00
727,Female Employee 1011,emp1011@careerplatform.com,"San Francisco, US",4,2024-01-15 09:00:00
728,Male Employee 1012,emp1012@careerplatform.com,"San Francisco, US",0,2024-01-15 09:00:00
729,Female Employee 1013,emp1013@careerplatform.com,"San Francisco, US",22,2024-01-15 09:00:00
730,Female Employee 1014,emp1014@careerplatform.com,"San Francisco, US",16,2024-01-15 09:00:00
731,Female Employee 1015,emp1015@careerplatform.com,"San Francisco, US",9,2024-01-15 09:00:00
732,Female Employee 1016,emp1016@careerplatform.com,"San Francisco, US",1,2024-01-15 09:00:00
733,Female Employee 1017,emp1017@careerplatform.com,"San Francisco, US",4,2024-01-15 09:00:00
734,Male Employee 1018,emp1018@careerplatform.com,"San Francisco, US",8,2024-01-15 09:00:00
735,Male Employee 1019,emp1019@careerplatform.com,"San Francisco, US",4,2024-01-15 09:00:00
736,Male Employee 1022,emp1022@careerplatform.com,"San Francisco, US",19,2024-01-15 09:00:00
737,Male Employee 1024,emp1024@careerplatform.com,"San Francisco, US",27,2024-01-15 09:00:00
738,Female Employee 1025,emp1025@careerplatform.com,"San Francisco, US",8,2024-01-15 09:00:00
739,Female Employee 1026,emp1026@careerplatform.com,"San Francisco, US",21,2024-01-15 09:00:00
740,Female Employee 1027,emp1027@careerplatform.com,"San Francisco, US",4,2024-01-15 09:00:00
741,Male Employee 1028,emp1028@careerplatform.com,"San Francisco, US",3,2024-01-15 09:00:00
742,Male Employee 1029,emp1029@careerplatform.com,"New York, US",21,2024-01-15 09:00:00
743,Male Employee 1030,emp1030@careerplatform.com,"San Francisco, US",8,2024-01-15 09:00:00
744,Female Employee 1032,emp1032@careerplatform.com,"San Francisco, US",30,2024-01-15 09:00:00
745,Female Employee 1033,emp1033@careerplatform.com,"San Francisco, US",15,2024-01-15 09:00:00
746,Male Employee 1034,emp1034@careerplatform.com,"San Francisco, US",17,2024-01-15 09:00:00
747,Female Employee 1035,emp1035@careerplatform.com,"San Francisco, US",21,2024-01-15 09:00:00
748,Male Employee 1036,emp1036@careerplatform.com,"New York, US",19,2024-01-15 09:00:00
749,Male Employee 1037,emp1037@careerplatform.com,"New York, US",7,2024-01-15 09:00:00
750,Female Employee 1038,emp1038@careerplatform.com,"New York, US",33,2024-01-15 09:00:00
751,Female Employee 1039,emp1039@careerplatform.com,"New York, US",23,2024-01-15 09:00:00
752,Female Employee 1040,emp1040@careerplatform.com,"New York, US",19,2024-01-15 09:00:00
753,Female Employee 1042,emp1042@careerplatform.com,"San Francisco, US",18,2024-01-15 09:00:00
754,Female Employee 1043,emp1043@careerplatform.com,"San Francisco, US",21,2024-01-15 09:00:00
755,Female Employee 1044,emp1044@careerplatform.com,"New York, US",3,2024-01-15 09:00:00
756,Female Employee 1045,emp1045@careerplatform.com,"New York, US",26,2024-01-15 09:00:00
757,Female Employee 1046,emp1046@careerplatform.com,"San Francisco, US",10,2024-01-15 09:00:00
758,Male Employee 1047,emp1047@careerplatform.com,"New York, US",16,2024-01-15 09:00:00
759,Male Employee 1048,emp1048@careerplatform.com,"New York, US",14,2024-01-15 09:00:00
760,Male Employee 1049,emp1049@careerplatform.com,"Chicago, US",6,2024-01-15 09:00:00
761,Female Employee 1050,emp1050@careerplatform.com,"New York, US",30,2024-01-15 09:00:00
762,Male Employee 1052,emp1052@careerplatform.com,"San Francisco, US",9,2024-01-15 09:00:00
763,Male Employee 1053,emp1053@careerplatform.com,"San Francisco, US",6,2024-01-15 09:00:00
764,Female Employee 1055,emp1055@careerplatform.com,"New York, US",1,2024-01-15 09:00:00
765,Male Employee 1056,emp1056@careerplatform.com,"New York, US",1,2024-01-15 09:00:00
766,Male Employee 1060,emp1060@careerplatform.com,"San Francisco, US",8,2024-01-15 09:00:00
767,Male Employee 1061,emp1061@careerplatform.com,"San Francisco, US",29,2024-01-15 09:00:00
768,Female Employee 1062,emp1062@careerplatform.com,"San Francisco, US",8,2024-01-15 09:00:00
769,Male Employee 1066,emp1066@careerplatform.com,"New York, US",8,2024-01-15 09:00:00
770,Female Employee 1068,emp1068@careerplatform.com,"San Francisco, US",5,2024-01-15 09:00:00
771,Male Employee 1069,emp1069@careerplatform.com,"San Francisco, US",23,2024-01-15 09:00:00
772,Female Employee 1070,emp1070@careerplatform.com,"New York, US",13,2024-01-15 09:00:00
773,Female Employee 1071,emp1071@careerplatform.com,"San Francisco, US",18,2024-01-15 09:00:00
774,Female Employee 1073,emp1073@careerplatform.com,"San Francisco, US",15,2024-01-15 09:00:00
775,Male Employee 1074,emp1074@careerplatform.com,"San Francisco, US",31,2024-01-15 09:00:00
776,Male Employee 1076,emp1076@careerplatform.com,"New York, US",18,2024-01-15 09:00:00
777,Female Employee 1077,emp1077@careerplatform.com,"New York, US",2,2024-01-15 09:00:00
778,Female Employee 1079,emp1079@careerplatform.com,"San Francisco, US",1,2024-01-15 09:00:00
779,Female Employee 1080,emp1080@careerplatform.com,"San Francisco, US",19,2024-01-15 09:00:00
780,Male Employee 1081,emp1081@careerplatform.com,"San Francisco, US",18,2024-01-15 09:00:00
781,Male Employee 1082,emp1082@careerplatform.com,"San Francisco, US",10,2024-01-15 09:00:00
782,Male Employee 1083,emp1083@careerplatform.com,"San Francisco, US",6,2024-01-15 09:00:00
783,Male Employee 1084,emp1084@careerplatform.com,"San Francisco, US",7,2024-01-15 09:00:00
784,Female Employee 1085,emp1085@careerplatform.com,"San Francisco, US",10,2024-01-15 09:00:00
785,Female Employee 1088,emp1088@careerplatform.com,"San Francisco, US",20,2024-01-15 09:00:00
786,Male Employee 1092,emp1092@careerplatform.com,"San Francisco, US",14,2024-01-15 09:00:00
787,Male Employee 1094,emp1094@careerplatform.com,"San Francisco, US",3,2024-01-15 09:00:00
788,Male Employee 1096,emp1096@careerplatform.com,"San Francisco, US",23,2024-01-15 09:00:00
789,Female Employee 1097,emp1097@careerplatform.com,"San Francisco, US",10,2024-01-15 09:00:00
790,Male Employee 1098,emp1098@careerplatform.com,"Chicago, US",24,2024-01-15 09:00:00
791,Male Employee 1099,emp1099@careerplatform.com,"San Francisco, US",9,2024-01-15 09:00:00
792,Male Employee 1100,emp1100@careerplatform.com,"New York, US",9,2024-01-15 09:00:00
793,Female Employee 1101,emp1101@careerplatform.com,"San Francisco, US",14,2024-01-15 09:00:00
794,Male Employee 1102,emp1102@careerplatform.com,"San Francisco, US",4,2024-01-15 09:00:00
795,Male Employee 1103,emp1103@careerplatform.com,"San Francisco, US",7,2024-01-15 09:00:00
796,Female Employee 1105,emp1105@careerplatform.com,"New York, US",8,2024-01-15 09:00:00
797,Male Employee 1106,emp1106@careerplatform.com,"San Francisco, US",7,2024-01-15 09:00:00
798,Male Employee 1107,emp1107@careerplatform.com,"San Francisco, US",1,2024-01-15 09:00:00
799,Male Employee 1108,emp1108@careerplatform.com,"San Francisco, US",5,2024-01-15 09:00:00
800,Male Employee 1109,emp1109@careerplatform.com,"San Francisco, US",23,2024-01-15 09:00:00
801,Male Employee 1111,emp1111@careerplatform.com,"San Francisco, US",1,2024-01-15 09:00:00
802,Male Employee 1113,emp1113@careerplatform.com,"New York, US",5,2024-01-15 09:00:00
803,Female Employee 1114,emp1114@careerplatform.com,"New York, US",4,2024-01-15 09:00:00
804,Male Employee 1115,emp1115@careerplatform.com,"San Francisco, US",6,2024-01-15 09:00:00
805,Male Employee 1116,emp1116@careerplatform.com,"San Francisco, US",27,2024-01-15 09:00:00
806,Female Employee 1117,emp1117@careerplatform.com,"New York, US",15,2024-01-15 09:00:00
807,Male Employee 1118,emp1118@careerplatform.com,"San Francisco, US",18,2024-01-15 09:00:00
808,Male Employee 1119,emp1119@careerplatform.com,"New York, US",9,2024-01-15 09:00:00
809,Female Employee 1120,emp1120@careerplatform.com,"San Francisco, US",11,2024-01-15 09:00:00
810,Female Employee 1121,emp1121@careerplatform.com,"San Francisco, US",10,2024-01-15 09:00:00
811,Male Employee 1124,emp1124@careerplatform.com,"New York, US",23,2024-01-15 09:00:00
812,Male Employee 1125,emp1125@careerplatform.com,"New York, US",10,2024-01-15 09:00:00
813,Female Employee 1126,emp1126@careerplatform.com,"San Francisco, US",18,2024-01-15 09:00:00
814,Male Employee 1127,emp1127@careerplatform.com,"San Francisco, US",21,2024-01-15 09:00:00
815,Male Employee 1128,emp1128@careerplatform.com,"San Francisco, US",21,2024-01-15 09:00:00
816,Female Employee 1131,emp1131@careerplatform.com,"San Francisco, US",2,2024-01-15 09:00:00
817,Male Employee 1132,emp1132@careerplatform.com,"San Francisco, US",9,2024-01-15 09:00:00
818,Male Employee 1133,emp1133@careerplatform.com,"San Francisco, US",18,2024-01-15 09:00:00
819,Male Employee 1135,emp1135@careerplatform.com,"New York, US",3,2024-01-15 09:00:00
820,Male Employee 1136,emp1136@careerplatform.com,"San Francisco, US",6,2024-01-15 09:00:00
821,Male Employee 1137,emp1137@careerplatform.com,"New York, US",5,2024-01-15 09:00:00
822,Male Employee 1138,emp1138@careerplatform.com,"New York, US",22,2024-01-15 09:00:00
823,Male Employee 1140,emp1140@careerplatform.com,"San Francisco, US",5,2024-01-15 09:00:00
824,Female Employee 1143,emp1143@careerplatform.com,"San Francisco, US",8,2024-01-15 09:00:00
825,Male Employee 1148,emp1148@careerplatform.com,"San Francisco, US",16,2024-01-15 09:00:00
826,Male Employee 1150,emp1150@careerplatform.com,"San Francisco, US",10,2024-01-15 09:00:00
827,Male Employee 1152,emp1152@careerplatform.com,"Chicago, US",7,2024-01-15 09:00:00
828,Male Employee 1154,emp1154@careerplatform.com,"San Francisco, US",3,2024-01-15 09:00:00
829,Male Employee 1156,emp1156@careerplatform.com,"San Francisco, US",0,2024-01-15 09:00:00
830,Female Employee 1157,emp1157@careerplatform.com,"New York, US",6,2024-01-15 09:00:00
831,Male Employee 1158,emp1158@careerplatform.com,"San Francisco, US",6,2024-01-15 09:00:00
832,Male Employee 1160,emp1160@careerplatform.com,"San Francisco, US",2,2024-01-15 09:00:00
833,Female Employee 1161,emp1161@careerplatform.com,"San Francisco, US",9,2024-01-15 09:00:00
834,Male Employee 1162,emp1162@careerplatform.com,"San Francisco, US",4,2024-01-15 09:00:00
835,Female Employee 1163,emp1163@careerplatform.com,"New York, US",6,2024-01-15 09:00:00
836,Male Employee 1164,emp1164@careerplatform.com,"Chicago, US",6,2024-01-15 09:00:00
837,Female Employee 1165,emp1165@careerplatform.com,"New York, US",11,2024-01-15 09:00:00
838,Female Employee 1166,emp1166@careerplatform.com,"San Francisco, US",20,2024-01-15 09:00:00
839,Male Employee 1167,emp1167@careerplatform.com,"New York, US",22,2024-01-15 09:00:00
840,Male Employee 1171,emp1171@careerplatform.com,"New York, US",9,2024-01-15 09:00:00
841,Male Employee 1172,emp1172@careerplatform.com,"San Francisco, US",10,2024-01-15 09:00:00
842,Male Employee 1173,emp1173@careerplatform.com,"San Francisco, US",6,2024-01-15 09:00:00
843,Female Employee 1175,emp1175@careerplatform.com,"San Francisco, US",1,2024-01-15 09:00:00
844,Male Employee 1177,emp1177@careerplatform.com,"San Francisco, US",8,2024-01-15 09:00:00
845,Male Employee 1179,emp1179@careerplatform.com,"New York, US",10,2024-01-15 09:00:00
846,Female Employee 1180,emp1180@careerplatform.com,"San Francisco, US",16,2024-01-15 09:00:00
847,Male Employee 1182,emp1182@careerplatform.com,"San Francisco, US",15,2024-01-15 09:00:00
848,Male Employee 1184,emp1184@careerplatform.com,"San Francisco, US",14,2024-01-15 09:00:00
849,Male Employee 1185,emp1185@careerplatform.com,"San Francisco, US",2,2024-01-15 09:00:00
850,Female Employee 1188,emp1188@careerplatform.com,"New York, US",7,2024-01-15 09:00:00
851,Female Employee 1190,emp1190@careerplatform.com,"New York, US",1,2024-01-15 09:00:00
852,Female Employee 1191,emp1191@careerplatform.com,"San Francisco, US",28,2024-01-15 09:00:00
853,Female Employee 1192,emp1192@careerplatform.com,"San Francisco, US",10,2024-01-15 09:00:00
854,Male Employee 1193,emp1193@careerplatform.com,"San Francisco, US",1,2024-01-15 09:00:00
855,Female Employee 1195,emp1195@careerplatform.com,"San Francisco, US",7,2024-01-15 09:00:00
856,Female Employee 1196,emp1196@careerplatform.com,"San Francisco, US",14,2024-01-15 09:00:00
857,Male Employee 1198,emp1198@careerplatform.com,"San Francisco, US",2,2024-01-15 09:00:00
858,Male Employee 1200,emp1200@careerplatform.com,"San Francisco, US",6,2024-01-15 09:00:00
859,Female Employee 1201,emp1201@careerplatform.com,"San Francisco, US",26,2024-01-15 09:00:00
860,Female Employee 1202,emp1202@careerplatform.com,"San Francisco, US",6,2024-01-15 09:00:00
861,Male Employee 1203,emp1203@careerplatform.com,"San Francisco, US",1,2024-01-15 09:00:00
862,Female Employee 1204,emp1204@careerplatform.com,"New York, US",28,2024-01-15 09:00:00
863,Male Employee 1206,emp1206@careerplatform.com,"San Francisco, US",6,2024-01-15 09:00:00
864,Male Employee 1207,emp1207@careerplatform.com,"Chicago, US",5,2024-01-15 09:00:00
865,Male Employee 1210,emp1210@careerplatform.com,"San Francisco, US",5,2024-01-15 09:00:00
866,Male Employee 1211,emp1211@careerplatform.com,"New York, US",8,2024-01-15 09:00:00
867,Male Employee 1212,emp1212@careerplatform.com,"New York, US",5,2024-01-15 09:00:00
868,Female Employee 1215,emp1215@careerplatform.com,"San Francisco, US",32,2024-01-15 09:00:00
869,Male Employee 1216,emp1216@careerplatform.com,"San Francisco, US",6,2024-01-15 09:00:00
870,Male Employee 1217,emp1217@careerplatform.com,"San Francisco, US",25,2024-01-15 09:00:00
871,Male Employee 1218,emp1218@careerplatform.com,"New York, US",15,2024-01-15 09:00:00
872,Female Employee 1219,emp1219@careerplatform.com,"San Francisco, US",1,2024-01-15 09:00:00
873,Female Employee 1220,emp1220@careerplatform.com,"New York, US",10,2024-01-15 09:00:00
874,Male Employee 1221,emp1221@careerplatform.com,"San Francisco, US",7,2024-01-15 09:00:00
875,Male Employee 1224,emp1224@careerplatform.com,"San Francisco, US",10,2024-01-15 09:00:00
876,Male Employee 1225,emp1225@careerplatform.com,"San Francisco, US",20,2024-01-15 09:00:00
877,Male Employee 1226,emp1226@careerplatform.com,"New York, US",2,2024-01-15 09:00:00
878,Male Employee 1228,emp1228@careerplatform.com,"San Francisco, US",12,2024-01-15 09:00:00
879,Male Employee 1231,emp1231@careerplatform.com,"Chicago, US",10,2024-01-15 09:00:00
880,Male Employee 1233,emp1233@careerplatform.com,"New York, US",12,2024-01-15 09:00:00
881,Female Employee 1234,emp1234@careerplatform.com,"San Francisco, US",2,2024-01-15 09:00:00
882,Female Employee 1235,emp1235@careerplatform.com,"San Francisco, US",10,2024-01-15 09:00:00
883,Female Employee 1237,emp1237@careerplatform.com,"San Francisco, US",17,2024-01-15 09:00:00
884,Male Employee 1238,emp1238@careerplatform.com,"San Francisco, US",15,2024-01-15 09:00:00
885,Female Employee 1239,emp1239@careerplatform.com,"New York, US",7,2024-01-15 09:00:00
886,Male Employee 1240,emp1240@careerplatform.com,"New York, US",5,2024-01-15 09:00:00
887,Male Employee 1241,emp1241@careerplatform.com,"San Francisco, US",12,2024-01-15 09:00:00
888,Female Employee 1242,emp1242@careerplatform.com,"San Francisco, US",20,2024-01-15 09:00:00
889,Female Employee 1243,emp1243@careerplatform.com,"New York, US",16,2024-01-15 09:00:00
890,Male Employee 1244,emp1244@careerplatform.com,"San Francisco, US",9,2024-01-15 09:00:00
891,Female Employee 1245,emp1245@careerplatform.com,"San Francisco, US",33,2024-01-15 09:00:00
892,Female Employee 1246,emp1246@careerplatform.com,"San Francisco, US",10,2024-01-15 09:00:00
893,Female Employee 1248,emp1248@careerplatform.com,"San Francisco, US",1,2024-01-15 09:00:00
894,Female Employee 1249,emp1249@careerplatform.com,"San Francisco, US",3,2024-01-15 09:00:00
895,Male Employee 1250,emp1250@careerplatform.com,"San Francisco, US",36,2024-01-15 09:00:00
896,Male Employee 1251,emp1251@careerplatform.com,"San Francisco, US",6,2024-01-15 09:00:00
897,Female Employee 1252,emp1252@careerplatform.com,"San Francisco, US",10,2024-01-15 09:00:00
898,Female Employee 1254,emp1254@careerplatform.com,"New York, US",13,2024-01-15 09:00:00
899,Male Employee 1255,emp1255@careerplatform.com,"San Francisco, US",25,2024-01-15 09:00:00
900,Male Employee 1256,emp1256@careerplatform.com,"San Francisco, US",23,2024-01-15 09:00:00
901,Male Employee 1257,emp1257@careerplatform.com,"San Francisco, US",12,2024-01-15 09:00:00
902,Male Employee 1258,emp1258@careerplatform.com,"San Francisco, US",7,2024-01-15 09:00:00
903,Male Employee 1259,emp1259@careerplatform.com,"San Francisco, US",5,2024-01-15 09:00:00
904,Male Employee 1260,emp1260@careerplatform.com,"San Francisco, US",6,2024-01-15 09:00:00
905,Male Employee 1263,emp1263@careerplatform.com,"San Francisco, US",25,2024-01-15 09:00:00
906,Female Employee 1264,emp1264@careerplatform.com,"San Francisco, US",9,2024-01-15 09:00:00
907,Female Employee 1265,emp1265@careerplatform.com,"San Francisco, US",2,2024-01-15 09:00:00
908,Male Employee 1267,emp1267@careerplatform.com,"New York, US",26,2024-01-15 09:00:00
909,Male Employee 1268,emp1268@careerplatform.com,"New York, US",10,2024-01-15 09:00:00
910,Female Employee 1269,emp1269@careerplatform.com,"San Francisco, US",1,2024-01-15 09:00:00
911,Male Employee 1270,emp1270@careerplatform.com,"San Francisco, US",1,2024-01-15 09:00:00
912,Male Employee 1273,emp1273@careerplatform.com,"New York, US",1,2024-01-15 09:00:00
913,Male Employee 1275,emp1275@careerplatform.com,"San Francisco, US",8,2024-01-15 09:00:00
914,Female Employee 1277,emp1277@careerplatform.com,"New York, US",26,2024-01-15 09:00:00
915,Male Employee 1278,emp1278@careerplatform.com,"San Francisco, US",34,2024-01-15 09:00:00
916,Female Employee 1279,emp1279@careerplatform.com,"San Francisco, US",2,2024-01-15 09:00:00
917,Female Employee 1280,emp1280@careerplatform.com,"New York, US",26,2024-01-15 09:00:00
918,Female Employee 1281,emp1281@careerplatform.com,"New York, US",4,2024-01-15 09:00:00
919,Male Employee 1282,emp1282@careerplatform.com,"New York, US",31,2024-01-15 09:00:00
920,Male Employee 1283,emp1283@careerplatform.com,"San Francisco, US",25,2024-01-15 09:00:00
921,Female Employee 1285,emp1285@careerplatform.com,"San Francisco, US",15,2024-01-15 09:00:00
922,Male Employee 1286,emp1286@careerplatform.com,"San Francisco, US",5,2024-01-15 09:00:00
923,Male Employee 1288,emp1288@careerplatform.com,"San Francisco, US",26,2024-01-15 09:00:00
924,Male Employee 1289,emp1289@careerplatform.com,"Chicago, US",14,2024-01-15 09:00:00
925,Male Employee 1291,emp1291@careerplatform.com,"San Francisco, US",4,2024-01-15 09:00:00
926,Female Employee 1292,emp1292@careerplatform.com,"San Francisco, US",18,2024-01-15 09:00:00
927,Female Employee 1293,emp1293@careerplatform.com,"New York, US",23,2024-01-15 09:00:00
928,Female Employee 1294,emp1294@careerplatform.com,"San Francisco, US",18,2024-01-15 09:00:00
929,Female Employee 1295,emp1295@careerplatform.com,"San Francisco, US",10,2024-01-15 09:00:00
930,Male Employee 1296,emp1296@careerplatform.com,"San Francisco, US",2,2024-01-15 09:00:00
931,Female Employee 1297,emp1297@careerplatform.com,"San Francisco, US",8,2024-01-15 09:00:00
932,Female Employee 1298,emp1298@careerplatform.com,"San Francisco, US",10,2024-01-15 09:00:00
933,Female Employee 1299,emp1299@careerplatform.com,"San Francisco, US",10,2024-01-15 09:00:00
934,Male Employee 1301,emp1301@careerplatform.com,"San Francisco, US",5,2024-01-15 09:00:00
935,Female Employee 1303,emp1303@careerplatform.com,"San Francisco, US",2,2024-01-15 09:00:00
936,Male Employee 1304,emp1304@careerplatform.com,"New York, US",10,2024-01-15 09:00:00
937,Female Employee 1306,emp1306@careerplatform.com,"San Francisco, US",22,2024-01-15 09:00:00
938,Female Employee 1307,emp1307@careerplatform.com,"San Francisco, US",21,2024-01-15 09:00:00
939,Male Employee 1308,emp1308@careerplatform.com,"San Francisco, US",2,2024-01-15 09:00:00
940,Male Employee 1309,emp1309@careerplatform.com,"San Francisco, US",10,2024-01-15 09:00:00
941,Male Employee 1310,emp1310@careerplatform.com,"San Francisco, US",6,2024-01-15 09:00:00
942,Female Employee 1311,emp1311@careerplatform.com,"San Francisco, US",10,2024-01-15 09:00:00
943,Female Employee 1312,emp1312@careerplatform.com,"San Francisco, US",10,2024-01-15 09:00:00
944,Female Employee 1314,emp1314@careerplatform.com,"Chicago, US",10,2024-01-15 09:00:00
945,Female Employee 1315,emp1315@careerplatform.com,"San Francisco, US",10,2024-01-15 09:00:00
946,Female Employee 1317,emp1317@careerplatform.com,"San Francisco, US",25,2024-01-15 09:00:00
947,Male Employee 1318,emp1318@careerplatform.com,"New York, US",9,2024-01-15 09:00:00
948,Male Employee 1319,emp1319@careerplatform.com,"New York, US",10,2024-01-15 09:00:00
949,Female Employee 1321,emp1321@careerplatform.com,"San Francisco, US",9,2024-01-15 09:00:00
950,Male Employee 1322,emp1322@careerplatform.com,"San Francisco, US",9,2024-01-15 09:00:00
951,Female Employee 1324,emp1324@careerplatform.com,"New York, US",10,2024-01-15 09:00:00
952,Male Employee 1329,emp1329@careerplatform.com,"New York, US",19,2024-01-15 09:00:00
953,Female Employee 1331,emp1331@careerplatform.com,"New York, US",3,2024-01-15 09:00:00
954,Male Employee 1333,emp1333@careerplatform.com,"San Francisco, US",10,2024-01-15 09:00:00
955,Male Employee 1334,emp1334@careerplatform.com,"San Francisco, US",21,2024-01-15 09:00:00
956,Female Employee 1336,emp1336@careerplatform.com,"San Francisco, US",23,2024-01-15 09:00:00
957,Male Employee 1338,emp1338@careerplatform.com,"Chicago, US",36,2024-01-15 09:00:00
958,Male Employee 1340,emp1340@careerplatform.com,"San Francisco, US",6,2024-01-15 09:00:00
959,Male Employee 1344,emp1344@careerplatform.com,"San Francisco, US",10,2024-01-15 09:00:00
960,Male Employee 1346,emp1346@careerplatform.com,"San Francisco, US",9,2024-01-15 09:00:00
961,Female Employee 1349,emp1349@careerplatform.com,"New York, US",10,2024-01-15 09:00:00
962,Male Employee 1350,emp1350@careerplatform.com,"San Francisco, US",9,2024-01-15 09:00:00
963,Male Employee 1352,emp1352@careerplatform.com,"Chicago, US",33,2024-01-15 09:00:00
964,Female Employee 1355,emp1355@careerplatform.com,"New York, US",11,2024-01-15 09:00:00
965,Female Employee 1356,emp1356@careerplatform.com,"New York, US",10,2024-01-15 09:00:00
966,Male Employee 1358,emp1358@careerplatform.com,"San Francisco, US",7,2024-01-15 09:00:00
967,Female Employee 1360,emp1360@careerplatform.com,"San Francisco, US",31,2024-01-15 09:00:00
968,Male Employee 1361,emp1361@careerplatform.com,"San Francisco, US",7,2024-01-15 09:00:00
969,Female Employee 1362,emp1362@careerplatform.com,"New York, US",17,2024-01-15 09:00:00
970,Male Employee 1363,emp1363@careerplatform.com,"San Francisco, US",11,2024-01-15 09:00:00
971,Female Employee 1364,emp1364@careerplatform.com,"New York, US",5,2024-01-15 09:00:00
972,Female Employee 1367,emp1367@careerplatform.com,"San Francisco, US",29,2024-01-15 09:00:00
973,Female Employee 1368,emp1368@careerplatform.com,"San Francisco, US",0,2024-01-15 09:00:00
974,Female Employee 1369,emp1369@careerplatform.com,"San Francisco, US",10,2024-01-15 09:00:00
975,Male Employee 1371,emp1371@careerplatform.com,"New York, US",8,2024-01-15 09:00:00
976,Male Employee 1372,emp1372@careerplatform.com,"New York, US",24,2024-01-15 09:00:00
977,Male Employee 1373,emp1373@careerplatform.com,"San Francisco, US",33,2024-01-15 09:00:00
978,Female Employee 1374,emp1374@careerplatform.com,"San Francisco, US",5,2024-01-15 09:00:00
979,Female Employee 1375,emp1375@careerplatform.com,"San Francisco, US",15,2024-01-15 09:00:00
980,Male Employee 1377,emp1377@careerplatform.com,"San Francisco, US",10,2024-01-15 09:00:00
981,Female Employee 1379,emp1379@careerplatform.com,"New York, US",3,2024-01-15 09:00:00
982,Female Employee 1380,emp1380@careerplatform.com,"New York, US",5,2024-01-15 09:00:00
983,Male Employee 1382,emp1382@careerplatform.com,"San Francisco, US",4,2024-01-15 09:00:00
984,Female Employee 1383,emp1383@careerplatform.com,"San Francisco, US",14,2024-01-15 09:00:00
985,Male Employee 1387,emp1387@careerplatform.com,"New York, US",5,2024-01-15 09:00:00
986,Male Employee 1389,emp1389@careerplatform.com,"San Francisco, US",10,2024-01-15 09:00:00
987,Male Employee 1390,emp1390@careerplatform.com,"New York, US",8,2024-01-15 09:00:00
988,Male Employee 1391,emp1391@careerplatform.com,"New York, US",14,2024-01-15 09:00:00
989,Female Employee 1392,emp1392@careerplatform.com,"San Francisco, US",12,2024-01-15 09:00:00
990,Male Employee 1394,emp1394@careerplatform.com,"San Francisco, US",8,2024-01-15 09:00:00
991,Male Employee 1395,emp1395@careerplatform.com,"New York, US",8,2024-01-15 09:00:00
992,Male Employee 1396,emp1396@careerplatform.com,"New York, US",4,2024-01-15 09:00:00
993,Male Employee 1397,emp1397@careerplatform.com,"San Francisco, US",13,2024-01-15 09:00:00
994,Male Employee 1399,emp1399@careerplatform.com,"New York, US",6,2024-01-15 09:00:00
995,Female Employee 1401,emp1401@careerplatform.com,"San Francisco, US",24,2024-01-15 09:00:00
996,Female Employee 1402,emp1402@careerplatform.com,"San Francisco, US",20,2024-01-15 09:00:00
997,Female Employee 1403,emp1403@careerplatform.com,"New York, US",6,2024-01-15 09:00:00
998,Female Employee 1405,emp1405@careerplatform.com,"San Francisco, US",8,2024-01-15 09:00:00
999,Male Employee 1407,emp1407@careerplatform.com,"San Francisco, US",5,2024-01-15 09:00:00
1000,Female Employee 1408,emp1408@careerplatform.com,"Chicago, US",21,2024-01-15 09:00:00
1001,Female Employee 1409,emp1409@careerplatform.com,"San Francisco, US",12,2024-01-15 09:00:00
1002,Female Employee 1411,emp1411@careerplatform.com,"San Francisco, US",8,2024-01-15 09:00:00
1003,Male Employee 1412,emp1412@careerplatform.com,"San Francisco, US",10,2024-01-15 09:00:00
1004,Male Employee 1415,emp1415@careerplatform.com,"San Francisco, US",7,2024-01-15 09:00:00
1005,Male Employee 1417,emp1417@careerplatform.com,"San Francisco, US",8,2024-01-15 09:00:00
1006,Male Employee 1419,emp1419@careerplatform.com,"Chicago, US",10,2024-01-15 09:00:00
1007,Male Employee 1420,emp1420@careerplatform.com,"San Francisco, US",20,2024-01-15 09:00:00
1008,Female Employee 1421,emp1421@careerplatform.com,"San Francisco, US",9,2024-01-15 09:00:00
1009,Female Employee 1422,emp1422@careerplatform.com,"San Francisco, US",29,2024-01-15 09:00:00
1010,Female Employee 1423,emp1423@careerplatform.com,"San Francisco, US",32,2024-01-15 09:00:00
1011,Male Employee 1424,emp1424@careerplatform.com,"San Francisco, US",31,2024-01-15 09:00:00
1012,Female Employee 1425,emp1425@careerplatform.com,"New York, US",15,2024-01-15 09:00:00
1013,Female Employee 1427,emp1427@careerplatform.com,"New York, US",1,2024-01-15 09:00:00
1014,Female Employee 1428,emp1428@careerplatform.com,"New York, US",8,2024-01-15 09:00:00
1015,Female Employee 1430,emp1430@careerplatform.com,"San Francisco, US",9,2024-01-15 09:00:00
1016,Male Employee 1431,emp1431@careerplatform.com,"San Francisco, US",10,2024-01-15 09:00:00
1017,Female Employee 1433,emp1433@careerplatform.com,"San Francisco, US",1,2024-01-15 09:00:00
1018,Male Employee 1434,emp1434@careerplatform.com,"San Francisco, US",6,2024-01-15 09:00:00
1019,Male Employee 1435,emp1435@careerplatform.com,"San Francisco, US",10,2024-01-15 09:00:00
1020,Female Employee 1436,emp1436@careerplatform.com,"New York, US",11,2024-01-15 09:00:00
1021,Male Employee 1438,emp1438@careerplatform.com,"San Francisco, US",17,2024-01-15 09:00:00
1022,Male Employee 1439,emp1439@careerplatform.com,"New York, US",6,2024-01-15 09:00:00
1023,Male Employee 1440,emp1440@careerplatform.com,"San Francisco, US",7,2024-01-15 09:00:00
1024,Female Employee 1441,emp1441@careerplatform.com,"San Francisco, US",5,2024-01-15 09:00:00
1025,Female Employee 1443,emp1443@careerplatform.com,"San Francisco, US",26,2024-01-15 09:00:00
1026,Female Employee 1445,emp1445@careerplatform.com,"New York, US",5,2024-01-15 09:00:00
1027,Male Employee 1446,emp1446@careerplatform.com,"New York, US",7,2024-01-15 09:00:00
1028,Female Employee 1447,emp1447@careerplatform.com,"San Francisco, US",7,2024-01-15 09:00:00
1029,Male Employee 1448,emp1448@careerplatform.com,"San Francisco, US",7,2024-01-15 09:00:00
1030,Male Employee 1449,emp1449@careerplatform.com,"San Francisco, US",11,2024-01-15 09:00:00
1031,Male Employee 1453,emp1453@careerplatform.com,"New York, US",13,2024-01-15 09:00:00
1032,Male Employee 1457,emp1457@careerplatform.com,"New York, US",28,2024-01-15 09:00:00
1033,Female Employee 1458,emp1458@careerplatform.com,"San Francisco, US",11,2024-01-15 09:00:00
1034,Female Employee 1459,emp1459@careerplatform.com,"San Francisco, US",10,2024-01-15 09:00:00
1035,Male Employee 1460,emp1460@careerplatform.com,"San Francisco, US",24,2024-01-15 09:00:00
1036,Female Employee 1461,emp1461@careerplatform.com,"Chicago, US",8,2024-01-15 09:00:00
1037,Male Employee 1464,emp1464@careerplatform.com,"San Francisco, US",7,2024-01-15 09:00:00
1038,Male Employee 1465,emp1465@careerplatform.com,"San Francisco, US",10,2024-01-15 09:00:00
1039,Male Employee 1466,emp1466@careerplatform.com,"New York, US",15,2024-01-15 09:00:00
1040,Female Employee 1467,emp1467@careerplatform.com,"Chicago, US",2,2024-01-15 09:00:00
1041,Male Employee 1468,emp1468@careerplatform.com,"San Francisco, US",16,2024-01-15 09:00:00
1042,Male Employee 1469,emp1469@careerplatform.com,"New York, US",6,2024-01-15 09:00:00
1043,Male Employee 1471,emp1471@careerplatform.com,"San Francisco, US",7,2024-01-15 09:00:00
1044,Male Employee 1472,emp1472@careerplatform.com,"San Francisco, US",35,2024-01-15 09:00:00
1045,Male Employee 1473,emp1473@careerplatform.com,"San Francisco, US",20,2024-01-15 09:00:00
1046,Male Employee 1474,emp1474@careerplatform.com,"San Francisco, US",8,2024-01-15 09:00:00
1047,Male Employee 1475,emp1475@careerplatform.com,"San Francisco, US",6,2024-01-15 09:00:00
1048,Male Employee 1477,emp1477@careerplatform.com,"New York, US",5,2024-01-15 09:00:00
1049,Male Employee 1478,emp1478@careerplatform.com,"New York, US",15,2024-01-15 09:00:00
1050,Male Employee 1479,emp1479@careerplatform.com,"New York, US",4,2024-01-15 09:00:00
1051,Female Employee 1480,emp1480@careerplatform.com,"San Francisco, US",12,2024-01-15 09:00:00
1052,Female Employee 1481,emp1481@careerplatform.com,"New York, US",11,2024-01-15 09:00:00
1053,Male Employee 1482,emp1482@careerplatform.com,"San Francisco, US",1,2024-01-15 09:00:00
1054,Male Employee 1483,emp1483@careerplatform.com,"San Francisco, US",13,2024-01-15 09:00:00
1055,Male Employee 1484,emp1484@careerplatform.com,"San Francisco, US",29,2024-01-15 09:00:00
1056,Male Employee 1485,emp1485@careerplatform.com,"San Francisco, US",16,2024-01-15 09:00:00
1057,Male Employee 1486,emp1486@careerplatform.com,"New York, US",5,2024-01-15 09:00:00
1058,Female Employee 1487,emp1487@careerplatform.com,"New York, US",7,2024-01-15 09:00:00
1059,Female Employee 1489,emp1489@careerplatform.com,"New York, US",16,2024-01-15 09:00:00
1060,Male Employee 1492,emp1492@careerplatform.com,"New York, US",1,2024-01-15 09:00:00
1061,Male Employee 1494,emp1494@careerplatform.com,"San Francisco, US",4,2024-01-15 09:00:00
1062,Female Employee 1495,emp1495@careerplatform.com,"New York, US",1,2024-01-15 09:00:00
1063,Male Employee 1496,emp1496@careerplatform.com,"San Francisco, US",16,2024-01-15 09:00:00
1064,Male Employee 1497,emp1497@careerplatform.com,"New York, US",10,2024-01-15 09:00:00
1065,Male Employee 1499,emp1499@careerplatform.com,"Chicago, US",6,2024-01-15 09:00:00
1066,Male Employee 1501,emp1501@careerplatform.com,"San Francisco, US",4,2024-01-15 09:00:00
1067,Female Employee 1502,emp1502@careerplatform.com,"San Francisco, US",8,2024-01-15 09:00:00
1068,Female Employee 1503,emp1503@careerplatform.com,"New York, US",11,2024-01-15 09:00:00
1069,Male Employee 1504,emp1504@careerplatform.com,"San Francisco, US",8,2024-01-15 09:00:00
1070,Male Employee 1506,emp1506@careerplatform.com,"San Francisco, US",1,2024-01-15 09:00:00
1071,Male Employee 1507,emp1507@careerplatform.com,"New York, US",5,2024-01-15 09:00:00
1072,Female Employee 1509,emp1509@careerplatform.com,"San Francisco, US",10,2024-01-15 09:00:00
1073,Female Employee 1513,emp1513@careerplatform.com,"San Francisco, US",4,2024-01-15 09:00:00
1074,Male Employee 1514,emp1514@careerplatform.com,"San Francisco, US",8,2024-01-15 09:00:00
1075,Male Employee 1515,emp1515@careerplatform.com,"San Francisco, US",14,2024-01-15 09:00:00
1076,Male Employee 1516,emp1516@careerplatform.com,"San Francisco, US",10,2024-01-15 09:00:00
1077,Female Employee 1520,emp1520@careerplatform.com,"San Francisco, US",26,2024-01-15 09:00:00
1078,Male Employee 1522,emp1522@careerplatform.com,"San Francisco, US",11,2024-01-15 09:00:00
1079,Male Employee 1523,emp1523@careerplatform.com,"San Francisco, US",24,2024-01-15 09:00:00
1080,Female Employee 1525,emp1525@careerplatform.com,"San Francisco, US",9,2024-01-15 09:00:00
1081,Female Employee 1527,emp1527@careerplatform.com,"New York, US",23,2024-01-15 09:00:00
1082,Female Employee 1529,emp1529@careerplatform.com,"San Francisco, US",11,2024-01-15 09:00:00
1083,Male Employee 1533,emp1533@careerplatform.com,"San Francisco, US",5,2024-01-15 09:00:00
1084,Male Employee 1534,emp1534@careerplatform.com,"San Francisco, US",15,2024-01-15 09:00:00
1085,Male Employee 1535,emp1535@careerplatform.com,"New York, US",10,2024-01-15 09:00:00
1086,Female Employee 1537,emp1537@careerplatform.com,"San Francisco, US",7,2024-01-15 09:00:00
1087,Male Employee 1539,emp1539@careerplatform.com,"San Francisco, US",32,2024-01-15 09:00:00
1088,Male Employee 1541,emp1541@careerplatform.com,"New York, US",12,2024-01-15 09:00:00
1089,Male Employee 1542,emp1542@careerplatform.com,"San Francisco, US",4,2024-01-15 09:00:00
1090,Male Employee 1543,emp1543@careerplatform.com,"San Francisco, US",10,2024-01-15 09:00:00
1091,Female Employee 1544,emp1544@careerplatform.com,"San Francisco, US",9,2024-01-15 09:00:00
1092,Male Employee 1545,emp1545@careerplatform.com,"San Francisco, US",5,2024-01-15 09:00:00
1093,Male Employee 1546,emp1546@careerplatform.com,"San Francisco, US",8,2024-01-15 09:00:00
1094,Male Employee 1547,emp1547@careerplatform.com,"San Francisco, US",24,2024-01-15 09:00:00
1095,Male Employee 1548,emp1548@careerplatform.com,"New York, US",9,2024-01-15 09:00:00
1096,Male Employee 1549,emp1549@careerplatform.com,"San Francisco, US",15,2024-01-15 09:00:00
1097,Male Employee 1550,emp1550@careerplatform.com,"Chicago, US",21,2024-01-15 09:00:00
1098,Male Employee 1551,emp1551@careerplatform.com,"San Francisco, US",2,2024-01-15 09:00:00
1099,Male Employee 1552,emp1552@careerplatform.com,"San Francisco, US",8,2024-01-15 09:00:00
1100,Male Employee 1553,emp1553@careerplatform.com,"San Francisco, US",10,2024-01-15 09:00:00
1101,Female Employee 1554,emp1554@careerplatform.com,"New York, US",6,2024-01-15 09:00:00
1102,Female Employee 1555,emp1555@careerplatform.com,"San Francisco, US",12,2024-01-15 09:00:00
1103,Male Employee 1556,emp1556@careerplatform.com,"New York, US",7,2024-01-15 09:00:00
1104,Female Employee 1557,emp1557@careerplatform.com,"New York, US",18,2024-01-15 09:00:00
1105,Male Employee 1558,emp1558@careerplatform.com,"San Francisco, US",5,2024-01-15 09:00:00
1106,Male Employee 1560,emp1560@careerplatform.com,"New York, US",8,2024-01-15 09:00:00
1107,Male Employee 1562,emp1562@careerplatform.com,"New York, US",10,2024-01-15 09:00:00
1108,Male Employee 1563,emp1563@careerplatform.com,"Chicago, US",10,2024-01-15 09:00:00
1109,Male Employee 1564,emp1564@careerplatform.com,"San Francisco, US",3,2024-01-15 09:00:00
1110,Male Employee 1568,emp1568@careerplatform.com,"New York, US",9,2024-01-15 09:00:00
1111,Female Employee 1569,emp1569@careerplatform.com,"San Francisco, US",1,2024-01-15 09:00:00
1112,Female Employee 1572,emp1572@careerplatform.com,"San Francisco, US",34,2024-01-15 09:00:00
1113,Male Employee 1573,emp1573@careerplatform.com,"San Francisco, US",7,2024-01-15 09:00:00
1114,Male Employee 1574,emp1574@careerplatform.com,"San Francisco, US",9,2024-01-15 09:00:00
1115,Female Employee 1576,emp1576@careerplatform.com,"San Francisco, US",10,2024-01-15 09:00:00
1116,Male Employee 1577,emp1577@careerplatform.com,"San Francisco, US",1,2024-01-15 09:00:00
1117,Male Employee 1578,emp1578@careerplatform.com,"New York, US",36,2024-01-15 09:00:00
1118,Male Employee 1580,emp1580@careerplatform.com,"San Francisco, US",9,2024-01-15 09:00:00
1119,Female Employee 1581,emp1581@careerplatform.com,"San Francisco, US",1,2024-01-15 09:00:00
1120,Male Employee 1582,emp1582@careerplatform.com,"New York, US",10,2024-01-15 09:00:00
1121,Female Employee 1583,emp1583@careerplatform.com,"New York, US",8,2024-01-15 09:00:00
1122,Female Employee 1585,emp1585@careerplatform.com,"New York, US",15,2024-01-15 09:00:00
1123,Male Employee 1586,emp1586@careerplatform.com,"San Francisco, US",10,2024-01-15 09:00:00
1124,Female Employee 1587,emp1587@careerplatform.com,"San Francisco, US",10,2024-01-15 09:00:00
1125,Male Employee 1588,emp1588@careerplatform.com,"New York, US",11,2024-01-15 09:00:00
1126,Male Employee 1590,emp1590@careerplatform.com,"San Francisco, US",6,2024-01-15 09:00:00
1127,Male Employee 1591,emp1591@careerplatform.com,"New York, US",27,2024-01-15 09:00:00
1128,Male Employee 1592,emp1592@careerplatform.com,"San Francisco, US",4,2024-01-15 09:00:00
1129,Male Employee 1594,emp1594@careerplatform.com,"San Francisco, US",9,2024-01-15 09:00:00
1130,Male Employee 1595,emp1595@careerplatform.com,"San Francisco, US",24,2024-01-15 09:00:00
1131,Male Employee 1596,emp1596@careerplatform.com,"San Francisco, US",10,2024-01-15 09:00:00
1132,Male Employee 1597,emp1597@careerplatform.com,"San Francisco, US",8,2024-01-15 09:00:00
1133,Female Employee 1598,emp1598@careerplatform.com,"New York, US",5,2024-01-15 09:00:00
1134,Male Employee 1599,emp1599@careerplatform.com,"San Francisco, US",8,2024-01-15 09:00:00
1135,Male Employee 1601,emp1601@careerplatform.com,"San Francisco, US",1,2024-01-15 09:00:00
1136,Male Employee 1602,emp1602@careerplatform.com,"New York, US",27,2024-01-15 09:00:00
1137,Male Employee 1604,emp1604@careerplatform.com,"San Francisco, US",1,2024-01-15 09:00:00
1138,Female Employee 1605,emp1605@careerplatform.com,"San Francisco, US",4,2024-01-15 09:00:00
1139,Male Employee 1606,emp1606@careerplatform.com,"San Francisco, US",32,2024-01-15 09:00:00
1140,Female Employee 1607,emp1607@careerplatform.com,"San Francisco, US",6,2024-01-15 09:00:00
1141,Female Employee 1608,emp1608@careerplatform.com,"San Francisco, US",23,2024-01-15 09:00:00
1142,Male Employee 1609,emp1609@careerplatform.com,"San Francisco, US",6,2024-01-15 09:00:00
1143,Female Employee 1611,emp1611@careerplatform.com,"San Francisco, US",10,2024-01-15 09:00:00
1144,Male Employee 1612,emp1612@careerplatform.com,"New York, US",10,2024-01-15 09:00:00
1145,Male Employee 1613,emp1613@careerplatform.com,"New York, US",10,2024-01-15 09:00:00
1146,Female Employee 1614,emp1614@careerplatform.com,"San Francisco, US",7,2024-01-15 09:00:00
1147,Male Employee 1615,emp1615@careerplatform.com,"San Francisco, US",9,2024-01-15 09:00:00
1148,Female Employee 1617,emp1617@careerplatform.com,"San Francisco, US",10,2024-01-15 09:00:00
1149,Male Employee 1618,emp1618@careerplatform.com,"San Francisco, US",10,2024-01-15 09:00:00
1150,Male Employee 1619,emp1619@careerplatform.com,"San Francisco, US",7,2024-01-15 09:00:00
1151,Male Employee 1621,emp1621@careerplatform.com,"San Francisco, US",16,2024-01-15 09:00:00
1152,Female Employee 1622,emp1622@careerplatform.com,"San Francisco, US",6,2024-01-15 09:00:00
1153,Male Employee 1623,emp1623@careerplatform.com,"San Francisco, US",3,2024-01-15 09:00:00
1154,Female Employee 1624,emp1624@careerplatform.com,"New York, US",0,2024-01-15 09:00:00
1155,Female Employee 1625,emp1625@careerplatform.com,"Chicago, US",27,2024-01-15 09:00:00
1156,Male Employee 1627,emp1627@careerplatform.com,"San Francisco, US",11,2024-01-15 09:00:00
1157,Female Employee 1628,emp1628@careerplatform.com,"San Francisco, US",18,2024-01-15 09:00:00
1158,Female Employee 1630,emp1630@careerplatform.com,"San Francisco, US",15,2024-01-15 09:00:00
1159,Male Employee 1631,emp1631@careerplatform.com,"San Francisco, US",9,2024-01-15 09:00:00
1160,Female Employee 1633,emp1633@careerplatform.com,"San Francisco, US",10,2024-01-15 09:00:00
1161,Female Employee 1635,emp1635@careerplatform.com,"San Francisco, US",10,2024-01-15 09:00:00
1162,Female Employee 1638,emp1638@careerplatform.com,"San Francisco, US",10,2024-01-15 09:00:00
1163,Male Employee 1639,emp1639@careerplatform.com,"New York, US",15,2024-01-15 09:00:00
1164,Female Employee 1640,emp1640@careerplatform.com,"San Francisco, US",8,2024-01-15 09:00:00
1165,Female Employee 1641,emp1641@careerplatform.com,"San Francisco, US",18,2024-01-15 09:00:00
1166,Male Employee 1642,emp1642@careerplatform.com,"Chicago, US",14,2024-01-15 09:00:00
1167,Male Employee 1644,emp1644@careerplatform.com,"San Francisco, US",23,2024-01-15 09:00:00
1168,Male Employee 1645,emp1645@careerplatform.com,"New York, US",7,2024-01-15 09:00:00
1169,Female Employee 1646,emp1646@careerplatform.com,"San Francisco, US",6,2024-01-15 09:00:00
1170,Female Employee 1647,emp1647@careerplatform.com,"San Francisco, US",5,2024-01-15 09:00:00
1171,Male Employee 1648,emp1648@careerplatform.com,"San Francisco, US",6,2024-01-15 09:00:00
1172,Male Employee 1649,emp1649@careerplatform.com,"San Francisco, US",10,2024-01-15 09:00:00
1173,Male Employee 1650,emp1650@careerplatform.com,"New York, US",8,2024-01-15 09:00:00
1174,Female Employee 1651,emp1651@careerplatform.com,"San Francisco, US",9,2024-01-15 09:00:00
1175,Male Employee 1653,emp1653@careerplatform.com,"San Francisco, US",7,2024-01-15 09:00:00
1176,Male Employee 1654,emp1654@careerplatform.com,"San Francisco, US",7,2024-01-15 09:00:00
1177,Female Employee 1655,emp1655@careerplatform.com,"San Francisco, US",27,2024-01-15 09:00:00
1178,Female Employee 1656,emp1656@careerplatform.com,"San Francisco, US",19,2024-01-15 09:00:00
1179,Female Employee 1657,emp1657@careerplatform.com,"New York, US",2,2024-01-15 09:00:00
1180,Female Employee 1658,emp1658@careerplatform.com,"San Francisco, US",11,2024-01-15 09:00:00
1181,Male Employee 1659,emp1659@careerplatform.com,"San Francisco, US",15,2024-01-15 09:00:00
1182,Female Employee 1661,emp1661@careerplatform.com,"San Francisco, US",30,2024-01-15 09:00:00
1183,Female Employee 1662,emp1662@careerplatform.com,"San Francisco, US",4,2024-01-15 09:00:00
1184,Male Employee 1664,emp1664@careerplatform.com,"San Francisco, US",13,2024-01-15 09:00:00
1185,Female Employee 1665,emp1665@careerplatform.com,"San Francisco, US",36,2024-01-15 09:00:00
1186,Male Employee 1666,emp1666@careerplatform.com,"San Francisco, US",14,2024-01-15 09:00:00
1187,Male Employee 1667,emp1667@careerplatform.com,"New York, US",13,2024-01-15 09:00:00
1188,Male Employee 1668,emp1668@careerplatform.com,"San Francisco, US",19,2024-01-15 09:00:00
1189,Male Employee 1669,emp1669@careerplatform.com,"New York, US",10,2024-01-15 09:00:00
1190,Male Employee 1670,emp1670@careerplatform.com,"New York, US",6,2024-01-15 09:00:00
1191,Male Employee 1671,emp1671@careerplatform.com,"San Francisco, US",10,2024-01-15 09:00:00
1192,Female Employee 1673,emp1673@careerplatform.com,"New York, US",10,2024-01-15 09:00:00
1193,Female Employee 1674,emp1674@careerplatform.com,"San Francisco, US",17,2024-01-15 09:00:00
1194,Female Employee 1675,emp1675@careerplatform.com,"San Francisco, US",4,2024-01-15 09:00:00
1195,Female Employee 1676,emp1676@careerplatform.com,"New York, US",29,2024-01-15 09:00:00
1196,Male Employee 1677,emp1677@careerplatform.com,"San Francisco, US",23,2024-01-15 09:00:00
1197,Male Employee 1678,emp1678@careerplatform.com,"New York, US",21,2024-01-15 09:00:00
1198,Male Employee 1680,emp1680@careerplatform.com,"New York, US",2,2024-01-15 09:00:00
1199,Female Employee 1681,emp1681@careerplatform.com,"New York, US",7,2024-01-15 09:00:00
1200,Male Employee 1682,emp1682@careerplatform.com,"San Francisco, US",10,2024-01-15 09:00:00
1201,Female Employee 1683,emp1683@careerplatform.com,"Chicago, US",8,2024-01-15 09:00:00
1202,Male Employee 1684,emp1684@careerplatform.com,"San Francisco, US",5,2024-01-15 09:00:00
1203,Female Employee 1687,emp1687@careerplatform.com,"San Francisco, US",7,2024-01-15 09:00:00
1204,Male Employee 1689,emp1689@careerplatform.com,"San Francisco, US",11,2024-01-15 09:00:00
1205,Female Employee 1691,emp1691@careerplatform.com,"New York, US",19,2024-01-15 09:00:00
1206,Male Employee 1692,emp1692@careerplatform.com,"San Francisco, US",1,2024-01-15 09:00:00
1207,Male Employee 1693,emp1693@careerplatform.com,"San Francisco, US",7,2024-01-15 09:00:00
1208,Male Employee 1694,emp1694@careerplatform.com,"San Francisco, US",8,2024-01-15 09:00:00
1209,Male Employee 1696,emp1696@careerplatform.com,"San Francisco, US",15,2024-01-15 09:00:00
1210,Male Employee 1697,emp1697@careerplatform.com,"San Francisco, US",19,2024-01-15 09:00:00
1211,Male Employee 1698,emp1698@careerplatform.com,"San Francisco, US",14,2024-01-15 09:00:00
1212,Male Employee 1700,emp1700@careerplatform.com,"New York, US",6,2024-01-15 09:00:00
1213,Female Employee 1701,emp1701@careerplatform.com,"San Francisco, US",10,2024-01-15 09:00:00
1214,Male Employee 1702,emp1702@careerplatform.com,"New York, US",3,2024-01-15 09:00:00
1215,Female Employee 1703,emp1703@careerplatform.com,"San Francisco, US",9,2024-01-15 09:00:00
1216,Male Employee 1704,emp1704@careerplatform.com,"San Francisco, US",6,2024-01-15 09:00:00
1217,Male Employee 1706,emp1706@careerplatform.com,"New York, US",10,2024-01-15 09:00:00
1218,Male Employee 1707,emp1707@careerplatform.com,"San Francisco, US",5,2024-01-15 09:00:00
1219,Male Employee 1708,emp1708@careerplatform.com,"New York, US",10,2024-01-15 09:00:00
1220,Female Employee 1709,emp1709@careerplatform.com,"San Francisco, US",9,2024-01-15 09:00:00
1221,Female Employee 1710,emp1710@careerplatform.com,"New York, US",17,2024-01-15 09:00:00
1222,Male Employee 1712,emp1712@careerplatform.com,"San Francisco, US",25,2024-01-15 09:00:00
1223,Male Employee 1714,emp1714@careerplatform.com,"Chicago, US",1,2024-01-15 09:00:00
1224,Male Employee 1716,emp1716@careerplatform.com,"New York, US",25,2024-01-15 09:00:00
1225,Male Employee 1718,emp1718@careerplatform.com,"San Francisco, US",3,2024-01-15 09:00:00
1226,Female Employee 1719,emp1719@careerplatform.com,"San Francisco, US",21,2024-01-15 09:00:00
1227,Male Employee 1720,emp1720@careerplatform.com,"San Francisco, US",10,2024-01-15 09:00:00
1228,Male Employee 1721,emp1721@careerplatform.com,"San Francisco, US",6,2024-01-15 09:00:00
1229,Male Employee 1722,emp1722@careerplatform.com,"Chicago, US",10,2024-01-15 09:00:00
1230,Female Employee 1724,emp1724@careerplatform.com,"San Francisco, US",18,2024-01-15 09:00:00
1231,Male Employee 1725,emp1725@careerplatform.com,"San Francisco, US",6,2024-01-15 09:00:00
1232,Male Employee 1727,emp1727@careerplatform.com,"San Francisco, US",19,2024-01-15 09:00:00
1233,Male Employee 1728,emp1728@careerplatform.com,"San Francisco, US",17,2024-01-15 09:00:00
1234,Male Employee 1729,emp1729@careerplatform.com,"San Francisco, US",10,2024-01-15 09:00:00
1235,Male Employee 1731,emp1731@careerplatform.com,"New York, US",4,2024-01-15 09:00:00
1236,Male Employee 1732,emp1732@careerplatform.com,"New York, US",13,2024-01-15 09:00:00
1237,Male Employee 1733,emp1733@careerplatform.com,"New York, US",16,2024-01-15 09:00:00
1238,Male Employee 1734,emp1734@careerplatform.com,"New York, US",10,2024-01-15 09:00:00
1239,Female Employee 1735,emp1735@careerplatform.com,"San Francisco, US",3,2024-01-15 09:00:00
1240,Female Employee 1736,emp1736@careerplatform.com,"San Francisco, US",9,2024-01-15 09:00:00
1241,Male Employee 1737,emp1737@careerplatform.com,"San Francisco, US",9,2024-01-15 09:00:00
1242,Male Employee 1739,emp1739@careerplatform.com,"New York, US",10,2024-01-15 09:00:00
1243,Male Employee 1740,emp1740@careerplatform.com,"New York, US",21,2024-01-15 09:00:00
1244,Female Employee 1744,emp1744@careerplatform.com,"Chicago, US",9,2024-01-15 09:00:00
1245,Female Employee 1745,emp1745@careerplatform.com,"San Francisco, US",10,2024-01-15 09:00:00
1246,Male Employee 1746,emp1746@careerplatform.com,"Chicago, US",3,2024-01-15 09:00:00
1247,Female Employee 1747,emp1747@careerplatform.com,"Chicago, US",6,2024-01-15 09:00:00
1248,Male Employee 1749,emp1749@careerplatform.com,"New York, US",6,2024-01-15 09:00:00
1249,Female Employee 1751,emp1751@careerplatform.com,"San Francisco, US",6,2024-01-15 09:00:00
1250,Female Employee 1752,emp1752@careerplatform.com,"New York, US",2,2024-01-15 09:00:00
1251,Male Employee 1753,emp1753@careerplatform.com,"San Francisco, US",10,2024-01-15 09:00:00
1252,Male Employee 1754,emp1754@careerplatform.com,"New York, US",12,2024-01-15 09:00:00
1253,Male Employee 1755,emp1755@careerplatform.com,"San Francisco, US",6,2024-01-15 09:00:00
1254,Female Employee 1756,emp1756@careerplatform.com,"New York, US",13,2024-01-15 09:00:00
1255,Female Employee 1757,emp1757@careerplatform.com,"New York, US",8,2024-01-15 09:00:00
1256,Female Employee 1758,emp1758@careerplatform.com,"New York, US",11,2024-01-15 09:00:00
1257,Female Employee 1760,emp1760@careerplatform.com,"San Francisco, US",9,2024-01-15 09:00:00
1258,Male Employee 1761,emp1761@careerplatform.com,"New York, US",10,2024-01-15 09:00:00
1259,Female Employee 1762,emp1762@careerplatform.com,"San Francisco, US",1,2024-01-15 09:00:00
1260,Male Employee 1763,emp1763@careerplatform.com,"San Francisco, US",10,2024-01-15 09:00:00
1261,Male Employee 1764,emp1764@careerplatform.com,"San Francisco, US",12,2024-01-15 09:00:00
1262,Male Employee 1766,emp1766@careerplatform.com,"San Francisco, US",15,2024-01-15 09:00:00
1263,Male Employee 1767,emp1767@careerplatform.com,"San Francisco, US",6,2024-01-15 09:00:00
1264,Male Employee 1768,emp1768@careerplatform.com,"San Francisco, US",7,2024-01-15 09:00:00
1265,Male Employee 1770,emp1770@careerplatform.com,"San Francisco, US",34,2024-01-15 09:00:00
1266,Male Employee 1771,emp1771@careerplatform.com,"San Francisco, US",11,2024-01-15 09:00:00
1267,Male Employee 1772,emp1772@careerplatform.com,"San Francisco, US",5,2024-01-15 09:00:00
1268,Male Employee 1774,emp1774@careerplatform.com,"New York, US",15,2024-01-15 09:00:00
1269,Female Employee 1775,emp1775@careerplatform.com,"San Francisco, US",27,2024-01-15 09:00:00
1270,Male Employee 1778,emp1778@careerplatform.com,"Chicago, US",10,2024-01-15 09:00:00
1271,Female Employee 1779,emp1779@careerplatform.com,"New York, US",6,2024-01-15 09:00:00
1272,Male Employee 1780,emp1780@careerplatform.com,"New York, US",1,2024-01-15 09:00:00
1273,Female Employee 1782,emp1782@careerplatform.com,"San Francisco, US",5,2024-01-15 09:00:00
1274,Female Employee 1783,emp1783@careerplatform.com,"San Francisco, US",1,2024-01-15 09:00:00
1275,Female Employee 1784,emp1784@careerplatform.com,"New York, US",13,2024-01-15 09:00:00
1276,Female Employee 1786,emp1786@careerplatform.com,"San Francisco, US",15,2024-01-15 09:00:00
1277,Male Employee 1787,emp1787@careerplatform.com,"New York, US",5,2024-01-15 09:00:00
1278,Male Employee 1789,emp1789@careerplatform.com,"San Francisco, US",24,2024-01-15 09:00:00
1279,Male Employee 1790,emp1790@careerplatform.com,"San Francisco, US",15,2024-01-15 09:00:00
1280,Male Employee 1792,emp1792@careerplatform.com,"San Francisco, US",6,2024-01-15 09:00:00
1281,Male Employee 1794,emp1794@careerplatform.com,"Chicago, US",19,2024-01-15 09:00:00
1282,Male Employee 1797,emp1797@careerplatform.com,"New York, US",10,2024-01-15 09:00:00
1283,Male Employee 1798,emp1798@careerplatform.com,"San Francisco, US",14,2024-01-15 09:00:00
1284,Male Employee 1799,emp1799@careerplatform.com,"San Francisco, US",5,2024-01-15 09:00:00
1285,Male Employee 1800,emp1800@careerplatform.com,"San Francisco, US",9,2024-01-15 09:00:00
1286,Male Employee 1801,emp1801@careerplatform.com,"New York, US",6,2024-01-15 09:00:00
1287,Female Employee 1802,emp1802@careerplatform.com,"San Francisco, US",7,2024-01-15 09:00:00
1288,Male Employee 1803,emp1803@careerplatform.com,"San Francisco, US",10,2024-01-15 09:00:00
1289,Male Employee 1804,emp1804@careerplatform.com,"San Francisco, US",15,2024-01-15 09:00:00
1290,Male Employee 1805,emp1805@careerplatform.com,"Chicago, US",13,2024-01-15 09:00:00
1291,Male Employee 1807,emp1807@careerplatform.com,"San Francisco, US",11,2024-01-15 09:00:00
1292,Male Employee 1809,emp1809@careerplatform.com,"San Francisco, US",10,2024-01-15 09:00:00
1293,Male Employee 1812,emp1812@careerplatform.com,"New York, US",7,2024-01-15 09:00:00
1294,Male Employee 1813,emp1813@careerplatform.com,"San Francisco, US",7,2024-01-15 09:00:00
1295,Male Employee 1814,emp1814@careerplatform.com,"San Francisco, US",11,2024-01-15 09:00:00
1296,Female Employee 1815,emp1815@careerplatform.com,"New York, US",23,2024-01-15 09:00:00
1297,Female Employee 1816,emp1816@careerplatform.com,"San Francisco, US",9,2024-01-15 09:00:00
1298,Female Employee 1818,emp1818@careerplatform.com,"Chicago, US",6,2024-01-15 09:00:00
1299,Female Employee 1821,emp1821@careerplatform.com,"San Francisco, US",13,2024-01-15 09:00:00
1300,Female Employee 1822,emp1822@careerplatform.com,"San Francisco, US",12,2024-01-15 09:00:00
1301,Male Employee 1823,emp1823@careerplatform.com,"New York, US",10,2024-01-15 09:00:00
1302,Male Employee 1824,emp1824@careerplatform.com,"New York, US",37,2024-01-15 09:00:00
1303,Male Employee 1826,emp1826@careerplatform.com,"San Francisco, US",6,2024-01-15 09:00:00
1304,Female Employee 1827,emp1827@careerplatform.com,"San Francisco, US",28,2024-01-15 09:00:00
1305,Female Employee 1829,emp1829@careerplatform.com,"San Francisco, US",15,2024-01-15 09:00:00
1306,Female Employee 1830,emp1830@careerplatform.com,"San Francisco, US",14,2024-01-15 09:00:00
1307,Female Employee 1833,emp1833@careerplatform.com,"New York, US",9,2024-01-15 09:00:00
1308,Female Employee 1834,emp1834@careerplatform.com,"San Francisco, US",3,2024-01-15 09:00:00
1309,Female Employee 1835,emp1835@careerplatform.com,"New York, US",20,2024-01-15 09:00:00
1310,Male Employee 1836,emp1836@careerplatform.com,"New York, US",5,2024-01-15 09:00:00
1311,Male Employee 1837,emp1837@careerplatform.com,"San Francisco, US",23,2024-01-15 09:00:00
1312,Female Employee 1839,emp1839@careerplatform.com,"San Francisco, US",0,2024-01-15 09:00:00
1313,Male Employee 1842,emp1842@careerplatform.com,"Chicago, US",2,2024-01-15 09:00:00
1314,Male Employee 1844,emp1844@careerplatform.com,"Chicago, US",4,2024-01-15 09:00:00
1315,Female Employee 1845,emp1845@careerplatform.com,"New York, US",10,2024-01-15 09:00:00
1316,Female Employee 1847,emp1847@careerplatform.com,"San Francisco, US",15,2024-01-15 09:00:00
1317,Male Employee 1849,emp1849@careerplatform.com,"New York, US",7,2024-01-15 09:00:00
1318,Female Employee 1850,emp1850@careerplatform.com,"San Francisco, US",6,2024-01-15 09:00:00
1319,Male Employee 1852,emp1852@careerplatform.com,"San Francisco, US",11,2024-01-15 09:00:00
1320,Male Employee 1853,emp1853@careerplatform.com,"New York, US",4,2024-01-15 09:00:00
1321,Male Employee 1854,emp1854@careerplatform.com,"San Francisco, US",10,2024-01-15 09:00:00
1322,Female Employee 1856,emp1856@careerplatform.com,"San Francisco, US",7,2024-01-15 09:00:00
1323,Male Employee 1857,emp1857@careerplatform.com,"San Francisco, US",12,2024-01-15 09:00:00
1324,Male Employee 1858,emp1858@careerplatform.com,"Chicago, US",3,2024-01-15 09:00:00
1325,Male Employee 1859,emp1859@careerplatform.com,"San Francisco, US",11,2024-01-15 09:00:00
1326,Male Employee 1860,emp1860@careerplatform.com,"San Francisco, US",8,2024-01-15 09:00:00
1327,Male Employee 1862,emp1862@careerplatform.com,"New York, US",7,2024-01-15 09:00:00
1328,Female Employee 1863,emp1863@careerplatform.com,"New York, US",25,2024-01-15 09:00:00
1329,Female Employee 1864,emp1864@careerplatform.com,"New York, US",9,2024-01-15 09:00:00
1330,Male Employee 1865,emp1865@careerplatform.com,"Chicago, US",1,2024-01-15 09:00:00
1331,Female Employee 1866,emp1866@careerplatform.com,"San Francisco, US",21,2024-01-15 09:00:00
1332,Male Employee 1867,emp1867@careerplatform.com,"San Francisco, US",29,2024-01-15 09:00:00
1333,Male Employee 1868,emp1868@careerplatform.com,"San Francisco, US",1,2024-01-15 09:00:00
1334,Female Employee 1869,emp1869@careerplatform.com,"New York, US",14,2024-01-15 09:00:00
1335,Female Employee 1870,emp1870@careerplatform.com,"San Francisco, US",8,2024-01-15 09:00:00
1336,Male Employee 1871,emp1871@careerplatform.com,"San Francisco, US",7,2024-01-15 09:00:00
1337,Male Employee 1873,emp1873@careerplatform.com,"San Francisco, US",19,2024-01-15 09:00:00
1338,Female Employee 1875,emp1875@careerplatform.com,"New York, US",1,2024-01-15 09:00:00
1339,Male Employee 1876,emp1876@careerplatform.com,"New York, US",1,2024-01-15 09:00:00
1340,Male Employee 1878,emp1878@careerplatform.com,"San Francisco, US",1,2024-01-15 09:00:00
1341,Female Employee 1880,emp1880@careerplatform.com,"New York, US",10,2024-01-15 09:00:00
1342,Male Employee 1881,emp1881@careerplatform.com,"San Francisco, US",10,2024-01-15 09:00:00
1343,Male Employee 1882,emp1882@careerplatform.com,"New York, US",9,2024-01-15 09:00:00
1344,Male Employee 1883,emp1883@careerplatform.com,"San Francisco, US",11,2024-01-15 09:00:00
1345,Male Employee 1885,emp1885@careerplatform.com,"San Francisco, US",16,2024-01-15 09:00:00
1346,Female Employee 1886,emp1886@careerplatform.com,"San Francisco, US",4,2024-01-15 09:00:00
1347,Female Employee 1888,emp1888@careerplatform.com,"San Francisco, US",10,2024-01-15 09:00:00
1348,Male Employee 1890,emp1890@careerplatform.com,"Chicago, US",10,2024-01-15 09:00:00
1349,Male Employee 1892,emp1892@careerplatform.com,"San Francisco, US",22,2024-01-15 09:00:00
1350,Female Employee 1893,emp1893@careerplatform.com,"San Francisco, US",1,2024-01-15 09:00:00
1351,Female Employee 1898,emp1898@careerplatform.com,"New York, US",9,2024-01-15 09:00:00
1352,Female Employee 1900,emp1900@careerplatform.com,"San Francisco, US",24,2024-01-15 09:00:00
1353,Male Employee 1903,emp1903@careerplatform.com,"San Francisco, US",10,2024-01-15 09:00:00
1354,Male Employee 1905,emp1905@careerplatform.com,"San Francisco, US",5,2024-01-15 09:00:00
1355,Male Employee 1907,emp1907@careerplatform.com,"San Francisco, US",5,2024-01-15 09:00:00
1356,Male Employee 1908,emp1908@careerplatform.com,"New York, US",12,2024-01-15 09:00:00
1357,Female Employee 1909,emp1909@careerplatform.com,"New York, US",14,2024-01-15 09:00:00
1358,Male Employee 1911,emp1911@careerplatform.com,"San Francisco, US",18,2024-01-15 09:00:00
1359,Female Employee 1912,emp1912@careerplatform.com,"New York, US",8,2024-01-15 09:00:00
1360,Female Employee 1915,emp1915@careerplatform.com,"New York, US",9,2024-01-15 09:00:00
1361,Female Employee 1916,emp1916@careerplatform.com,"San Francisco, US",4,2024-01-15 09:00:00
1362,Male Employee 1918,emp1918@careerplatform.com,"San Francisco, US",8,2024-01-15 09:00:00
1363,Male Employee 1922,emp1922@careerplatform.com,"San Francisco, US",12,2024-01-15 09:00:00
1364,Male Employee 1924,emp1924@careerplatform.com,"New York, US",10,2024-01-15 09:00:00
1365,Male Employee 1927,emp1927@careerplatform.com,"New York, US",7,2024-01-15 09:00:00
1366,Male Employee 1928,emp1928@careerplatform.com,"New York, US",1,2024-01-15 09:00:00
1367,Female Employee 1929,emp1929@careerplatform.com,"New York, US",10,2024-01-15 09:00:00
1368,Male Employee 1931,emp1931@careerplatform.com,"San Francisco, US",6,2024-01-15 09:00:00
1369,Male Employee 1932,emp1932@careerplatform.com,"San Francisco, US",16,2024-01-15 09:00:00
1370,Female Employee 1933,emp1933@careerplatform.com,"New York, US",6,2024-01-15 09:00:00
1371,Male Employee 1934,emp1934@careerplatform.com,"San Francisco, US",16,2024-01-15 09:00:00
1372,Female Employee 1935,emp1935@careerplatform.com,"New York, US",6,2024-01-15 09:00:00
1373,Male Employee 1936,emp1936@careerplatform.com,"San Francisco, US",10,2024-01-15 09:00:00
1374,Female Employee 1937,emp1937@careerplatform.com,"San Francisco, US",20,2024-01-15 09:00:00
1375,Female Employee 1938,emp1938@careerplatform.com,"New York, US",29,2024-01-15 09:00:00
1376,Female Employee 1939,emp1939@careerplatform.com,"San Francisco, US",8,2024-01-15 09:00:00
1377,Male Employee 1940,emp1940@careerplatform.com,"San Francisco, US",10,2024-01-15 09:00:00
1378,Male Employee 1941,emp1941@careerplatform.com,"San Francisco, US",28,2024-01-15 09:00:00
1379,Male Employee 1943,emp1943@careerplatform.com,"New York, US",14,2024-01-15 09:00:00
1380,Female Employee 1944,emp1944@careerplatform.com,"Chicago, US",1,2024-01-15 09:00:00
1381,Male Employee 1945,emp1945@careerplatform.com,"New York, US",6,2024-01-15 09:00:00
1382,Male Employee 1947,emp1947@careerplatform.com,"San Francisco, US",5,2024-01-15 09:00:00
1383,Male Employee 1948,emp1948@careerplatform.com,"San Francisco, US",4,2024-01-15 09:00:00
1384,Male Employee 1949,emp1949@careerplatform.com,"San Francisco, US",5,2024-01-15 09:00:00
1385,Male Employee 1950,emp1950@careerplatform.com,"New York, US",14,2024-01-15 09:00:00
1386,Male Employee 1951,emp1951@careerplatform.com,"New York, US",9,2024-01-15 09:00:00
1387,Male Employee 1952,emp1952@careerplatform.com,"San Francisco, US",8,2024-01-15 09:00:00
1388,Male Employee 1954,emp1954@careerplatform.com,"San Francisco, US",6,2024-01-15 09:00:00
1389,Female Employee 1955,emp1955@careerplatform.com,"San Francisco, US",9,2024-01-15 09:00:00
1390,Male Employee 1956,emp1956@careerplatform.com,"San Francisco, US",10,2024-01-15 09:00:00
1391,Male Employee 1960,emp1960@careerplatform.com,"San Francisco, US",6,2024-01-15 09:00:00
1392,Male Employee 1961,emp1961@careerplatform.com,"New York, US",20,2024-01-15 09:00:00
1393,Female Employee 1962,emp1962@careerplatform.com,"New York, US",10,2024-01-15 09:00:00
1394,Male Employee 1965,emp1965@careerplatform.com,"New York, US",7,2024-01-15 09:00:00
1395,Male Employee 1966,emp1966@careerplatform.com,"San Francisco, US",8,2024-01-15 09:00:00
1396,Male Employee 1967,emp1967@careerplatform.com,"New York, US",10,2024-01-15 09:00:00
1397,Male Employee 1968,emp1968@careerplatform.com,"New York, US",15,2024-01-15 09:00:00
1398,Female Employee 1969,emp1969@careerplatform.com,"San Francisco, US",9,2024-01-15 09:00:00
1399,Male Employee 1970,emp1970@careerplatform.com,"San Francisco, US",9,2024-01-15 09:00:00
1400,Male Employee 1971,emp1971@careerplatform.com,"San Francisco, US",10,2024-01-15 09:00:00
1401,Male Employee 1972,emp1972@careerplatform.com,"Chicago, US",7,2024-01-15 09:00:00
1402,Male Employee 1973,emp1973@careerplatform.com,"Chicago, US",35,2024-01-15 09:00:00
1403,Female Employee 1974,emp1974@careerplatform.com,"San Francisco, US",1,2024-01-15 09:00:00
1404,Male Employee 1975,emp1975@careerplatform.com,"New York, US",21,2024-01-15 09:00:00
1405,Male Employee 1976,emp1976@careerplatform.com,"San Francisco, US",20,2024-01-15 09:00:00
1406,Female Employee 1979,emp1979@careerplatform.com,"San Francisco, US",13,2024-01-15 09:00:00
1407,Female Employee 1980,emp1980@careerplatform.com,"San Francisco, US",9,2024-01-15 09:00:00
1408,Male Employee 1981,emp1981@careerplatform.com,"San Francisco, US",4,2024-01-15 09:00:00
1409,Male Employee 1982,emp1982@careerplatform.com,"San Francisco, US",5,2024-01-15 09:00:00
1410,Female Employee 1985,emp1985@careerplatform.com,"San Francisco, US",10,2024-01-15 09:00:00
1411,Female Employee 1986,emp1986@careerplatform.com,"New York, US",15,2024-01-15 09:00:00
1412,Female Employee 1987,emp1987@careerplatform.com,"Chicago, US",6,2024-01-15 09:00:00
1413,Male Employee 1989,emp1989@careerplatform.com,"San Francisco, US",12,2024-01-15 09:00:00
1414,Male Employee 1992,emp1992@careerplatform.com,"San Francisco, US",7,2024-01-15 09:00:00
1415,Male Employee 1993,emp1993@careerplatform.com,"San Francisco, US",25,2024-01-15 09:00:00
1416,Male Employee 1994,emp1994@careerplatform.com,"San Francisco, US",1,2024-01-15 09:00:00
1417,Male Employee 1995,emp1995@careerplatform.com,"New York, US",16,2024-01-15 09:00:00
1418,Male Employee 1996,emp1996@careerplatform.com,"New York, US",3,2024-01-15 09:00:00
1419,Male Employee 1997,emp1997@careerplatform.com,"San Francisco, US",10,2024-01-15 09:00:00
1420,Male Employee 1998,emp1998@careerplatform.com,"San Francisco, US",9,2024-01-15 09:00:00
1421,Male Employee 1999,emp1999@careerplatform.com,"San Francisco, US",12,2024-01-15 09:00:00
1422,Female Employee 2000,emp2000@careerplatform.com,"San Francisco, US",14,2024-01-15 09:00:00
1423,Male Employee 2003,emp2003@careerplatform.com,"San Francisco, US",5,2024-01-15 09:00:00
1424,Male Employee 2007,emp2007@careerplatform.com,"San Francisco, US",4,2024-01-15 09:00:00
1425,Male Employee 2008,emp2008@careerplatform.com,"San Francisco, US",10,2024-01-15 09:00:00
1426,Female Employee 2009,emp2009@careerplatform.com,"San Francisco, US",10,2024-01-15 09:00:00
1427,Female Employee 2010,emp2010@careerplatform.com,"San Francisco, US",6,2024-01-15 09:00:00
1428,Male Employee 2012,emp2012@careerplatform.com,"San Francisco, US",8,2024-01-15 09:00:00
1429,Male Employee 2013,emp2013@careerplatform.com,"New York, US",3,2024-01-15 09:00:00
1430,Male Employee 2014,emp2014@careerplatform.com,"San Francisco, US",18,2024-01-15 09:00:00
1431,Female Employee 2015,emp2015@careerplatform.com,"San Francisco, US",20,2024-01-15 09:00:00
1432,Female Employee 2016,emp2016@careerplatform.com,"New York, US",14,2024-01-15 09:00:00
1433,Female Employee 2017,emp2017@careerplatform.com,"San Francisco, US",16,2024-01-15 09:00:00
1434,Female Employee 2018,emp2018@careerplatform.com,"New York, US",6,2024-01-15 09:00:00
1435,Male Employee 2019,emp2019@careerplatform.com,"New York, US",16,2024-01-15 09:00:00
1436,Male Employee 2020,emp2020@careerplatform.com,"San Francisco, US",6,2024-01-15 09:00:00
1437,Male Employee 2021,emp2021@careerplatform.com,"New York, US",2,2024-01-15 09:00:00
1438,Male Employee 2022,emp2022@careerplatform.com,"San Francisco, US",21,2024-01-15 09:00:00
1439,Male Employee 2023,emp2023@careerplatform.com,"New York, US",1,2024-01-15 09:00:00
1440,Female Employee 2024,emp2024@careerplatform.com,"New York, US",10,2024-01-15 09:00:00
1441,Female Employee 2025,emp2025@careerplatform.com,"San Francisco, US",18,2024-01-15 09:00:00
1442,Male Employee 2026,emp2026@careerplatform.com,"San Francisco, US",13,2024-01-15 09:00:00
1443,Male Employee 2027,emp2027@careerplatform.com,"San Francisco, US",4,2024-01-15 09:00:00
1444,Male Employee 2031,emp2031@careerplatform.com,"San Francisco, US",24,2024-01-15 09:00:00
1445,Male Employee 2032,emp2032@careerplatform.com,"San Francisco, US",14,2024-01-15 09:00:00
1446,Female Employee 2034,emp2034@careerplatform.com,"San Francisco, US",21,2024-01-15 09:00:00
1447,Female Employee 2035,emp2035@careerplatform.com,"New York, US",8,2024-01-15 09:00:00
1448,Male Employee 2036,emp2036@careerplatform.com,"New York, US",15,2024-01-15 09:00:00
1449,Male Employee 2037,emp2037@careerplatform.com,"New York, US",14,2024-01-15 09:00:00
1450,Male Employee 2038,emp2038@careerplatform.com,"San Francisco, US",4,2024-01-15 09:00:00
1451,Female Employee 2040,emp2040@careerplatform.com,"Chicago, US",9,2024-01-15 09:00:00
1452,Female Employee 2041,emp2041@careerplatform.com,"New York, US",10,2024-01-15 09:00:00
1453,Male Employee 2044,emp2044@careerplatform.com,"New York, US",12,2024-01-15 09:00:00
1454,Female Employee 2045,emp2045@careerplatform.com,"New York, US",8,2024-01-15 09:00:00
1455,Female Employee 2046,emp2046@careerplatform.com,"New York, US",8,2024-01-15 09:00:00
1456,Male Employee 2048,emp2048@careerplatform.com,"San Francisco, US",8,2024-01-15 09:00:00
1457,Male Employee 2049,emp2049@careerplatform.com,"San Francisco, US",10,2024-01-15 09:00:00
1458,Female Employee 2051,emp2051@careerplatform.com,"San Francisco, US",20,2024-01-15 09:00:00
1459,Female Employee 2052,emp2052@careerplatform.com,"San Francisco, US",4,2024-01-15 09:00:00
1460,Male Employee 2053,emp2053@careerplatform.com,"San Francisco, US",10,2024-01-15 09:00:00
1461,Female Employee 2054,emp2054@careerplatform.com,"San Francisco, US",5,2024-01-15 09:00:00
1462,Male Employee 2055,emp2055@careerplatform.com,"New York, US",20,2024-01-15 09:00:00
1463,Female Employee 2056,emp2056@careerplatform.com,"New York, US",21,2024-01-15 09:00:00
1464,Male Employee 2057,emp2057@careerplatform.com,"San Francisco, US",10,2024-01-15 09:00:00
1465,Female Employee 2060,emp2060@careerplatform.com,"New York, US",5,2024-01-15 09:00:00
1466,Male Employee 2061,emp2061@careerplatform.com,"San Francisco, US",17,2024-01-15 09:00:00
1467,Male Employee 2062,emp2062@careerplatform.com,"San Francisco, US",9,2024-01-15 09:00:00
1468,Male Employee 2064,emp2064@careerplatform.com,"San Francisco, US",6,2024-01-15 09:00:00
1469,Male Employee 2065,emp2065@careerplatform.com,"New York, US",17,2024-01-15 09:00:00
1470,Male Employee 2068,emp2068@careerplatform.com,"San Francisco, US",6,2024-01-15 09:00:00
